Fri Mar 08 2019 00:00:00 GMT+0700 (Indochina Time),$39458
Sat Mar 09 2019 00:00:00 GMT+0700 (Indochina Time),$39450
Tue Mar 12 2019 00:00:00 GMT+0700 (Indochina Time),$39450
Fri Mar 15 2019 00:00:00 GMT+0700 (Indochina Time),$39450
Mon Mar 18 2019 00:00:00 GMT+0700 (Indochina Time),$39450
Thu Mar 21 2019 00:00:00 GMT+0700 (Indochina Time),$39450
Sun Mar 24 2019 00:00:00 GMT+0700 (Indochina Time),$39450
Wed Mar 27 2019 00:00:00 GMT+0700 (Indochina Time),$39450
Sat Mar 30 2019 00:00:00 GMT+0700 (Indochina Time),$39450
Tue Apr 02 2019 00:00:00 GMT+0700 (Indochina Time),$39450
Sun Apr 07 2019 00:00:00 GMT+0700 (Indochina Time),$39450
Tue Apr 09 2019 00:00:00 GMT+0700 (Indochina Time),$39678
Thu Apr 11 2019 00:00:00 GMT+0700 (Indochina Time),$39678
Sun Apr 14 2019 00:00:00 GMT+0700 (Indochina Time),$39678
Wed Apr 17 2019 00:00:00 GMT+0700 (Indochina Time),$39678
Mon Apr 22 2019 00:00:00 GMT+0700 (Indochina Time),$39678
Tue Apr 23 2019 00:00:00 GMT+0700 (Indochina Time),$39707
Fri Apr 26 2019 00:00:00 GMT+0700 (Indochina Time),$39707
Mon Apr 29 2019 00:00:00 GMT+0700 (Indochina Time),$39707
Thu May 02 2019 00:00:00 GMT+0700 (Indochina Time),$39707
Sun May 05 2019 00:00:00 GMT+0700 (Indochina Time),$39707
Wed May 08 2019 00:00:00 GMT+0700 (Indochina Time),$39707
Sat May 11 2019 00:00:00 GMT+0700 (Indochina Time),$39707
Tue May 14 2019 00:00:00 GMT+0700 (Indochina Time),$39707
Fri May 17 2019 00:00:00 GMT+0700 (Indochina Time),$39707
Mon May 20 2019 00:00:00 GMT+0700 (Indochina Time),$39707
Thu May 23 2019 00:00:00 GMT+0700 (Indochina Time),$39707
Sun May 26 2019 00:00:00 GMT+0700 (Indochina Time),$39707
Wed May 29 2019 00:00:00 GMT+0700 (Indochina Time),$39707
Sat Jun 01 2019 00:00:00 GMT+0700 (Indochina Time),$39707
Tue Jun 04 2019 00:00:00 GMT+0700 (Indochina Time),$39707
Fri Jun 07 2019 00:00:00 GMT+0700 (Indochina Time),$39707
Mon Jun 10 2019 00:00:00 GMT+0700 (Indochina Time),$39707
Thu Jun 13 2019 00:00:00 GMT+0700 (Indochina Time),$39707
Sun Jun 16 2019 00:00:00 GMT+0700 (Indochina Time),$39707
Wed Jun 19 2019 00:00:00 GMT+0700 (Indochina Time),$39707
Sat Jun 22 2019 00:00:00 GMT+0700 (Indochina Time),$39707
Tue Jun 25 2019 00:00:00 GMT+0700 (Indochina Time),$39707
Fri Jun 28 2019 00:00:00 GMT+0700 (Indochina Time),$39707
Mon Jul 01 2019 00:00:00 GMT+0700 (Indochina Time),$39707
Thu Jul 04 2019 00:00:00 GMT+0700 (Indochina Time),$39707
Sun Jul 07 2019 00:00:00 GMT+0700 (Indochina Time),$39707
Wed Jul 10 2019 00:00:00 GMT+0700 (Indochina Time),$39707
Sat Jul 13 2019 00:00:00 GMT+0700 (Indochina Time),$39707
Tue Jul 16 2019 00:00:00 GMT+0700 (Indochina Time),$39707
Fri Jul 19 2019 00:00:00 GMT+0700 (Indochina Time),$39707
Wed Jul 24 2019 00:00:00 GMT+0700 (Indochina Time),$39707
Thu Jul 25 2019 00:00:00 GMT+0700 (Indochina Time),$39694
Sun Jul 28 2019 00:00:00 GMT+0700 (Indochina Time),$39694
Wed Jul 31 2019 00:00:00 GMT+0700 (Indochina Time),$39694
Sat Aug 03 2019 00:00:00 GMT+0700 (Indochina Time),$39694
Tue Aug 06 2019 00:00:00 GMT+0700 (Indochina Time),$39694
Sun Aug 11 2019 00:00:00 GMT+0700 (Indochina Time),$39694
Tue Aug 13 2019 00:00:00 GMT+0700 (Indochina Time),$40195
Thu Aug 15 2019 00:00:00 GMT+0700 (Indochina Time),$40195
Sun Aug 18 2019 00:00:00 GMT+0700 (Indochina Time),$40195
Fri Aug 23 2019 00:00:00 GMT+0700 (Indochina Time),$40195
Sun Aug 25 2019 00:00:00 GMT+0700 (Indochina Time),$40673
Tue Aug 27 2019 00:00:00 GMT+0700 (Indochina Time),$40673
Fri Aug 30 2019 00:00:00 GMT+0700 (Indochina Time),$40673
Mon Sep 02 2019 00:00:00 GMT+0700 (Indochina Time),$40673
Thu Sep 05 2019 00:00:00 GMT+0700 (Indochina Time),$40673
Sun Sep 08 2019 00:00:00 GMT+0700 (Indochina Time),$40673
Wed Sep 11 2019 00:00:00 GMT+0700 (Indochina Time),$40673
Sat Sep 14 2019 00:00:00 GMT+0700 (Indochina Time),$40673
Tue Sep 17 2019 00:00:00 GMT+0700 (Indochina Time),$40673
Fri Sep 20 2019 00:00:00 GMT+0700 (Indochina Time),$40673
Mon Sep 23 2019 00:00:00 GMT+0700 (Indochina Time),$40673
Thu Sep 26 2019 00:00:00 GMT+0700 (Indochina Time),$40673
Sun Sep 29 2019 00:00:00 GMT+0700 (Indochina Time),$40673
Wed Oct 02 2019 00:00:00 GMT+0700 (Indochina Time),$40673
Sat Oct 05 2019 00:00:00 GMT+0700 (Indochina Time),$40673
Tue Oct 08 2019 00:00:00 GMT+0700 (Indochina Time),$40673
Sun Oct 13 2019 00:00:00 GMT+0700 (Indochina Time),$40673
Tue Oct 15 2019 00:00:00 GMT+0700 (Indochina Time),$40673
Thu Oct 17 2019 00:00:00 GMT+0700 (Indochina Time),$40563
Sun Oct 20 2019 00:00:00 GMT+0700 (Indochina Time),$40563
Wed Oct 23 2019 00:00:00 GMT+0700 (Indochina Time),$40563
Sat Oct 26 2019 00:00:00 GMT+0700 (Indochina Time),$40563
Tue Oct 29 2019 00:00:00 GMT+0700 (Indochina Time),$40563
Fri Nov 01 2019 00:00:00 GMT+0700 (Indochina Time),$40563
Mon Nov 04 2019 00:00:00 GMT+0700 (Indochina Time),$40563
Thu Nov 07 2019 00:00:00 GMT+0700 (Indochina Time),$40563
Sun Nov 10 2019 00:00:00 GMT+0700 (Indochina Time),$40563
Wed Nov 13 2019 00:00:00 GMT+0700 (Indochina Time),$40563
Sat Nov 16 2019 00:00:00 GMT+0700 (Indochina Time),$40563
Tue Nov 19 2019 00:00:00 GMT+0700 (Indochina Time),$40563
Fri Nov 22 2019 00:00:00 GMT+0700 (Indochina Time),$40563
Mon Nov 25 2019 00:00:00 GMT+0700 (Indochina Time),$40563
Thu Nov 28 2019 00:00:00 GMT+0700 (Indochina Time),$40563
Sun Dec 01 2019 00:00:00 GMT+0700 (Indochina Time),$40563
Wed Dec 04 2019 00:00:00 GMT+0700 (Indochina Time),$40563
Sun Dec 08 2019 00:00:00 GMT+0700 (Indochina Time),$40563
Wed Dec 11 2019 00:00:00 GMT+0700 (Indochina Time),$40563
Sat Dec 14 2019 00:00:00 GMT+0700 (Indochina Time),$40563
Tue Dec 17 2019 00:00:00 GMT+0700 (Indochina Time),$40563
Fri Dec 20 2019 00:00:00 GMT+0700 (Indochina Time),$40563
Mon Dec 23 2019 00:00:00 GMT+0700 (Indochina Time),$40563
Thu Dec 26 2019 00:00:00 GMT+0700 (Indochina Time),$40563
Tue Dec 31 2019 00:00:00 GMT+0700 (Indochina Time),$40563
Thu Jan 02 2020 00:00:00 GMT+0700 (Indochina Time),$40526
Sat Jan 04 2020 00:00:00 GMT+0700 (Indochina Time),$40526
Tue Jan 07 2020 00:00:00 GMT+0700 (Indochina Time),$40526
Fri Jan 10 2020 00:00:00 GMT+0700 (Indochina Time),$40526
Mon Jan 13 2020 00:00:00 GMT+0700 (Indochina Time),$40526
Thu Jan 16 2020 00:00:00 GMT+0700 (Indochina Time),$40526
Sun Jan 19 2020 00:00:00 GMT+0700 (Indochina Time),$40526
Wed Jan 22 2020 00:00:00 GMT+0700 (Indochina Time),$40526
Sat Jan 25 2020 00:00:00 GMT+0700 (Indochina Time),$40526
Tue Jan 28 2020 00:00:00 GMT+0700 (Indochina Time),$40526
Fri Jan 31 2020 00:00:00 GMT+0700 (Indochina Time),$40526
Mon Feb 03 2020 00:00:00 GMT+0700 (Indochina Time),$40526
Thu Feb 06 2020 00:00:00 GMT+0700 (Indochina Time),$40526
Sun Feb 09 2020 00:00:00 GMT+0700 (Indochina Time),$40526
Wed Feb 12 2020 00:00:00 GMT+0700 (Indochina Time),$40526
Sat Feb 15 2020 00:00:00 GMT+0700 (Indochina Time),$40526
Tue Feb 18 2020 00:00:00 GMT+0700 (Indochina Time),$40526
Fri Feb 21 2020 00:00:00 GMT+0700 (Indochina Time),$40526
Mon Feb 24 2020 00:00:00 GMT+0700 (Indochina Time),$40526
Thu Feb 27 2020 00:00:00 GMT+0700 (Indochina Time),$40526
Tue Mar 03 2020 00:00:00 GMT+0700 (Indochina Time),$40526
Thu Mar 05 2020 00:00:00 GMT+0700 (Indochina Time),$40526
Sat Mar 07 2020 00:00:00 GMT+0700 (Indochina Time),$40266
Tue Mar 10 2020 00:00:00 GMT+0700 (Indochina Time),$40266
Fri Mar 13 2020 00:00:00 GMT+0700 (Indochina Time),$40266
Mon Mar 16 2020 00:00:00 GMT+0700 (Indochina Time),$40266
Thu Mar 19 2020 00:00:00 GMT+0700 (Indochina Time),$40266
Tue Mar 24 2020 00:00:00 GMT+0700 (Indochina Time),$40266
Fri Mar 27 2020 00:00:00 GMT+0700 (Indochina Time),$39959
Sat Mar 28 2020 00:00:00 GMT+0700 (Indochina Time),$39959
Tue Mar 31 2020 00:00:00 GMT+0700 (Indochina Time),$39959
Fri Apr 03 2020 00:00:00 GMT+0700 (Indochina Time),$39959
Mon Apr 06 2020 00:00:00 GMT+0700 (Indochina Time),$39959
Thu Apr 09 2020 00:00:00 GMT+0700 (Indochina Time),$39959
Sun Apr 12 2020 00:00:00 GMT+0700 (Indochina Time),$39959
Wed Apr 15 2020 00:00:00 GMT+0700 (Indochina Time),$39959
Sat Apr 18 2020 00:00:00 GMT+0700 (Indochina Time),$39959
Tue Apr 21 2020 00:00:00 GMT+0700 (Indochina Time),$39959
Fri Apr 24 2020 00:00:00 GMT+0700 (Indochina Time),$39959
Mon Apr 27 2020 00:00:00 GMT+0700 (Indochina Time),$39959
Thu Apr 30 2020 00:00:00 GMT+0700 (Indochina Time),$39959
Sun May 03 2020 00:00:00 GMT+0700 (Indochina Time),$39959
Wed May 06 2020 00:00:00 GMT+0700 (Indochina Time),$39959
Sat May 09 2020 00:00:00 GMT+0700 (Indochina Time),$39959
Tue May 12 2020 00:00:00 GMT+0700 (Indochina Time),$39959
Fri May 15 2020 00:00:00 GMT+0700 (Indochina Time),$39959
Mon May 18 2020 00:00:00 GMT+0700 (Indochina Time),$39959
Thu May 21 2020 00:00:00 GMT+0700 (Indochina Time),$39959
Sun May 24 2020 00:00:00 GMT+0700 (Indochina Time),$39959
Wed May 27 2020 00:00:00 GMT+0700 (Indochina Time),$39959
Sat May 30 2020 00:00:00 GMT+0700 (Indochina Time),$39959
Tue Jun 02 2020 00:00:00 GMT+0700 (Indochina Time),$39959
Fri Jun 05 2020 00:00:00 GMT+0700 (Indochina Time),$39959
Mon Jun 08 2020 00:00:00 GMT+0700 (Indochina Time),$39959
Thu Jun 11 2020 00:00:00 GMT+0700 (Indochina Time),$39959
Sun Jun 14 2020 00:00:00 GMT+0700 (Indochina Time),$39959
Wed Jun 17 2020 00:00:00 GMT+0700 (Indochina Time),$39959
Sat Jun 20 2020 00:00:00 GMT+0700 (Indochina Time),$39959
Tue Jun 23 2020 00:00:00 GMT+0700 (Indochina Time),$39959
Fri Jun 26 2020 00:00:00 GMT+0700 (Indochina Time),$39959
Mon Jun 29 2020 00:00:00 GMT+0700 (Indochina Time),$39959
Sat Jul 04 2020 00:00:00 GMT+0700 (Indochina Time),$39959
Mon Jul 06 2020 00:00:00 GMT+0700 (Indochina Time),$39834
Wed Jul 08 2020 00:00:00 GMT+0700 (Indochina Time),$39834
Sat Jul 11 2020 00:00:00 GMT+0700 (Indochina Time),$39834
Tue Jul 14 2020 00:00:00 GMT+0700 (Indochina Time),$39834
Sun Jul 19 2020 00:00:00 GMT+0700 (Indochina Time),$39834
Tue Jul 21 2020 00:00:00 GMT+0700 (Indochina Time),$39611
Thu Jul 23 2020 00:00:00 GMT+0700 (Indochina Time),$39611
Sun Jul 26 2020 00:00:00 GMT+0700 (Indochina Time),$39611
Wed Jul 29 2020 00:00:00 GMT+0700 (Indochina Time),$39611
Sat Aug 01 2020 00:00:00 GMT+0700 (Indochina Time),$39611
Tue Aug 04 2020 00:00:00 GMT+0700 (Indochina Time),$39611
Fri Aug 07 2020 00:00:00 GMT+0700 (Indochina Time),$39611
Mon Aug 10 2020 00:00:00 GMT+0700 (Indochina Time),$39611
Thu Aug 13 2020 00:00:00 GMT+0700 (Indochina Time),$39611
Sun Aug 16 2020 00:00:00 GMT+0700 (Indochina Time),$39611
Wed Aug 19 2020 00:00:00 GMT+0700 (Indochina Time),$39611
Sat Aug 22 2020 00:00:00 GMT+0700 (Indochina Time),$39611
Tue Aug 25 2020 00:00:00 GMT+0700 (Indochina Time),$39611
Fri Aug 28 2020 00:00:00 GMT+0700 (Indochina Time),$39611
Mon Aug 31 2020 00:00:00 GMT+0700 (Indochina Time),$39611
Thu Sep 03 2020 00:00:00 GMT+0700 (Indochina Time),$39611
Mon Sep 07 2020 00:00:00 GMT+0700 (Indochina Time),$39611
Thu Sep 10 2020 00:00:00 GMT+0700 (Indochina Time),$39611
Sun Sep 13 2020 00:00:00 GMT+0700 (Indochina Time),$39611
Wed Sep 16 2020 00:00:00 GMT+0700 (Indochina Time),$39611
Sat Sep 19 2020 00:00:00 GMT+0700 (Indochina Time),$39611
Tue Sep 22 2020 00:00:00 GMT+0700 (Indochina Time),$39611
Fri Sep 25 2020 00:00:00 GMT+0700 (Indochina Time),$39611
Mon Sep 28 2020 00:00:00 GMT+0700 (Indochina Time),$39611
Thu Oct 01 2020 00:00:00 GMT+0700 (Indochina Time),$39611
Tue Oct 06 2020 00:00:00 GMT+0700 (Indochina Time),$39611
Wed Oct 07 2020 00:00:00 GMT+0700 (Indochina Time),$39577
Sat Oct 10 2020 00:00:00 GMT+0700 (Indochina Time),$39577
Tue Oct 13 2020 00:00:00 GMT+0700 (Indochina Time),$39577
Sun Oct 18 2020 00:00:00 GMT+0700 (Indochina Time),$39577
Tue Oct 20 2020 00:00:00 GMT+0700 (Indochina Time),$39577
Thu Oct 22 2020 00:00:00 GMT+0700 (Indochina Time),$39546
Sun Oct 25 2020 00:00:00 GMT+0700 (Indochina Time),$39546
Fri Oct 30 2020 00:00:00 GMT+0700 (Indochina Time),$39546
Sun Nov 01 2020 00:00:00 GMT+0700 (Indochina Time),$39546
Tue Nov 03 2020 00:00:00 GMT+0700 (Indochina Time),$39517
Fri Nov 06 2020 00:00:00 GMT+0700 (Indochina Time),$39517
Mon Nov 09 2020 00:00:00 GMT+0700 (Indochina Time),$39517
Sat Nov 14 2020 00:00:00 GMT+0700 (Indochina Time),$39517
Sun Nov 15 2020 00:00:00 GMT+0700 (Indochina Time),$39487
Fri Nov 20 2020 00:00:00 GMT+0700 (Indochina Time),$39451
Mon Nov 23 2020 00:00:00 GMT+0700 (Indochina Time),$39469
Thu Nov 26 2020 00:00:00 GMT+0700 (Indochina Time),$39690
Sun Nov 29 2020 00:00:00 GMT+0700 (Indochina Time),$39690
Tue Dec 01 2020 00:00:00 GMT+0700 (Indochina Time),$40001
Sat Dec 05 2020 00:00:00 GMT+0700 (Indochina Time),$39952
Tue Dec 08 2020 00:00:00 GMT+0700 (Indochina Time),$40759
Fri Dec 11 2020 00:00:00 GMT+0700 (Indochina Time),$40502
Mon Dec 14 2020 00:00:00 GMT+0700 (Indochina Time),$40502
Tue Dec 15 2020 00:00:00 GMT+0700 (Indochina Time),$40681
Sun Dec 20 2020 00:00:00 GMT+0700 (Indochina Time),$40656
Mon Dec 21 2020 00:00:00 GMT+0700 (Indochina Time),$40656
Thu Dec 24 2020 00:00:00 GMT+0700 (Indochina Time),$40664
Sun Dec 27 2020 00:00:00 GMT+0700 (Indochina Time),$40365
Wed Dec 30 2020 00:00:00 GMT+0700 (Indochina Time),$40365
Sat Jan 02 2021 00:00:00 GMT+0700 (Indochina Time),$41048
Thu Jan 07 2021 00:00:00 GMT+0700 (Indochina Time),$41048
Fri Jan 08 2021 00:00:00 GMT+0700 (Indochina Time),$41734
Wed Jan 13 2021 00:00:00 GMT+0700 (Indochina Time),$41907
Sat Jan 16 2021 00:00:00 GMT+0700 (Indochina Time),$42157
Tue Jan 19 2021 00:00:00 GMT+0700 (Indochina Time),$44193
Fri Jan 22 2021 00:00:00 GMT+0700 (Indochina Time),$44193
Sat Jan 23 2021 00:00:00 GMT+0700 (Indochina Time),$44247
Tue Jan 26 2021 00:00:00 GMT+0700 (Indochina Time),$43888
Fri Jan 29 2021 00:00:00 GMT+0700 (Indochina Time),$44495
Wed Feb 03 2021 00:00:00 GMT+0700 (Indochina Time),$44537
Thu Feb 04 2021 00:00:00 GMT+0700 (Indochina Time),$44349
Sun Feb 07 2021 00:00:00 GMT+0700 (Indochina Time),$45719
Fri Feb 12 2021 00:00:00 GMT+0700 (Indochina Time),$46451
Mon Feb 15 2021 00:00:00 GMT+0700 (Indochina Time),$45974
Thu Feb 18 2021 00:00:00 GMT+0700 (Indochina Time),$45823
Fri Feb 19 2021 00:00:00 GMT+0700 (Indochina Time),$45089
Wed Feb 24 2021 00:00:00 GMT+0700 (Indochina Time),$44410
Fri Feb 26 2021 00:00:00 GMT+0700 (Indochina Time),$44267
Mon Mar 01 2021 00:00:00 GMT+0700 (Indochina Time),$44430
Wed Mar 03 2021 00:00:00 GMT+0700 (Indochina Time),$44250
Mon Mar 08 2021 00:00:00 GMT+0700 (Indochina Time),$44236
Wed Mar 10 2021 00:00:00 GMT+0700 (Indochina Time),$44493
Sat Mar 13 2021 00:00:00 GMT+0700 (Indochina Time),$44591
Mon Mar 15 2021 00:00:00 GMT+0700 (Indochina Time),$44150
Thu Mar 18 2021 00:00:00 GMT+0700 (Indochina Time),$44159
Mon Mar 22 2021 00:00:00 GMT+0700 (Indochina Time),$44060
Thu Mar 25 2021 00:00:00 GMT+0700 (Indochina Time),$44048
Sun Mar 28 2021 00:00:00 GMT+0700 (Indochina Time),$42402
Wed Mar 31 2021 00:00:00 GMT+0700 (Indochina Time),$42426
Sat Apr 03 2021 00:00:00 GMT+0700 (Indochina Time),$42043
Mon Apr 05 2021 00:00:00 GMT+0700 (Indochina Time),$42122
Fri Apr 09 2021 00:00:00 GMT+0700 (Indochina Time),$42101
Tue Apr 13 2021 00:00:00 GMT+0700 (Indochina Time),$42254
Fri Apr 16 2021 00:00:00 GMT+0700 (Indochina Time),$42656
Sun Apr 18 2021 00:00:00 GMT+0700 (Indochina Time),$42822
Wed Apr 21 2021 00:00:00 GMT+0700 (Indochina Time),$42837
Sun Apr 25 2021 00:00:00 GMT+0700 (Indochina Time),$42837
Mon Apr 26 2021 00:00:00 GMT+0700 (Indochina Time),$42837
Sat May 01 2021 00:00:00 GMT+0700 (Indochina Time),$44079
Tue May 04 2021 00:00:00 GMT+0700 (Indochina Time),$43977
Thu May 06 2021 00:00:00 GMT+0700 (Indochina Time),$43875
Sun May 09 2021 00:00:00 GMT+0700 (Indochina Time),$44578
Thu May 13 2021 00:00:00 GMT+0700 (Indochina Time),$44360
Sat May 15 2021 00:00:00 GMT+0700 (Indochina Time),$44901
Tue May 18 2021 00:00:00 GMT+0700 (Indochina Time),$45250
Thu May 20 2021 00:00:00 GMT+0700 (Indochina Time),$45144
Mon May 24 2021 00:00:00 GMT+0700 (Indochina Time),$46221
Thu May 27 2021 00:00:00 GMT+0700 (Indochina Time),$46070
Sun May 30 2021 00:00:00 GMT+0700 (Indochina Time),$46485
Thu Jun 03 2021 00:00:00 GMT+0700 (Indochina Time),$46485
Sun Jun 06 2021 00:00:00 GMT+0700 (Indochina Time),$46811
Thu Jun 10 2021 00:00:00 GMT+0700 (Indochina Time),$46497
Sun Jun 13 2021 00:00:00 GMT+0700 (Indochina Time),$46429
Tue Jun 15 2021 00:00:00 GMT+0700 (Indochina Time),$48212
Thu Jun 17 2021 00:00:00 GMT+0700 (Indochina Time),$47834
Mon Jun 21 2021 00:00:00 GMT+0700 (Indochina Time),$47779
Wed Jun 23 2021 00:00:00 GMT+0700 (Indochina Time),$48745
Mon Jun 28 2021 00:00:00 GMT+0700 (Indochina Time),$48241
Wed Jun 30 2021 00:00:00 GMT+0700 (Indochina Time),$47597
Fri Jul 02 2021 00:00:00 GMT+0700 (Indochina Time),$47597
Wed Jul 07 2021 00:00:00 GMT+0700 (Indochina Time),$48451
Sat Jul 10 2021 00:00:00 GMT+0700 (Indochina Time),$48497
Mon Jul 12 2021 00:00:00 GMT+0700 (Indochina Time),$47755
Fri Jul 16 2021 00:00:00 GMT+0700 (Indochina Time),$48009
Sun Jul 18 2021 00:00:00 GMT+0700 (Indochina Time),$47198
Thu Jul 22 2021 00:00:00 GMT+0700 (Indochina Time),$47717
Sun Jul 25 2021 00:00:00 GMT+0700 (Indochina Time),$47560
Tue Jul 27 2021 00:00:00 GMT+0700 (Indochina Time),$48498
Thu Jul 29 2021 00:00:00 GMT+0700 (Indochina Time),$47620
Sun Aug 01 2021 00:00:00 GMT+0700 (Indochina Time),$48753
Thu Aug 05 2021 00:00:00 GMT+0700 (Indochina Time),$46808
Sun Aug 08 2021 00:00:00 GMT+0700 (Indochina Time),$47602
Tue Aug 10 2021 00:00:00 GMT+0700 (Indochina Time),$46798
Fri Aug 13 2021 00:00:00 GMT+0700 (Indochina Time),$47370
Mon Aug 16 2021 00:00:00 GMT+0700 (Indochina Time),$47256
Sat Aug 21 2021 00:00:00 GMT+0700 (Indochina Time),$47256
Sun Aug 22 2021 00:00:00 GMT+0700 (Indochina Time),$45818
Fri Aug 27 2021 00:00:00 GMT+0700 (Indochina Time),$46168
Sun Aug 29 2021 00:00:00 GMT+0700 (Indochina Time),$47104
Tue Aug 31 2021 00:00:00 GMT+0700 (Indochina Time),$47059
Sat Sep 04 2021 00:00:00 GMT+0700 (Indochina Time),$47568
Mon Sep 06 2021 00:00:00 GMT+0700 (Indochina Time),$47806
Fri Sep 10 2021 00:00:00 GMT+0700 (Indochina Time),$47985
Tue Sep 14 2021 00:00:00 GMT+0700 (Indochina Time),$47879
Fri Sep 17 2021 00:00:00 GMT+0700 (Indochina Time),$48257
Sat Sep 18 2021 00:00:00 GMT+0700 (Indochina Time),$47783
Tue Sep 21 2021 00:00:00 GMT+0700 (Indochina Time),$48227
Sun Sep 26 2021 00:00:00 GMT+0700 (Indochina Time),$48482
Wed Sep 29 2021 00:00:00 GMT+0700 (Indochina Time),$47659
Thu Sep 30 2021 00:00:00 GMT+0700 (Indochina Time),$47957
Tue Oct 05 2021 00:00:00 GMT+0700 (Indochina Time),$47976
Fri Oct 08 2021 00:00:00 GMT+0700 (Indochina Time),$48481
Sat Oct 09 2021 00:00:00 GMT+0700 (Indochina Time),$48684
Wed Oct 13 2021 00:00:00 GMT+0700 (Indochina Time),$48453
Sun Oct 17 2021 00:00:00 GMT+0700 (Indochina Time),$48992
Wed Oct 20 2021 00:00:00 GMT+0700 (Indochina Time),$49015
Fri Oct 22 2021 00:00:00 GMT+0700 (Indochina Time),$48860
Tue Oct 26 2021 00:00:00 GMT+0700 (Indochina Time),$49358
Wed Oct 27 2021 00:00:00 GMT+0700 (Indochina Time),$49445
Mon Nov 01 2021 00:00:00 GMT+0700 (Indochina Time),$49445
Tue Nov 02 2021 00:00:00 GMT+0700 (Indochina Time),$49249
Sun Nov 07 2021 00:00:00 GMT+0700 (Indochina Time),$49381
Tue Nov 09 2021 00:00:00 GMT+0700 (Indochina Time),$50607
Sat Nov 13 2021 00:00:00 GMT+0700 (Indochina Time),$50858
Sun Nov 14 2021 00:00:00 GMT+0700 (Indochina Time),$49993
Wed Nov 17 2021 00:00:00 GMT+0700 (Indochina Time),$49996
Sat Nov 20 2021 00:00:00 GMT+0700 (Indochina Time),$50375
Tue Nov 23 2021 00:00:00 GMT+0700 (Indochina Time),$50604
Sat Nov 27 2021 00:00:00 GMT+0700 (Indochina Time),$50759
Wed Dec 01 2021 00:00:00 GMT+0700 (Indochina Time),$50319
Fri Dec 03 2021 00:00:00 GMT+0700 (Indochina Time),$50420
Sun Dec 05 2021 00:00:00 GMT+0700 (Indochina Time),$50940
Wed Dec 08 2021 00:00:00 GMT+0700 (Indochina Time),$50913
Sat Dec 11 2021 00:00:00 GMT+0700 (Indochina Time),$50229
Wed Dec 15 2021 00:00:00 GMT+0700 (Indochina Time),$50158
Fri Dec 17 2021 00:00:00 GMT+0700 (Indochina Time),$50396
Tue Dec 21 2021 00:00:00 GMT+0700 (Indochina Time),$49827
Thu Dec 23 2021 00:00:00 GMT+0700 (Indochina Time),$49558
Mon Dec 27 2021 00:00:00 GMT+0700 (Indochina Time),$49637
Wed Dec 29 2021 00:00:00 GMT+0700 (Indochina Time),$50114
Mon Jan 03 2022 00:00:00 GMT+0700 (Indochina Time),$50138
Thu Jan 06 2022 00:00:00 GMT+0700 (Indochina Time),$50073
Fri Jan 07 2022 00:00:00 GMT+0700 (Indochina Time),$50993
Tue Jan 11 2022 00:00:00 GMT+0700 (Indochina Time),$50861
Sat Jan 15 2022 00:00:00 GMT+0700 (Indochina Time),$50861
Mon Jan 17 2022 00:00:00 GMT+0700 (Indochina Time),$50972
Fri Jan 21 2022 00:00:00 GMT+0700 (Indochina Time),$50869
Mon Jan 24 2022 00:00:00 GMT+0700 (Indochina Time),$51123
Tue Jan 25 2022 00:00:00 GMT+0700 (Indochina Time),$50767
Sat Jan 29 2022 00:00:00 GMT+0700 (Indochina Time),$50988
Wed Feb 02 2022 00:00:00 GMT+0700 (Indochina Time),$51613
Sat Feb 05 2022 00:00:00 GMT+0700 (Indochina Time),$51613
Sun Feb 06 2022 00:00:00 GMT+0700 (Indochina Time),$52174
Thu Feb 10 2022 00:00:00 GMT+0700 (Indochina Time),$52168
Mon Feb 14 2022 00:00:00 GMT+0700 (Indochina Time),$52079
Wed Feb 16 2022 00:00:00 GMT+0700 (Indochina Time),$51792
Sun Feb 20 2022 00:00:00 GMT+0700 (Indochina Time),$51792
Wed Feb 23 2022 00:00:00 GMT+0700 (Indochina Time),$52499
Sat Feb 26 2022 00:00:00 GMT+0700 (Indochina Time),$52436
Tue Mar 01 2022 00:00:00 GMT+0700 (Indochina Time),$52477
Fri Mar 04 2022 00:00:00 GMT+0700 (Indochina Time),$52689
Sun Mar 06 2022 00:00:00 GMT+0700 (Indochina Time),$51743
