Sat Mar 09 2019 00:00:00 GMT+0700 (Indochina Time),$1065
Sun Mar 10 2019 00:00:00 GMT+0700 (Indochina Time),$1065
Wed Mar 13 2019 00:00:00 GMT+0700 (Indochina Time),$1065
Sat Mar 16 2019 00:00:00 GMT+0700 (Indochina Time),$1065
Tue Mar 19 2019 00:00:00 GMT+0700 (Indochina Time),$1065
Fri Mar 22 2019 00:00:00 GMT+0700 (Indochina Time),$1065
Mon Mar 25 2019 00:00:00 GMT+0700 (Indochina Time),$1065
Thu Mar 28 2019 00:00:00 GMT+0700 (Indochina Time),$1065
Sun Mar 31 2019 00:00:00 GMT+0700 (Indochina Time),$1065
Wed Apr 03 2019 00:00:00 GMT+0700 (Indochina Time),$1065
Sat Apr 06 2019 00:00:00 GMT+0700 (Indochina Time),$1065
Tue Apr 09 2019 00:00:00 GMT+0700 (Indochina Time),$1065
Sun Apr 14 2019 00:00:00 GMT+0700 (Indochina Time),$1065
Tue Apr 16 2019 00:00:00 GMT+0700 (Indochina Time),$1065
Fri Apr 19 2019 00:00:00 GMT+0700 (Indochina Time),$1107
Sun Apr 21 2019 00:00:00 GMT+0700 (Indochina Time),$1370
Wed Apr 24 2019 00:00:00 GMT+0700 (Indochina Time),$1291
Sat Apr 27 2019 00:00:00 GMT+0700 (Indochina Time),$1291
Thu May 02 2019 00:00:00 GMT+0700 (Indochina Time),$1291
Fri May 03 2019 00:00:00 GMT+0700 (Indochina Time),$1322
Mon May 06 2019 00:00:00 GMT+0700 (Indochina Time),$1322
Thu May 09 2019 00:00:00 GMT+0700 (Indochina Time),$1322
Sun May 12 2019 00:00:00 GMT+0700 (Indochina Time),$1322
Wed May 15 2019 00:00:00 GMT+0700 (Indochina Time),$1322
Mon May 20 2019 00:00:00 GMT+0700 (Indochina Time),$1322
Wed May 22 2019 00:00:00 GMT+0700 (Indochina Time),$1438
Fri May 24 2019 00:00:00 GMT+0700 (Indochina Time),$1438
Mon May 27 2019 00:00:00 GMT+0700 (Indochina Time),$1438
Thu May 30 2019 00:00:00 GMT+0700 (Indochina Time),$1438
Sun Jun 02 2019 00:00:00 GMT+0700 (Indochina Time),$1438
Wed Jun 05 2019 00:00:00 GMT+0700 (Indochina Time),$1438
Sat Jun 08 2019 00:00:00 GMT+0700 (Indochina Time),$1438
Tue Jun 11 2019 00:00:00 GMT+0700 (Indochina Time),$1438
Fri Jun 14 2019 00:00:00 GMT+0700 (Indochina Time),$1438
Mon Jun 17 2019 00:00:00 GMT+0700 (Indochina Time),$1438
Thu Jun 20 2019 00:00:00 GMT+0700 (Indochina Time),$1438
Sun Jun 23 2019 00:00:00 GMT+0700 (Indochina Time),$1438
Wed Jun 26 2019 00:00:00 GMT+0700 (Indochina Time),$1438
Sat Jun 29 2019 00:00:00 GMT+0700 (Indochina Time),$1438
Thu Jul 04 2019 00:00:00 GMT+0700 (Indochina Time),$1438
Fri Jul 05 2019 00:00:00 GMT+0700 (Indochina Time),$1385
Wed Jul 10 2019 00:00:00 GMT+0700 (Indochina Time),$1385
Thu Jul 11 2019 00:00:00 GMT+0700 (Indochina Time),$1365
Tue Jul 16 2019 00:00:00 GMT+0700 (Indochina Time),$1365
Wed Jul 17 2019 00:00:00 GMT+0700 (Indochina Time),$1333
Mon Jul 22 2019 00:00:00 GMT+0700 (Indochina Time),$1333
Tue Jul 23 2019 00:00:00 GMT+0700 (Indochina Time),$1323
Sun Jul 28 2019 00:00:00 GMT+0700 (Indochina Time),$1328
Tue Jul 30 2019 00:00:00 GMT+0700 (Indochina Time),$1387
Fri Aug 02 2019 00:00:00 GMT+0700 (Indochina Time),$1361
Tue Aug 06 2019 00:00:00 GMT+0700 (Indochina Time),$1361
Wed Aug 07 2019 00:00:00 GMT+0700 (Indochina Time),$1349
Mon Aug 12 2019 00:00:00 GMT+0700 (Indochina Time),$1349
Wed Aug 14 2019 00:00:00 GMT+0700 (Indochina Time),$1330
Fri Aug 16 2019 00:00:00 GMT+0700 (Indochina Time),$1354
Tue Aug 20 2019 00:00:00 GMT+0700 (Indochina Time),$1368
Thu Aug 22 2019 00:00:00 GMT+0700 (Indochina Time),$1368
Sun Aug 25 2019 00:00:00 GMT+0700 (Indochina Time),$1368
Wed Aug 28 2019 00:00:00 GMT+0700 (Indochina Time),$1368
Sat Aug 31 2019 00:00:00 GMT+0700 (Indochina Time),$1368
Tue Sep 03 2019 00:00:00 GMT+0700 (Indochina Time),$1368
Sun Sep 08 2019 00:00:00 GMT+0700 (Indochina Time),$1368
Wed Sep 11 2019 00:00:00 GMT+0700 (Indochina Time),$1382
Sat Sep 14 2019 00:00:00 GMT+0700 (Indochina Time),$1382
Mon Sep 16 2019 00:00:00 GMT+0700 (Indochina Time),$1382
Thu Sep 19 2019 00:00:00 GMT+0700 (Indochina Time),$1423
Mon Sep 23 2019 00:00:00 GMT+0700 (Indochina Time),$1423
Wed Sep 25 2019 00:00:00 GMT+0700 (Indochina Time),$1423
Fri Sep 27 2019 00:00:00 GMT+0700 (Indochina Time),$1401
Wed Oct 02 2019 00:00:00 GMT+0700 (Indochina Time),$1401
Fri Oct 04 2019 00:00:00 GMT+0700 (Indochina Time),$1380
Mon Oct 07 2019 00:00:00 GMT+0700 (Indochina Time),$1380
Thu Oct 10 2019 00:00:00 GMT+0700 (Indochina Time),$1367
Sat Oct 12 2019 00:00:00 GMT+0700 (Indochina Time),$1371
Thu Oct 17 2019 00:00:00 GMT+0700 (Indochina Time),$1371
Sat Oct 19 2019 00:00:00 GMT+0700 (Indochina Time),$1364
Tue Oct 22 2019 00:00:00 GMT+0700 (Indochina Time),$1359
Sat Oct 26 2019 00:00:00 GMT+0700 (Indochina Time),$1359
Sun Oct 27 2019 00:00:00 GMT+0700 (Indochina Time),$1366
Wed Oct 30 2019 00:00:00 GMT+0700 (Indochina Time),$1351
Mon Nov 04 2019 00:00:00 GMT+0700 (Indochina Time),$1351
Tue Nov 05 2019 00:00:00 GMT+0700 (Indochina Time),$1366
Fri Nov 08 2019 00:00:00 GMT+0700 (Indochina Time),$1366
Mon Nov 11 2019 00:00:00 GMT+0700 (Indochina Time),$1366
Thu Nov 14 2019 00:00:00 GMT+0700 (Indochina Time),$1366
Sun Nov 17 2019 00:00:00 GMT+0700 (Indochina Time),$1366
Wed Nov 20 2019 00:00:00 GMT+0700 (Indochina Time),$1366
Sat Nov 23 2019 00:00:00 GMT+0700 (Indochina Time),$1366
Tue Nov 26 2019 00:00:00 GMT+0700 (Indochina Time),$1366
Sun Dec 01 2019 00:00:00 GMT+0700 (Indochina Time),$1366
Mon Dec 02 2019 00:00:00 GMT+0700 (Indochina Time),$1375
Sun Dec 08 2019 00:00:00 GMT+0700 (Indochina Time),$1375
Mon Dec 09 2019 00:00:00 GMT+0700 (Indochina Time),$1385
Thu Dec 12 2019 00:00:00 GMT+0700 (Indochina Time),$1385
Sun Dec 15 2019 00:00:00 GMT+0700 (Indochina Time),$1385
Fri Dec 20 2019 00:00:00 GMT+0700 (Indochina Time),$1385
Mon Dec 23 2019 00:00:00 GMT+0700 (Indochina Time),$1386
Thu Dec 26 2019 00:00:00 GMT+0700 (Indochina Time),$1357
Fri Dec 27 2019 00:00:00 GMT+0700 (Indochina Time),$1357
Wed Jan 01 2020 00:00:00 GMT+0700 (Indochina Time),$1357
Thu Jan 02 2020 00:00:00 GMT+0700 (Indochina Time),$1381
Mon Jan 06 2020 00:00:00 GMT+0700 (Indochina Time),$1381
Wed Jan 08 2020 00:00:00 GMT+0700 (Indochina Time),$1410
Mon Jan 13 2020 00:00:00 GMT+0700 (Indochina Time),$1410
Thu Jan 16 2020 00:00:00 GMT+0700 (Indochina Time),$1410
Sun Jan 19 2020 00:00:00 GMT+0700 (Indochina Time),$1410
Wed Jan 22 2020 00:00:00 GMT+0700 (Indochina Time),$1410
Fri Jan 24 2020 00:00:00 GMT+0700 (Indochina Time),$1410
Sun Jan 26 2020 00:00:00 GMT+0700 (Indochina Time),$1402
Wed Jan 29 2020 00:00:00 GMT+0700 (Indochina Time),$1402
Mon Feb 03 2020 00:00:00 GMT+0700 (Indochina Time),$1402
Thu Feb 06 2020 00:00:00 GMT+0700 (Indochina Time),$1394
Sat Feb 08 2020 00:00:00 GMT+0700 (Indochina Time),$1362
Wed Feb 12 2020 00:00:00 GMT+0700 (Indochina Time),$1363
Fri Feb 14 2020 00:00:00 GMT+0700 (Indochina Time),$1396
Mon Feb 17 2020 00:00:00 GMT+0700 (Indochina Time),$1401
Wed Feb 19 2020 00:00:00 GMT+0700 (Indochina Time),$1383
Sat Feb 22 2020 00:00:00 GMT+0700 (Indochina Time),$1383
Wed Feb 26 2020 00:00:00 GMT+0700 (Indochina Time),$1326
Sun Mar 01 2020 00:00:00 GMT+0700 (Indochina Time),$1328
Tue Mar 03 2020 00:00:00 GMT+0700 (Indochina Time),$1328
Thu Mar 05 2020 00:00:00 GMT+0700 (Indochina Time),$1341
Mon Mar 09 2020 00:00:00 GMT+0700 (Indochina Time),$1341
Fri Mar 13 2020 00:00:00 GMT+0700 (Indochina Time),$1345
Sat Mar 14 2020 00:00:00 GMT+0700 (Indochina Time),$1374
Wed Mar 18 2020 00:00:00 GMT+0700 (Indochina Time),$1374
Fri Mar 20 2020 00:00:00 GMT+0700 (Indochina Time),$1363
Mon Mar 23 2020 00:00:00 GMT+0700 (Indochina Time),$1363
Sat Mar 28 2020 00:00:00 GMT+0700 (Indochina Time),$1363
Sun Mar 29 2020 00:00:00 GMT+0700 (Indochina Time),$1379
Fri Apr 03 2020 00:00:00 GMT+0700 (Indochina Time),$1379
Mon Apr 06 2020 00:00:00 GMT+0700 (Indochina Time),$1387
Tue Apr 07 2020 00:00:00 GMT+0700 (Indochina Time),$1432
Sun Apr 12 2020 00:00:00 GMT+0700 (Indochina Time),$1485
Mon Apr 13 2020 00:00:00 GMT+0700 (Indochina Time),$1475
Sat Apr 18 2020 00:00:00 GMT+0700 (Indochina Time),$1475
Tue Apr 21 2020 00:00:00 GMT+0700 (Indochina Time),$1465
Wed Apr 22 2020 00:00:00 GMT+0700 (Indochina Time),$1482
Sat Apr 25 2020 00:00:00 GMT+0700 (Indochina Time),$1482
Tue Apr 28 2020 00:00:00 GMT+0700 (Indochina Time),$1502
Fri May 01 2020 00:00:00 GMT+0700 (Indochina Time),$1502
Mon May 04 2020 00:00:00 GMT+0700 (Indochina Time),$1502
Thu May 07 2020 00:00:00 GMT+0700 (Indochina Time),$1502
Sun May 10 2020 00:00:00 GMT+0700 (Indochina Time),$1502
Wed May 13 2020 00:00:00 GMT+0700 (Indochina Time),$1502
Sat May 16 2020 00:00:00 GMT+0700 (Indochina Time),$1502
Thu May 21 2020 00:00:00 GMT+0700 (Indochina Time),$1502
Fri May 22 2020 00:00:00 GMT+0700 (Indochina Time),$1502
Wed May 27 2020 00:00:00 GMT+0700 (Indochina Time),$1502
Sat May 30 2020 00:00:00 GMT+0700 (Indochina Time),$1458
Mon Jun 01 2020 00:00:00 GMT+0700 (Indochina Time),$1479
Wed Jun 03 2020 00:00:00 GMT+0700 (Indochina Time),$1479
Sat Jun 06 2020 00:00:00 GMT+0700 (Indochina Time),$1479
Tue Jun 09 2020 00:00:00 GMT+0700 (Indochina Time),$1479
Sun Jun 14 2020 00:00:00 GMT+0700 (Indochina Time),$1479
Mon Jun 15 2020 00:00:00 GMT+0700 (Indochina Time),$1514
Thu Jun 18 2020 00:00:00 GMT+0700 (Indochina Time),$1514
Tue Jun 23 2020 00:00:00 GMT+0700 (Indochina Time),$1578
Fri Jun 26 2020 00:00:00 GMT+0700 (Indochina Time),$1578
Sun Jun 28 2020 00:00:00 GMT+0700 (Indochina Time),$1578
Tue Jun 30 2020 00:00:00 GMT+0700 (Indochina Time),$1590
Sun Jul 05 2020 00:00:00 GMT+0700 (Indochina Time),$1590
Wed Jul 08 2020 00:00:00 GMT+0700 (Indochina Time),$1590
Sat Jul 11 2020 00:00:00 GMT+0700 (Indochina Time),$1590
Tue Jul 14 2020 00:00:00 GMT+0700 (Indochina Time),$1590
Thu Jul 16 2020 00:00:00 GMT+0700 (Indochina Time),$1565
Sun Jul 19 2020 00:00:00 GMT+0700 (Indochina Time),$1581
Tue Jul 21 2020 00:00:00 GMT+0700 (Indochina Time),$1581
Fri Jul 24 2020 00:00:00 GMT+0700 (Indochina Time),$1581
Mon Jul 27 2020 00:00:00 GMT+0700 (Indochina Time),$1581
Sat Aug 01 2020 00:00:00 GMT+0700 (Indochina Time),$1581
Tue Aug 04 2020 00:00:00 GMT+0700 (Indochina Time),$1593
Thu Aug 06 2020 00:00:00 GMT+0700 (Indochina Time),$1568
Mon Aug 10 2020 00:00:00 GMT+0700 (Indochina Time),$1568
Thu Aug 13 2020 00:00:00 GMT+0700 (Indochina Time),$1568
Sat Aug 15 2020 00:00:00 GMT+0700 (Indochina Time),$1568
Wed Aug 19 2020 00:00:00 GMT+0700 (Indochina Time),$1564
Thu Aug 20 2020 00:00:00 GMT+0700 (Indochina Time),$1572
Mon Aug 24 2020 00:00:00 GMT+0700 (Indochina Time),$1572
Wed Aug 26 2020 00:00:00 GMT+0700 (Indochina Time),$1559
Sat Aug 29 2020 00:00:00 GMT+0700 (Indochina Time),$1559
Tue Sep 01 2020 00:00:00 GMT+0700 (Indochina Time),$1559
Fri Sep 04 2020 00:00:00 GMT+0700 (Indochina Time),$1559
Tue Sep 08 2020 00:00:00 GMT+0700 (Indochina Time),$1559
Fri Sep 11 2020 00:00:00 GMT+0700 (Indochina Time),$1559
Mon Sep 14 2020 00:00:00 GMT+0700 (Indochina Time),$1559
Sat Sep 19 2020 00:00:00 GMT+0700 (Indochina Time),$1559
Mon Sep 21 2020 00:00:00 GMT+0700 (Indochina Time),$1559
Wed Sep 23 2020 00:00:00 GMT+0700 (Indochina Time),$1562
Mon Sep 28 2020 00:00:00 GMT+0700 (Indochina Time),$1562
Wed Sep 30 2020 00:00:00 GMT+0700 (Indochina Time),$1562
Fri Oct 02 2020 00:00:00 GMT+0700 (Indochina Time),$1560
Mon Oct 05 2020 00:00:00 GMT+0700 (Indochina Time),$1560
Thu Oct 08 2020 00:00:00 GMT+0700 (Indochina Time),$1560
Tue Oct 13 2020 00:00:00 GMT+0700 (Indochina Time),$1560
Thu Oct 15 2020 00:00:00 GMT+0700 (Indochina Time),$1560
Mon Oct 19 2020 00:00:00 GMT+0700 (Indochina Time),$1529
Thu Oct 22 2020 00:00:00 GMT+0700 (Indochina Time),$1529
Sat Oct 24 2020 00:00:00 GMT+0700 (Indochina Time),$1499
Tue Oct 27 2020 00:00:00 GMT+0700 (Indochina Time),$1489
Thu Oct 29 2020 00:00:00 GMT+0700 (Indochina Time),$1489
Tue Nov 03 2020 00:00:00 GMT+0700 (Indochina Time),$1489
Thu Nov 05 2020 00:00:00 GMT+0700 (Indochina Time),$1489
Mon Nov 09 2020 00:00:00 GMT+0700 (Indochina Time),$1485
Thu Nov 12 2020 00:00:00 GMT+0700 (Indochina Time),$1485
Sat Nov 14 2020 00:00:00 GMT+0700 (Indochina Time),$1485
Mon Nov 16 2020 00:00:00 GMT+0700 (Indochina Time),$1503
Sat Nov 21 2020 00:00:00 GMT+0700 (Indochina Time),$1521
Sun Nov 22 2020 00:00:00 GMT+0700 (Indochina Time),$1504
Wed Nov 25 2020 00:00:00 GMT+0700 (Indochina Time),$1504
Sat Nov 28 2020 00:00:00 GMT+0700 (Indochina Time),$1504
Tue Dec 01 2020 00:00:00 GMT+0700 (Indochina Time),$1504
Sun Dec 06 2020 00:00:00 GMT+0700 (Indochina Time),$1504
Tue Dec 08 2020 00:00:00 GMT+0700 (Indochina Time),$1533
Sat Dec 12 2020 00:00:00 GMT+0700 (Indochina Time),$1583
Tue Dec 15 2020 00:00:00 GMT+0700 (Indochina Time),$1582
Fri Dec 18 2020 00:00:00 GMT+0700 (Indochina Time),$1548
Sat Dec 19 2020 00:00:00 GMT+0700 (Indochina Time),$1548
Thu Dec 24 2020 00:00:00 GMT+0700 (Indochina Time),$1548
Fri Dec 25 2020 00:00:00 GMT+0700 (Indochina Time),$1522
Mon Dec 28 2020 00:00:00 GMT+0700 (Indochina Time),$1514
Thu Dec 31 2020 00:00:00 GMT+0700 (Indochina Time),$1514
Sun Jan 03 2021 00:00:00 GMT+0700 (Indochina Time),$1514
Wed Jan 06 2021 00:00:00 GMT+0700 (Indochina Time),$1514
Mon Jan 11 2021 00:00:00 GMT+0700 (Indochina Time),$1514
Wed Jan 13 2021 00:00:00 GMT+0700 (Indochina Time),$1514
Fri Jan 15 2021 00:00:00 GMT+0700 (Indochina Time),$1543
Wed Jan 20 2021 00:00:00 GMT+0700 (Indochina Time),$1544
Fri Jan 22 2021 00:00:00 GMT+0700 (Indochina Time),$1544
Tue Jan 26 2021 00:00:00 GMT+0700 (Indochina Time),$1540
Fri Jan 29 2021 00:00:00 GMT+0700 (Indochina Time),$1567
Sat Jan 30 2021 00:00:00 GMT+0700 (Indochina Time),$1567
Tue Feb 02 2021 00:00:00 GMT+0700 (Indochina Time),$1567
Sun Feb 07 2021 00:00:00 GMT+0700 (Indochina Time),$1567
Mon Feb 08 2021 00:00:00 GMT+0700 (Indochina Time),$1585
Sat Feb 13 2021 00:00:00 GMT+0700 (Indochina Time),$1585
Mon Feb 15 2021 00:00:00 GMT+0700 (Indochina Time),$1578
Fri Feb 19 2021 00:00:00 GMT+0700 (Indochina Time),$1547
Mon Feb 22 2021 00:00:00 GMT+0700 (Indochina Time),$1547
Thu Feb 25 2021 00:00:00 GMT+0700 (Indochina Time),$1542
Sat Feb 27 2021 00:00:00 GMT+0700 (Indochina Time),$1542
Wed Mar 03 2021 00:00:00 GMT+0700 (Indochina Time),$1558
Fri Mar 05 2021 00:00:00 GMT+0700 (Indochina Time),$1549
Tue Mar 09 2021 00:00:00 GMT+0700 (Indochina Time),$1549
Wed Mar 10 2021 00:00:00 GMT+0700 (Indochina Time),$1531
Sat Mar 13 2021 00:00:00 GMT+0700 (Indochina Time),$1534
Thu Mar 18 2021 00:00:00 GMT+0700 (Indochina Time),$1534
Sun Mar 21 2021 00:00:00 GMT+0700 (Indochina Time),$1535
Mon Mar 22 2021 00:00:00 GMT+0700 (Indochina Time),$1512
Thu Mar 25 2021 00:00:00 GMT+0700 (Indochina Time),$1498
Mon Mar 29 2021 00:00:00 GMT+0700 (Indochina Time),$1498
Thu Apr 01 2021 00:00:00 GMT+0700 (Indochina Time),$1478
Mon Apr 05 2021 00:00:00 GMT+0700 (Indochina Time),$1488
Tue Apr 06 2021 00:00:00 GMT+0700 (Indochina Time),$1458
Fri Apr 09 2021 00:00:00 GMT+0700 (Indochina Time),$1458
Mon Apr 12 2021 00:00:00 GMT+0700 (Indochina Time),$1481
Thu Apr 15 2021 00:00:00 GMT+0700 (Indochina Time),$1493
Sun Apr 18 2021 00:00:00 GMT+0700 (Indochina Time),$1485
Fri Apr 23 2021 00:00:00 GMT+0700 (Indochina Time),$1485
Mon Apr 26 2021 00:00:00 GMT+0700 (Indochina Time),$1466
Wed Apr 28 2021 00:00:00 GMT+0700 (Indochina Time),$1445
Sun May 02 2021 00:00:00 GMT+0700 (Indochina Time),$1424
Mon May 03 2021 00:00:00 GMT+0700 (Indochina Time),$1431
Sat May 08 2021 00:00:00 GMT+0700 (Indochina Time),$1431
Tue May 11 2021 00:00:00 GMT+0700 (Indochina Time),$1445
Thu May 13 2021 00:00:00 GMT+0700 (Indochina Time),$1486
Mon May 17 2021 00:00:00 GMT+0700 (Indochina Time),$1486
Thu May 20 2021 00:00:00 GMT+0700 (Indochina Time),$1474
Sat May 22 2021 00:00:00 GMT+0700 (Indochina Time),$1489
Wed May 26 2021 00:00:00 GMT+0700 (Indochina Time),$1489
Sat May 29 2021 00:00:00 GMT+0700 (Indochina Time),$1490
Mon May 31 2021 00:00:00 GMT+0700 (Indochina Time),$1490
Wed Jun 02 2021 00:00:00 GMT+0700 (Indochina Time),$1522
Sat Jun 05 2021 00:00:00 GMT+0700 (Indochina Time),$1506
Fri Jun 11 2021 00:00:00 GMT+0700 (Indochina Time),$1494
Sun Jun 13 2021 00:00:00 GMT+0700 (Indochina Time),$1513
Tue Jun 15 2021 00:00:00 GMT+0700 (Indochina Time),$1513
Sat Jun 19 2021 00:00:00 GMT+0700 (Indochina Time),$1490
Mon Jun 21 2021 00:00:00 GMT+0700 (Indochina Time),$1511
Fri Jun 25 2021 00:00:00 GMT+0700 (Indochina Time),$1517
Tue Jun 29 2021 00:00:00 GMT+0700 (Indochina Time),$1534
Thu Jul 01 2021 00:00:00 GMT+0700 (Indochina Time),$1558
Mon Jul 05 2021 00:00:00 GMT+0700 (Indochina Time),$1558
Tue Jul 06 2021 00:00:00 GMT+0700 (Indochina Time),$1564
Sat Jul 10 2021 00:00:00 GMT+0700 (Indochina Time),$1574
Wed Jul 14 2021 00:00:00 GMT+0700 (Indochina Time),$1562
Fri Jul 16 2021 00:00:00 GMT+0700 (Indochina Time),$1568
Sun Jul 18 2021 00:00:00 GMT+0700 (Indochina Time),$1616
Wed Jul 21 2021 00:00:00 GMT+0700 (Indochina Time),$1631
Mon Jul 26 2021 00:00:00 GMT+0700 (Indochina Time),$1632
Tue Jul 27 2021 00:00:00 GMT+0700 (Indochina Time),$1632
Sat Jul 31 2021 00:00:00 GMT+0700 (Indochina Time),$1699
Tue Aug 03 2021 00:00:00 GMT+0700 (Indochina Time),$1743
Sat Aug 07 2021 00:00:00 GMT+0700 (Indochina Time),$1744
Mon Aug 09 2021 00:00:00 GMT+0700 (Indochina Time),$1752
Fri Aug 13 2021 00:00:00 GMT+0700 (Indochina Time),$1741
Mon Aug 16 2021 00:00:00 GMT+0700 (Indochina Time),$1757
Wed Aug 18 2021 00:00:00 GMT+0700 (Indochina Time),$1725
Sat Aug 21 2021 00:00:00 GMT+0700 (Indochina Time),$1701
Mon Aug 23 2021 00:00:00 GMT+0700 (Indochina Time),$1741
Sat Aug 28 2021 00:00:00 GMT+0700 (Indochina Time),$1758
Sun Aug 29 2021 00:00:00 GMT+0700 (Indochina Time),$1749
Thu Sep 02 2021 00:00:00 GMT+0700 (Indochina Time),$1748
Sun Sep 05 2021 00:00:00 GMT+0700 (Indochina Time),$1747
Thu Sep 09 2021 00:00:00 GMT+0700 (Indochina Time),$1732
Sat Sep 11 2021 00:00:00 GMT+0700 (Indochina Time),$1682
Wed Sep 15 2021 00:00:00 GMT+0700 (Indochina Time),$1679
Thu Sep 16 2021 00:00:00 GMT+0700 (Indochina Time),$1661
Tue Sep 21 2021 00:00:00 GMT+0700 (Indochina Time),$1629
Thu Sep 23 2021 00:00:00 GMT+0700 (Indochina Time),$1629
Sun Sep 26 2021 00:00:00 GMT+0700 (Indochina Time),$1624
Wed Sep 29 2021 00:00:00 GMT+0700 (Indochina Time),$1572
Sat Oct 02 2021 00:00:00 GMT+0700 (Indochina Time),$1559
Mon Oct 04 2021 00:00:00 GMT+0700 (Indochina Time),$1560
Sat Oct 09 2021 00:00:00 GMT+0700 (Indochina Time),$1633
Tue Oct 12 2021 00:00:00 GMT+0700 (Indochina Time),$1641
Thu Oct 14 2021 00:00:00 GMT+0700 (Indochina Time),$1608
Sat Oct 16 2021 00:00:00 GMT+0700 (Indochina Time),$1595
Thu Oct 21 2021 00:00:00 GMT+0700 (Indochina Time),$1592
Fri Oct 22 2021 00:00:00 GMT+0700 (Indochina Time),$1604
Wed Oct 27 2021 00:00:00 GMT+0700 (Indochina Time),$1605
Sat Oct 30 2021 00:00:00 GMT+0700 (Indochina Time),$1593
Tue Nov 02 2021 00:00:00 GMT+0700 (Indochina Time),$1636
Wed Nov 03 2021 00:00:00 GMT+0700 (Indochina Time),$1631
Sat Nov 06 2021 00:00:00 GMT+0700 (Indochina Time),$1631
Thu Nov 11 2021 00:00:00 GMT+0700 (Indochina Time),$1631
Sun Nov 14 2021 00:00:00 GMT+0700 (Indochina Time),$1657
Mon Nov 15 2021 00:00:00 GMT+0700 (Indochina Time),$1642
Thu Nov 18 2021 00:00:00 GMT+0700 (Indochina Time),$1653
Sun Nov 21 2021 00:00:00 GMT+0700 (Indochina Time),$1633
Thu Nov 25 2021 00:00:00 GMT+0700 (Indochina Time),$1633
Sat Nov 27 2021 00:00:00 GMT+0700 (Indochina Time),$1618
Tue Nov 30 2021 00:00:00 GMT+0700 (Indochina Time),$1568
Sat Dec 04 2021 00:00:00 GMT+0700 (Indochina Time),$1568
Tue Dec 07 2021 00:00:00 GMT+0700 (Indochina Time),$1544
Thu Dec 09 2021 00:00:00 GMT+0700 (Indochina Time),$1554
Tue Dec 14 2021 00:00:00 GMT+0700 (Indochina Time),$1546
Thu Dec 16 2021 00:00:00 GMT+0700 (Indochina Time),$1546
Sat Dec 18 2021 00:00:00 GMT+0700 (Indochina Time),$1519
Tue Dec 21 2021 00:00:00 GMT+0700 (Indochina Time),$1519
Sun Dec 26 2021 00:00:00 GMT+0700 (Indochina Time),$1519
Tue Dec 28 2021 00:00:00 GMT+0700 (Indochina Time),$1524
Thu Dec 30 2021 00:00:00 GMT+0700 (Indochina Time),$1517
Tue Jan 04 2022 00:00:00 GMT+0700 (Indochina Time),$1518
Thu Jan 06 2022 00:00:00 GMT+0700 (Indochina Time),$1514
Sun Jan 09 2022 00:00:00 GMT+0700 (Indochina Time),$1521
Tue Jan 11 2022 00:00:00 GMT+0700 (Indochina Time),$1515
Sun Jan 16 2022 00:00:00 GMT+0700 (Indochina Time),$1515
Wed Jan 19 2022 00:00:00 GMT+0700 (Indochina Time),$1511
Fri Jan 21 2022 00:00:00 GMT+0700 (Indochina Time),$1489
Sun Jan 23 2022 00:00:00 GMT+0700 (Indochina Time),$1486
Fri Jan 28 2022 00:00:00 GMT+0700 (Indochina Time),$1486
Sun Jan 30 2022 00:00:00 GMT+0700 (Indochina Time),$1486
Thu Feb 03 2022 00:00:00 GMT+0700 (Indochina Time),$1452
Sat Feb 05 2022 00:00:00 GMT+0700 (Indochina Time),$1483
Wed Feb 09 2022 00:00:00 GMT+0700 (Indochina Time),$1483
Sat Feb 12 2022 00:00:00 GMT+0700 (Indochina Time),$1502
Tue Feb 15 2022 00:00:00 GMT+0700 (Indochina Time),$1502
Wed Feb 16 2022 00:00:00 GMT+0700 (Indochina Time),$1530
Sat Feb 19 2022 00:00:00 GMT+0700 (Indochina Time),$1531
Wed Feb 23 2022 00:00:00 GMT+0700 (Indochina Time),$1564
Fri Feb 25 2022 00:00:00 GMT+0700 (Indochina Time),$1546
Tue Mar 01 2022 00:00:00 GMT+0700 (Indochina Time),$1566
Thu Mar 03 2022 00:00:00 GMT+0700 (Indochina Time),$1563
Mon Mar 07 2022 00:00:00 GMT+0700 (Indochina Time),$1578
