Wed Aug 26 2020 00:00:00 GMT+0700 (Indochina Time),$6772
Thu Aug 27 2020 00:00:00 GMT+0700 (Indochina Time),$6772
Fri Aug 28 2020 00:00:00 GMT+0700 (Indochina Time),$6772
Sun Aug 30 2020 00:00:00 GMT+0700 (Indochina Time),$6772
Mon Aug 31 2020 00:00:00 GMT+0700 (Indochina Time),$6772
Wed Sep 02 2020 00:00:00 GMT+0700 (Indochina Time),$6772
Thu Sep 03 2020 00:00:00 GMT+0700 (Indochina Time),$6772
Sat Sep 05 2020 00:00:00 GMT+0700 (Indochina Time),$6772
Sun Sep 06 2020 00:00:00 GMT+0700 (Indochina Time),$6772
Tue Sep 08 2020 00:00:00 GMT+0700 (Indochina Time),$6772
Wed Sep 09 2020 00:00:00 GMT+0700 (Indochina Time),$6772
Fri Sep 11 2020 00:00:00 GMT+0700 (Indochina Time),$6772
Sat Sep 12 2020 00:00:00 GMT+0700 (Indochina Time),$6772
Mon Sep 14 2020 00:00:00 GMT+0700 (Indochina Time),$6772
Tue Sep 15 2020 00:00:00 GMT+0700 (Indochina Time),$6772
Thu Sep 17 2020 00:00:00 GMT+0700 (Indochina Time),$6772
Sat Sep 19 2020 00:00:00 GMT+0700 (Indochina Time),$6772
Sun Sep 20 2020 00:00:00 GMT+0700 (Indochina Time),$6772
Tue Sep 22 2020 00:00:00 GMT+0700 (Indochina Time),$6772
Wed Sep 23 2020 00:00:00 GMT+0700 (Indochina Time),$6772
Fri Sep 25 2020 00:00:00 GMT+0700 (Indochina Time),$6772
Sat Sep 26 2020 00:00:00 GMT+0700 (Indochina Time),$6772
Mon Sep 28 2020 00:00:00 GMT+0700 (Indochina Time),$6772
Tue Sep 29 2020 00:00:00 GMT+0700 (Indochina Time),$6772
Thu Oct 01 2020 00:00:00 GMT+0700 (Indochina Time),$6772
Fri Oct 02 2020 00:00:00 GMT+0700 (Indochina Time),$6772
Sun Oct 04 2020 00:00:00 GMT+0700 (Indochina Time),$6772
Mon Oct 05 2020 00:00:00 GMT+0700 (Indochina Time),$6772
Wed Oct 07 2020 00:00:00 GMT+0700 (Indochina Time),$6772
Thu Oct 08 2020 00:00:00 GMT+0700 (Indochina Time),$6772
Sat Oct 10 2020 00:00:00 GMT+0700 (Indochina Time),$6772
Mon Oct 12 2020 00:00:00 GMT+0700 (Indochina Time),$6772
Tue Oct 13 2020 00:00:00 GMT+0700 (Indochina Time),$6772
Thu Oct 15 2020 00:00:00 GMT+0700 (Indochina Time),$6772
Fri Oct 16 2020 00:00:00 GMT+0700 (Indochina Time),$6772
Sun Oct 18 2020 00:00:00 GMT+0700 (Indochina Time),$6772
Mon Oct 19 2020 00:00:00 GMT+0700 (Indochina Time),$6772
Wed Oct 21 2020 00:00:00 GMT+0700 (Indochina Time),$6772
Thu Oct 22 2020 00:00:00 GMT+0700 (Indochina Time),$6772
Sat Oct 24 2020 00:00:00 GMT+0700 (Indochina Time),$6772
Sun Oct 25 2020 00:00:00 GMT+0700 (Indochina Time),$6772
Tue Oct 27 2020 00:00:00 GMT+0700 (Indochina Time),$6772
Wed Oct 28 2020 00:00:00 GMT+0700 (Indochina Time),$6772
Fri Oct 30 2020 00:00:00 GMT+0700 (Indochina Time),$6772
Sat Oct 31 2020 00:00:00 GMT+0700 (Indochina Time),$6772
Mon Nov 02 2020 00:00:00 GMT+0700 (Indochina Time),$6772
Wed Nov 04 2020 00:00:00 GMT+0700 (Indochina Time),$6772
Thu Nov 05 2020 00:00:00 GMT+0700 (Indochina Time),$6772
Sat Nov 07 2020 00:00:00 GMT+0700 (Indochina Time),$6772
Sun Nov 08 2020 00:00:00 GMT+0700 (Indochina Time),$6772
Tue Nov 10 2020 00:00:00 GMT+0700 (Indochina Time),$6772
Wed Nov 11 2020 00:00:00 GMT+0700 (Indochina Time),$6772
Fri Nov 13 2020 00:00:00 GMT+0700 (Indochina Time),$6772
Sat Nov 14 2020 00:00:00 GMT+0700 (Indochina Time),$6772
Mon Nov 16 2020 00:00:00 GMT+0700 (Indochina Time),$8790
Tue Nov 17 2020 00:00:00 GMT+0700 (Indochina Time),$8790
Thu Nov 19 2020 00:00:00 GMT+0700 (Indochina Time),$8790
Fri Nov 20 2020 00:00:00 GMT+0700 (Indochina Time),$8790
Sun Nov 22 2020 00:00:00 GMT+0700 (Indochina Time),$8790
Mon Nov 23 2020 00:00:00 GMT+0700 (Indochina Time),$8790
Wed Nov 25 2020 00:00:00 GMT+0700 (Indochina Time),$8790
Fri Nov 27 2020 00:00:00 GMT+0700 (Indochina Time),$8790
Sat Nov 28 2020 00:00:00 GMT+0700 (Indochina Time),$8790
Mon Nov 30 2020 00:00:00 GMT+0700 (Indochina Time),$8790
Tue Dec 01 2020 00:00:00 GMT+0700 (Indochina Time),$8790
Thu Dec 03 2020 00:00:00 GMT+0700 (Indochina Time),$8790
Fri Dec 04 2020 00:00:00 GMT+0700 (Indochina Time),$8790
Sun Dec 06 2020 00:00:00 GMT+0700 (Indochina Time),$8790
Mon Dec 07 2020 00:00:00 GMT+0700 (Indochina Time),$8790
Wed Dec 09 2020 00:00:00 GMT+0700 (Indochina Time),$8790
Thu Dec 10 2020 00:00:00 GMT+0700 (Indochina Time),$8790
Sat Dec 12 2020 00:00:00 GMT+0700 (Indochina Time),$8790
Sun Dec 13 2020 00:00:00 GMT+0700 (Indochina Time),$8790
Tue Dec 15 2020 00:00:00 GMT+0700 (Indochina Time),$8790
Thu Dec 17 2020 00:00:00 GMT+0700 (Indochina Time),$8790
Fri Dec 18 2020 00:00:00 GMT+0700 (Indochina Time),$8790
Sun Dec 20 2020 00:00:00 GMT+0700 (Indochina Time),$8790
Mon Dec 21 2020 00:00:00 GMT+0700 (Indochina Time),$8790
Wed Dec 23 2020 00:00:00 GMT+0700 (Indochina Time),$8790
Thu Dec 24 2020 00:00:00 GMT+0700 (Indochina Time),$8790
Sat Dec 26 2020 00:00:00 GMT+0700 (Indochina Time),$8790
Sun Dec 27 2020 00:00:00 GMT+0700 (Indochina Time),$8790
Tue Dec 29 2020 00:00:00 GMT+0700 (Indochina Time),$8790
Wed Dec 30 2020 00:00:00 GMT+0700 (Indochina Time),$8790
Fri Jan 01 2021 00:00:00 GMT+0700 (Indochina Time),$8790
Sat Jan 02 2021 00:00:00 GMT+0700 (Indochina Time),$8790
Mon Jan 04 2021 00:00:00 GMT+0700 (Indochina Time),$8790
Tue Jan 05 2021 00:00:00 GMT+0700 (Indochina Time),$8790
Thu Jan 07 2021 00:00:00 GMT+0700 (Indochina Time),$8790
Sat Jan 09 2021 00:00:00 GMT+0700 (Indochina Time),$8790
Sun Jan 10 2021 00:00:00 GMT+0700 (Indochina Time),$8790
Tue Jan 12 2021 00:00:00 GMT+0700 (Indochina Time),$8790
Wed Jan 13 2021 00:00:00 GMT+0700 (Indochina Time),$8790
Fri Jan 15 2021 00:00:00 GMT+0700 (Indochina Time),$8790
Sat Jan 16 2021 00:00:00 GMT+0700 (Indochina Time),$8790
Mon Jan 18 2021 00:00:00 GMT+0700 (Indochina Time),$8790
Tue Jan 19 2021 00:00:00 GMT+0700 (Indochina Time),$8790
Thu Jan 21 2021 00:00:00 GMT+0700 (Indochina Time),$8790
Fri Jan 22 2021 00:00:00 GMT+0700 (Indochina Time),$8790
Sun Jan 24 2021 00:00:00 GMT+0700 (Indochina Time),$8790
Mon Jan 25 2021 00:00:00 GMT+0700 (Indochina Time),$8790
Wed Jan 27 2021 00:00:00 GMT+0700 (Indochina Time),$9205
Fri Jan 29 2021 00:00:00 GMT+0700 (Indochina Time),$9205
Sat Jan 30 2021 00:00:00 GMT+0700 (Indochina Time),$9795
Mon Feb 01 2021 00:00:00 GMT+0700 (Indochina Time),$9974
Tue Feb 02 2021 00:00:00 GMT+0700 (Indochina Time),$9974
Thu Feb 04 2021 00:00:00 GMT+0700 (Indochina Time),$9974
Fri Feb 05 2021 00:00:00 GMT+0700 (Indochina Time),$9974
Sun Feb 07 2021 00:00:00 GMT+0700 (Indochina Time),$9974
Mon Feb 08 2021 00:00:00 GMT+0700 (Indochina Time),$9974
Wed Feb 10 2021 00:00:00 GMT+0700 (Indochina Time),$9974
Thu Feb 11 2021 00:00:00 GMT+0700 (Indochina Time),$9974
Sat Feb 13 2021 00:00:00 GMT+0700 (Indochina Time),$9974
Sun Feb 14 2021 00:00:00 GMT+0700 (Indochina Time),$9974
Tue Feb 16 2021 00:00:00 GMT+0700 (Indochina Time),$9974
Wed Feb 17 2021 00:00:00 GMT+0700 (Indochina Time),$9974
Fri Feb 19 2021 00:00:00 GMT+0700 (Indochina Time),$9974
Sun Feb 21 2021 00:00:00 GMT+0700 (Indochina Time),$9957
Mon Feb 22 2021 00:00:00 GMT+0700 (Indochina Time),$10052
Wed Feb 24 2021 00:00:00 GMT+0700 (Indochina Time),$10050
Thu Feb 25 2021 00:00:00 GMT+0700 (Indochina Time),$10050
Sat Feb 27 2021 00:00:00 GMT+0700 (Indochina Time),$10050
Mon Mar 01 2021 00:00:00 GMT+0700 (Indochina Time),$10050
Tue Mar 02 2021 00:00:00 GMT+0700 (Indochina Time),$10163
Thu Mar 04 2021 00:00:00 GMT+0700 (Indochina Time),$10163
Fri Mar 05 2021 00:00:00 GMT+0700 (Indochina Time),$10464
Sat Mar 06 2021 00:00:00 GMT+0700 (Indochina Time),$10464
Mon Mar 08 2021 00:00:00 GMT+0700 (Indochina Time),$10464
Tue Mar 09 2021 00:00:00 GMT+0700 (Indochina Time),$10464
Thu Mar 11 2021 00:00:00 GMT+0700 (Indochina Time),$10464
Fri Mar 12 2021 00:00:00 GMT+0700 (Indochina Time),$10522
Sun Mar 14 2021 00:00:00 GMT+0700 (Indochina Time),$10522
Tue Mar 16 2021 00:00:00 GMT+0700 (Indochina Time),$10522
Thu Mar 18 2021 00:00:00 GMT+0700 (Indochina Time),$10522
Fri Mar 19 2021 00:00:00 GMT+0700 (Indochina Time),$10452
Sat Mar 20 2021 00:00:00 GMT+0700 (Indochina Time),$10452
Mon Mar 22 2021 00:00:00 GMT+0700 (Indochina Time),$10452
Tue Mar 23 2021 00:00:00 GMT+0700 (Indochina Time),$10452
Thu Mar 25 2021 00:00:00 GMT+0700 (Indochina Time),$10452
Fri Mar 26 2021 00:00:00 GMT+0700 (Indochina Time),$10452
Sun Mar 28 2021 00:00:00 GMT+0700 (Indochina Time),$10452
Mon Mar 29 2021 00:00:00 GMT+0700 (Indochina Time),$10606
Wed Mar 31 2021 00:00:00 GMT+0700 (Indochina Time),$10671
Thu Apr 01 2021 00:00:00 GMT+0700 (Indochina Time),$10671
Sat Apr 03 2021 00:00:00 GMT+0700 (Indochina Time),$10615
Mon Apr 05 2021 00:00:00 GMT+0700 (Indochina Time),$10615
Tue Apr 06 2021 00:00:00 GMT+0700 (Indochina Time),$10573
Thu Apr 08 2021 00:00:00 GMT+0700 (Indochina Time),$10573
Fri Apr 09 2021 00:00:00 GMT+0700 (Indochina Time),$10604
Sun Apr 11 2021 00:00:00 GMT+0700 (Indochina Time),$10604
Mon Apr 12 2021 00:00:00 GMT+0700 (Indochina Time),$10648
Wed Apr 14 2021 00:00:00 GMT+0700 (Indochina Time),$10648
Fri Apr 16 2021 00:00:00 GMT+0700 (Indochina Time),$10716
Sat Apr 17 2021 00:00:00 GMT+0700 (Indochina Time),$10716
Sun Apr 18 2021 00:00:00 GMT+0700 (Indochina Time),$10716
Tue Apr 20 2021 00:00:00 GMT+0700 (Indochina Time),$10716
Wed Apr 21 2021 00:00:00 GMT+0700 (Indochina Time),$10716
Fri Apr 23 2021 00:00:00 GMT+0700 (Indochina Time),$10716
Sat Apr 24 2021 00:00:00 GMT+0700 (Indochina Time),$10716
Mon Apr 26 2021 00:00:00 GMT+0700 (Indochina Time),$10716
Tue Apr 27 2021 00:00:00 GMT+0700 (Indochina Time),$10945
Thu Apr 29 2021 00:00:00 GMT+0700 (Indochina Time),$10927
Sat May 01 2021 00:00:00 GMT+0700 (Indochina Time),$10927
Sun May 02 2021 00:00:00 GMT+0700 (Indochina Time),$10927
Tue May 04 2021 00:00:00 GMT+0700 (Indochina Time),$10927
Wed May 05 2021 00:00:00 GMT+0700 (Indochina Time),$10927
Fri May 07 2021 00:00:00 GMT+0700 (Indochina Time),$10927
Sat May 08 2021 00:00:00 GMT+0700 (Indochina Time),$10927
Mon May 10 2021 00:00:00 GMT+0700 (Indochina Time),$10927
Tue May 11 2021 00:00:00 GMT+0700 (Indochina Time),$10927
Thu May 13 2021 00:00:00 GMT+0700 (Indochina Time),$10927
Fri May 14 2021 00:00:00 GMT+0700 (Indochina Time),$10927
Sun May 16 2021 00:00:00 GMT+0700 (Indochina Time),$10909
Mon May 17 2021 00:00:00 GMT+0700 (Indochina Time),$10909
Wed May 19 2021 00:00:00 GMT+0700 (Indochina Time),$10909
Thu May 20 2021 00:00:00 GMT+0700 (Indochina Time),$10895
Sat May 22 2021 00:00:00 GMT+0700 (Indochina Time),$10895
Mon May 24 2021 00:00:00 GMT+0700 (Indochina Time),$10895
Tue May 25 2021 00:00:00 GMT+0700 (Indochina Time),$10895
Thu May 27 2021 00:00:00 GMT+0700 (Indochina Time),$10895
Fri May 28 2021 00:00:00 GMT+0700 (Indochina Time),$10895
Sun May 30 2021 00:00:00 GMT+0700 (Indochina Time),$10895
Mon May 31 2021 00:00:00 GMT+0700 (Indochina Time),$10895
Wed Jun 02 2021 00:00:00 GMT+0700 (Indochina Time),$10831
Thu Jun 03 2021 00:00:00 GMT+0700 (Indochina Time),$10831
Sat Jun 05 2021 00:00:00 GMT+0700 (Indochina Time),$10831
Sun Jun 06 2021 00:00:00 GMT+0700 (Indochina Time),$10831
Tue Jun 08 2021 00:00:00 GMT+0700 (Indochina Time),$10831
Thu Jun 10 2021 00:00:00 GMT+0700 (Indochina Time),$10831
Fri Jun 11 2021 00:00:00 GMT+0700 (Indochina Time),$10831
Sun Jun 13 2021 00:00:00 GMT+0700 (Indochina Time),$11050
Tue Jun 15 2021 00:00:00 GMT+0700 (Indochina Time),$11107
Wed Jun 16 2021 00:00:00 GMT+0700 (Indochina Time),$11084
Thu Jun 17 2021 00:00:00 GMT+0700 (Indochina Time),$11084
Sat Jun 19 2021 00:00:00 GMT+0700 (Indochina Time),$11084
Sun Jun 20 2021 00:00:00 GMT+0700 (Indochina Time),$11064
Tue Jun 22 2021 00:00:00 GMT+0700 (Indochina Time),$11064
Wed Jun 23 2021 00:00:00 GMT+0700 (Indochina Time),$11064
Fri Jun 25 2021 00:00:00 GMT+0700 (Indochina Time),$11064
Sat Jun 26 2021 00:00:00 GMT+0700 (Indochina Time),$11033
Mon Jun 28 2021 00:00:00 GMT+0700 (Indochina Time),$11033
Tue Jun 29 2021 00:00:00 GMT+0700 (Indochina Time),$11033
Thu Jul 01 2021 00:00:00 GMT+0700 (Indochina Time),$11033
Fri Jul 02 2021 00:00:00 GMT+0700 (Indochina Time),$11033
Mon Jul 05 2021 00:00:00 GMT+0700 (Indochina Time),$11033
Tue Jul 06 2021 00:00:00 GMT+0700 (Indochina Time),$10996
Wed Jul 07 2021 00:00:00 GMT+0700 (Indochina Time),$10996
Fri Jul 09 2021 00:00:00 GMT+0700 (Indochina Time),$10996
Sat Jul 10 2021 00:00:00 GMT+0700 (Indochina Time),$10996
Mon Jul 12 2021 00:00:00 GMT+0700 (Indochina Time),$10996
Tue Jul 13 2021 00:00:00 GMT+0700 (Indochina Time),$10996
Thu Jul 15 2021 00:00:00 GMT+0700 (Indochina Time),$10996
Fri Jul 16 2021 00:00:00 GMT+0700 (Indochina Time),$10996
Sun Jul 18 2021 00:00:00 GMT+0700 (Indochina Time),$10996
Mon Jul 19 2021 00:00:00 GMT+0700 (Indochina Time),$10996
Wed Jul 21 2021 00:00:00 GMT+0700 (Indochina Time),$10996
Thu Jul 22 2021 00:00:00 GMT+0700 (Indochina Time),$10996
Sat Jul 24 2021 00:00:00 GMT+0700 (Indochina Time),$11052
Mon Jul 26 2021 00:00:00 GMT+0700 (Indochina Time),$11052
Tue Jul 27 2021 00:00:00 GMT+0700 (Indochina Time),$11077
Thu Jul 29 2021 00:00:00 GMT+0700 (Indochina Time),$11077
Fri Jul 30 2021 00:00:00 GMT+0700 (Indochina Time),$11077
Sun Aug 01 2021 00:00:00 GMT+0700 (Indochina Time),$11077
Mon Aug 02 2021 00:00:00 GMT+0700 (Indochina Time),$11077
Wed Aug 04 2021 00:00:00 GMT+0700 (Indochina Time),$11115
Fri Aug 06 2021 00:00:00 GMT+0700 (Indochina Time),$11115
Sat Aug 07 2021 00:00:00 GMT+0700 (Indochina Time),$11182
Mon Aug 09 2021 00:00:00 GMT+0700 (Indochina Time),$11182
Tue Aug 10 2021 00:00:00 GMT+0700 (Indochina Time),$11255
Wed Aug 11 2021 00:00:00 GMT+0700 (Indochina Time),$11255
Fri Aug 13 2021 00:00:00 GMT+0700 (Indochina Time),$11255
Sat Aug 14 2021 00:00:00 GMT+0700 (Indochina Time),$11255
Mon Aug 16 2021 00:00:00 GMT+0700 (Indochina Time),$11255
Tue Aug 17 2021 00:00:00 GMT+0700 (Indochina Time),$11255
Thu Aug 19 2021 00:00:00 GMT+0700 (Indochina Time),$11255
Sat Aug 21 2021 00:00:00 GMT+0700 (Indochina Time),$11255
Mon Aug 23 2021 00:00:00 GMT+0700 (Indochina Time),$11255
Tue Aug 24 2021 00:00:00 GMT+0700 (Indochina Time),$11295
Wed Aug 25 2021 00:00:00 GMT+0700 (Indochina Time),$11295
Fri Aug 27 2021 00:00:00 GMT+0700 (Indochina Time),$11295
Sat Aug 28 2021 00:00:00 GMT+0700 (Indochina Time),$11295
Mon Aug 30 2021 00:00:00 GMT+0700 (Indochina Time),$11295
Tue Aug 31 2021 00:00:00 GMT+0700 (Indochina Time),$11317
Thu Sep 02 2021 00:00:00 GMT+0700 (Indochina Time),$11317
Fri Sep 03 2021 00:00:00 GMT+0700 (Indochina Time),$11340
Sun Sep 05 2021 00:00:00 GMT+0700 (Indochina Time),$11240
Mon Sep 06 2021 00:00:00 GMT+0700 (Indochina Time),$11240
Wed Sep 08 2021 00:00:00 GMT+0700 (Indochina Time),$11240
Fri Sep 10 2021 00:00:00 GMT+0700 (Indochina Time),$11240
Sat Sep 11 2021 00:00:00 GMT+0700 (Indochina Time),$11219
Mon Sep 13 2021 00:00:00 GMT+0700 (Indochina Time),$11219
Wed Sep 15 2021 00:00:00 GMT+0700 (Indochina Time),$11219
Thu Sep 16 2021 00:00:00 GMT+0700 (Indochina Time),$11310
Fri Sep 17 2021 00:00:00 GMT+0700 (Indochina Time),$11310
Sun Sep 19 2021 00:00:00 GMT+0700 (Indochina Time),$11310
Tue Sep 21 2021 00:00:00 GMT+0700 (Indochina Time),$11310
Wed Sep 22 2021 00:00:00 GMT+0700 (Indochina Time),$11272
Thu Sep 23 2021 00:00:00 GMT+0700 (Indochina Time),$11272
Sat Sep 25 2021 00:00:00 GMT+0700 (Indochina Time),$11272
Sun Sep 26 2021 00:00:00 GMT+0700 (Indochina Time),$11272
Tue Sep 28 2021 00:00:00 GMT+0700 (Indochina Time),$11272
Thu Sep 30 2021 00:00:00 GMT+0700 (Indochina Time),$11270
Fri Oct 01 2021 00:00:00 GMT+0700 (Indochina Time),$11270
Sun Oct 03 2021 00:00:00 GMT+0700 (Indochina Time),$11270
Mon Oct 04 2021 00:00:00 GMT+0700 (Indochina Time),$11270
Wed Oct 06 2021 00:00:00 GMT+0700 (Indochina Time),$11270
Thu Oct 07 2021 00:00:00 GMT+0700 (Indochina Time),$11270
Sat Oct 09 2021 00:00:00 GMT+0700 (Indochina Time),$11270
Mon Oct 11 2021 00:00:00 GMT+0700 (Indochina Time),$11300
Tue Oct 12 2021 00:00:00 GMT+0700 (Indochina Time),$11300
Thu Oct 14 2021 00:00:00 GMT+0700 (Indochina Time),$11300
Fri Oct 15 2021 00:00:00 GMT+0700 (Indochina Time),$11369
Sat Oct 16 2021 00:00:00 GMT+0700 (Indochina Time),$11369
Mon Oct 18 2021 00:00:00 GMT+0700 (Indochina Time),$11369
Tue Oct 19 2021 00:00:00 GMT+0700 (Indochina Time),$11314
Thu Oct 21 2021 00:00:00 GMT+0700 (Indochina Time),$11307
Sat Oct 23 2021 00:00:00 GMT+0700 (Indochina Time),$11240
Sun Oct 24 2021 00:00:00 GMT+0700 (Indochina Time),$11240
Tue Oct 26 2021 00:00:00 GMT+0700 (Indochina Time),$11240
Wed Oct 27 2021 00:00:00 GMT+0700 (Indochina Time),$11240
Fri Oct 29 2021 00:00:00 GMT+0700 (Indochina Time),$11240
Sat Oct 30 2021 00:00:00 GMT+0700 (Indochina Time),$11240
Mon Nov 01 2021 00:00:00 GMT+0700 (Indochina Time),$11240
Tue Nov 02 2021 00:00:00 GMT+0700 (Indochina Time),$11240
Thu Nov 04 2021 00:00:00 GMT+0700 (Indochina Time),$11240
Fri Nov 05 2021 00:00:00 GMT+0700 (Indochina Time),$11240
Sun Nov 07 2021 00:00:00 GMT+0700 (Indochina Time),$11240
Mon Nov 08 2021 00:00:00 GMT+0700 (Indochina Time),$11240
Wed Nov 10 2021 00:00:00 GMT+0700 (Indochina Time),$11240
Thu Nov 11 2021 00:00:00 GMT+0700 (Indochina Time),$11240
Sat Nov 13 2021 00:00:00 GMT+0700 (Indochina Time),$11240
Sun Nov 14 2021 00:00:00 GMT+0700 (Indochina Time),$11240
Tue Nov 16 2021 00:00:00 GMT+0700 (Indochina Time),$11240
Thu Nov 18 2021 00:00:00 GMT+0700 (Indochina Time),$11240
Fri Nov 19 2021 00:00:00 GMT+0700 (Indochina Time),$11240
Sun Nov 21 2021 00:00:00 GMT+0700 (Indochina Time),$11240
Mon Nov 22 2021 00:00:00 GMT+0700 (Indochina Time),$11240
Wed Nov 24 2021 00:00:00 GMT+0700 (Indochina Time),$11279
Fri Nov 26 2021 00:00:00 GMT+0700 (Indochina Time),$11333
Sat Nov 27 2021 00:00:00 GMT+0700 (Indochina Time),$11333
Sun Nov 28 2021 00:00:00 GMT+0700 (Indochina Time),$11333
Tue Nov 30 2021 00:00:00 GMT+0700 (Indochina Time),$11333
Thu Dec 02 2021 00:00:00 GMT+0700 (Indochina Time),$11379
Fri Dec 03 2021 00:00:00 GMT+0700 (Indochina Time),$11379
Sun Dec 05 2021 00:00:00 GMT+0700 (Indochina Time),$11379
Tue Dec 07 2021 00:00:00 GMT+0700 (Indochina Time),$11545
Wed Dec 08 2021 00:00:00 GMT+0700 (Indochina Time),$11545
Thu Dec 09 2021 00:00:00 GMT+0700 (Indochina Time),$11545
Sat Dec 11 2021 00:00:00 GMT+0700 (Indochina Time),$11545
Mon Dec 13 2021 00:00:00 GMT+0700 (Indochina Time),$11545
Tue Dec 14 2021 00:00:00 GMT+0700 (Indochina Time),$11556
Wed Dec 15 2021 00:00:00 GMT+0700 (Indochina Time),$11517
Fri Dec 17 2021 00:00:00 GMT+0700 (Indochina Time),$11543
Sun Dec 19 2021 00:00:00 GMT+0700 (Indochina Time),$11558
Mon Dec 20 2021 00:00:00 GMT+0700 (Indochina Time),$11543
Tue Dec 21 2021 00:00:00 GMT+0700 (Indochina Time),$11543
Thu Dec 23 2021 00:00:00 GMT+0700 (Indochina Time),$11543
Fri Dec 24 2021 00:00:00 GMT+0700 (Indochina Time),$11543
Sun Dec 26 2021 00:00:00 GMT+0700 (Indochina Time),$11543
Mon Dec 27 2021 00:00:00 GMT+0700 (Indochina Time),$11630
Thu Dec 30 2021 00:00:00 GMT+0700 (Indochina Time),$11634
Fri Dec 31 2021 00:00:00 GMT+0700 (Indochina Time),$11673
Sat Jan 01 2022 00:00:00 GMT+0700 (Indochina Time),$11673
Mon Jan 03 2022 00:00:00 GMT+0700 (Indochina Time),$11673
Tue Jan 04 2022 00:00:00 GMT+0700 (Indochina Time),$11673
Thu Jan 06 2022 00:00:00 GMT+0700 (Indochina Time),$11673
Fri Jan 07 2022 00:00:00 GMT+0700 (Indochina Time),$11673
Sun Jan 09 2022 00:00:00 GMT+0700 (Indochina Time),$11673
Tue Jan 11 2022 00:00:00 GMT+0700 (Indochina Time),$11710
Wed Jan 12 2022 00:00:00 GMT+0700 (Indochina Time),$11710
Thu Jan 13 2022 00:00:00 GMT+0700 (Indochina Time),$11710
Sat Jan 15 2022 00:00:00 GMT+0700 (Indochina Time),$11710
Mon Jan 17 2022 00:00:00 GMT+0700 (Indochina Time),$11729
Tue Jan 18 2022 00:00:00 GMT+0700 (Indochina Time),$11729
Wed Jan 19 2022 00:00:00 GMT+0700 (Indochina Time),$11729
Sat Jan 22 2022 00:00:00 GMT+0700 (Indochina Time),$11729
Sun Jan 23 2022 00:00:00 GMT+0700 (Indochina Time),$11677
Mon Jan 24 2022 00:00:00 GMT+0700 (Indochina Time),$11645
Wed Jan 26 2022 00:00:00 GMT+0700 (Indochina Time),$11645
Fri Jan 28 2022 00:00:00 GMT+0700 (Indochina Time),$11645
Sat Jan 29 2022 00:00:00 GMT+0700 (Indochina Time),$11649
Mon Jan 31 2022 00:00:00 GMT+0700 (Indochina Time),$11597
Tue Feb 01 2022 00:00:00 GMT+0700 (Indochina Time),$11761
Wed Feb 02 2022 00:00:00 GMT+0700 (Indochina Time),$11761
Fri Feb 04 2022 00:00:00 GMT+0700 (Indochina Time),$11782
Sun Feb 06 2022 00:00:00 GMT+0700 (Indochina Time),$11790
Mon Feb 07 2022 00:00:00 GMT+0700 (Indochina Time),$11790
Wed Feb 09 2022 00:00:00 GMT+0700 (Indochina Time),$11790
Thu Feb 10 2022 00:00:00 GMT+0700 (Indochina Time),$11840
Fri Feb 11 2022 00:00:00 GMT+0700 (Indochina Time),$12054
Sun Feb 13 2022 00:00:00 GMT+0700 (Indochina Time),$12054
Tue Feb 15 2022 00:00:00 GMT+0700 (Indochina Time),$12092
Wed Feb 16 2022 00:00:00 GMT+0700 (Indochina Time),$12092
Fri Feb 18 2022 00:00:00 GMT+0700 (Indochina Time),$12092
Sat Feb 19 2022 00:00:00 GMT+0700 (Indochina Time),$12092
Mon Feb 21 2022 00:00:00 GMT+0700 (Indochina Time),$12092
Tue Feb 22 2022 00:00:00 GMT+0700 (Indochina Time),$12092
Thu Feb 24 2022 00:00:00 GMT+0700 (Indochina Time),$12092
Fri Feb 25 2022 00:00:00 GMT+0700 (Indochina Time),$12092
Sun Feb 27 2022 00:00:00 GMT+0700 (Indochina Time),$12092
Mon Feb 28 2022 00:00:00 GMT+0700 (Indochina Time),$12092
Wed Mar 02 2022 00:00:00 GMT+0700 (Indochina Time),$12092
Thu Mar 03 2022 00:00:00 GMT+0700 (Indochina Time),$12092
Sat Mar 05 2022 00:00:00 GMT+0700 (Indochina Time),$12092
Mon Mar 07 2022 00:00:00 GMT+0700 (Indochina Time),$12092
