Fri Sep 10 2021 00:00:00 GMT+0700 (Indochina Time),$4285
Sat Sep 11 2021 00:00:00 GMT+0700 (Indochina Time),$4256
Sun Sep 12 2021 00:00:00 GMT+0700 (Indochina Time),$4200
Mon Sep 13 2021 00:00:00 GMT+0700 (Indochina Time),$4200
Tue Sep 14 2021 00:00:00 GMT+0700 (Indochina Time),$4200
Wed Sep 15 2021 00:00:00 GMT+0700 (Indochina Time),$4200
Thu Sep 16 2021 00:00:00 GMT+0700 (Indochina Time),$4246
Fri Sep 17 2021 00:00:00 GMT+0700 (Indochina Time),$4275
Sat Sep 18 2021 00:00:00 GMT+0700 (Indochina Time),$4341
Sun Sep 19 2021 00:00:00 GMT+0700 (Indochina Time),$4341
Mon Sep 20 2021 00:00:00 GMT+0700 (Indochina Time),$4341
Tue Sep 21 2021 00:00:00 GMT+0700 (Indochina Time),$4345
Wed Sep 22 2021 00:00:00 GMT+0700 (Indochina Time),$4345
Thu Sep 23 2021 00:00:00 GMT+0700 (Indochina Time),$4345
Fri Sep 24 2021 00:00:00 GMT+0700 (Indochina Time),$4364
Sat Sep 25 2021 00:00:00 GMT+0700 (Indochina Time),$4364
Sun Sep 26 2021 00:00:00 GMT+0700 (Indochina Time),$4364
Mon Sep 27 2021 00:00:00 GMT+0700 (Indochina Time),$4364
Tue Sep 28 2021 00:00:00 GMT+0700 (Indochina Time),$4364
Wed Sep 29 2021 00:00:00 GMT+0700 (Indochina Time),$4416
Thu Sep 30 2021 00:00:00 GMT+0700 (Indochina Time),$4436
Fri Oct 01 2021 00:00:00 GMT+0700 (Indochina Time),$4455
Sat Oct 02 2021 00:00:00 GMT+0700 (Indochina Time),$4454
Sun Oct 03 2021 00:00:00 GMT+0700 (Indochina Time),$4473
Mon Oct 04 2021 00:00:00 GMT+0700 (Indochina Time),$4473
Tue Oct 05 2021 00:00:00 GMT+0700 (Indochina Time),$4455
Wed Oct 06 2021 00:00:00 GMT+0700 (Indochina Time),$4534
Thu Oct 07 2021 00:00:00 GMT+0700 (Indochina Time),$4534
Fri Oct 08 2021 00:00:00 GMT+0700 (Indochina Time),$4534
Sat Oct 09 2021 00:00:00 GMT+0700 (Indochina Time),$4534
Sun Oct 10 2021 00:00:00 GMT+0700 (Indochina Time),$4538
Mon Oct 11 2021 00:00:00 GMT+0700 (Indochina Time),$4538
Tue Oct 12 2021 00:00:00 GMT+0700 (Indochina Time),$4538
Wed Oct 13 2021 00:00:00 GMT+0700 (Indochina Time),$4523
Thu Oct 14 2021 00:00:00 GMT+0700 (Indochina Time),$4523
Fri Oct 15 2021 00:00:00 GMT+0700 (Indochina Time),$4480
Sat Oct 16 2021 00:00:00 GMT+0700 (Indochina Time),$4480
Sun Oct 17 2021 00:00:00 GMT+0700 (Indochina Time),$4505
Mon Oct 18 2021 00:00:00 GMT+0700 (Indochina Time),$4458
Tue Oct 19 2021 00:00:00 GMT+0700 (Indochina Time),$4458
Wed Oct 20 2021 00:00:00 GMT+0700 (Indochina Time),$4396
Thu Oct 21 2021 00:00:00 GMT+0700 (Indochina Time),$4396
Fri Oct 22 2021 00:00:00 GMT+0700 (Indochina Time),$4333
Sat Oct 23 2021 00:00:00 GMT+0700 (Indochina Time),$4336
Sun Oct 24 2021 00:00:00 GMT+0700 (Indochina Time),$4336
Mon Oct 25 2021 00:00:00 GMT+0700 (Indochina Time),$4336
Tue Oct 26 2021 00:00:00 GMT+0700 (Indochina Time),$4336
Wed Oct 27 2021 00:00:00 GMT+0700 (Indochina Time),$4336
Thu Oct 28 2021 00:00:00 GMT+0700 (Indochina Time),$4336
Fri Oct 29 2021 00:00:00 GMT+0700 (Indochina Time),$4415
Sat Oct 30 2021 00:00:00 GMT+0700 (Indochina Time),$4415
Sun Oct 31 2021 00:00:00 GMT+0700 (Indochina Time),$4415
Mon Nov 01 2021 00:00:00 GMT+0700 (Indochina Time),$4415
Tue Nov 02 2021 00:00:00 GMT+0700 (Indochina Time),$4415
Wed Nov 03 2021 00:00:00 GMT+0700 (Indochina Time),$4523
Thu Nov 04 2021 00:00:00 GMT+0700 (Indochina Time),$4523
Fri Nov 05 2021 00:00:00 GMT+0700 (Indochina Time),$4520
Sat Nov 06 2021 00:00:00 GMT+0700 (Indochina Time),$4520
Sun Nov 07 2021 00:00:00 GMT+0700 (Indochina Time),$4520
Mon Nov 08 2021 00:00:00 GMT+0700 (Indochina Time),$4520
Tue Nov 09 2021 00:00:00 GMT+0700 (Indochina Time),$4520
Wed Nov 10 2021 00:00:00 GMT+0700 (Indochina Time),$4520
Thu Nov 11 2021 00:00:00 GMT+0700 (Indochina Time),$4520
Fri Nov 12 2021 00:00:00 GMT+0700 (Indochina Time),$4520
Sat Nov 13 2021 00:00:00 GMT+0700 (Indochina Time),$4548
Sun Nov 14 2021 00:00:00 GMT+0700 (Indochina Time),$4548
Mon Nov 15 2021 00:00:00 GMT+0700 (Indochina Time),$4548
Tue Nov 16 2021 00:00:00 GMT+0700 (Indochina Time),$4548
Wed Nov 17 2021 00:00:00 GMT+0700 (Indochina Time),$4562
Thu Nov 18 2021 00:00:00 GMT+0700 (Indochina Time),$4591
Fri Nov 19 2021 00:00:00 GMT+0700 (Indochina Time),$4591
Sat Nov 20 2021 00:00:00 GMT+0700 (Indochina Time),$4591
Sun Nov 21 2021 00:00:00 GMT+0700 (Indochina Time),$4591
Mon Nov 22 2021 00:00:00 GMT+0700 (Indochina Time),$4545
Tue Nov 23 2021 00:00:00 GMT+0700 (Indochina Time),$4545
Wed Nov 24 2021 00:00:00 GMT+0700 (Indochina Time),$4545
Thu Nov 25 2021 00:00:00 GMT+0700 (Indochina Time),$4467
Fri Nov 26 2021 00:00:00 GMT+0700 (Indochina Time),$4439
Sat Nov 27 2021 00:00:00 GMT+0700 (Indochina Time),$4439
Sun Nov 28 2021 00:00:00 GMT+0700 (Indochina Time),$4436
Mon Nov 29 2021 00:00:00 GMT+0700 (Indochina Time),$4436
Tue Nov 30 2021 00:00:00 GMT+0700 (Indochina Time),$4448
Wed Dec 01 2021 00:00:00 GMT+0700 (Indochina Time),$4448
Thu Dec 02 2021 00:00:00 GMT+0700 (Indochina Time),$4433
Fri Dec 03 2021 00:00:00 GMT+0700 (Indochina Time),$4433
Sat Dec 04 2021 00:00:00 GMT+0700 (Indochina Time),$4406
Sun Dec 05 2021 00:00:00 GMT+0700 (Indochina Time),$4406
Mon Dec 06 2021 00:00:00 GMT+0700 (Indochina Time),$4387
Tue Dec 07 2021 00:00:00 GMT+0700 (Indochina Time),$4391
Wed Dec 08 2021 00:00:00 GMT+0700 (Indochina Time),$4391
Thu Dec 09 2021 00:00:00 GMT+0700 (Indochina Time),$4391
Fri Dec 10 2021 00:00:00 GMT+0700 (Indochina Time),$4380
Sat Dec 11 2021 00:00:00 GMT+0700 (Indochina Time),$4380
Sun Dec 12 2021 00:00:00 GMT+0700 (Indochina Time),$4379
Mon Dec 13 2021 00:00:00 GMT+0700 (Indochina Time),$4376
Tue Dec 14 2021 00:00:00 GMT+0700 (Indochina Time),$4376
Wed Dec 15 2021 00:00:00 GMT+0700 (Indochina Time),$4376
Thu Dec 16 2021 00:00:00 GMT+0700 (Indochina Time),$4394
Fri Dec 17 2021 00:00:00 GMT+0700 (Indochina Time),$4394
Sat Dec 18 2021 00:00:00 GMT+0700 (Indochina Time),$4394
Sun Dec 19 2021 00:00:00 GMT+0700 (Indochina Time),$4394
Mon Dec 20 2021 00:00:00 GMT+0700 (Indochina Time),$4394
Tue Dec 21 2021 00:00:00 GMT+0700 (Indochina Time),$4394
Wed Dec 22 2021 00:00:00 GMT+0700 (Indochina Time),$4392
Thu Dec 23 2021 00:00:00 GMT+0700 (Indochina Time),$4405
Fri Dec 24 2021 00:00:00 GMT+0700 (Indochina Time),$4408
Sat Dec 25 2021 00:00:00 GMT+0700 (Indochina Time),$4427
Sun Dec 26 2021 00:00:00 GMT+0700 (Indochina Time),$4427
Mon Dec 27 2021 00:00:00 GMT+0700 (Indochina Time),$4427
Tue Dec 28 2021 00:00:00 GMT+0700 (Indochina Time),$4440
Wed Dec 29 2021 00:00:00 GMT+0700 (Indochina Time),$4440
Thu Dec 30 2021 00:00:00 GMT+0700 (Indochina Time),$4468
Fri Dec 31 2021 00:00:00 GMT+0700 (Indochina Time),$4483
Sat Jan 01 2022 00:00:00 GMT+0700 (Indochina Time),$4483
Sun Jan 02 2022 00:00:00 GMT+0700 (Indochina Time),$4483
Mon Jan 03 2022 00:00:00 GMT+0700 (Indochina Time),$4483
Tue Jan 04 2022 00:00:00 GMT+0700 (Indochina Time),$4495
Wed Jan 05 2022 00:00:00 GMT+0700 (Indochina Time),$4495
Thu Jan 06 2022 00:00:00 GMT+0700 (Indochina Time),$4495
Fri Jan 07 2022 00:00:00 GMT+0700 (Indochina Time),$4495
Sat Jan 08 2022 00:00:00 GMT+0700 (Indochina Time),$4495
Sun Jan 09 2022 00:00:00 GMT+0700 (Indochina Time),$4495
Mon Jan 10 2022 00:00:00 GMT+0700 (Indochina Time),$4495
Tue Jan 11 2022 00:00:00 GMT+0700 (Indochina Time),$4495
Wed Jan 12 2022 00:00:00 GMT+0700 (Indochina Time),$4487
Thu Jan 13 2022 00:00:00 GMT+0700 (Indochina Time),$4487
Fri Jan 14 2022 00:00:00 GMT+0700 (Indochina Time),$4487
Sat Jan 15 2022 00:00:00 GMT+0700 (Indochina Time),$4425
Sun Jan 16 2022 00:00:00 GMT+0700 (Indochina Time),$4485
Mon Jan 17 2022 00:00:00 GMT+0700 (Indochina Time),$4485
Tue Jan 18 2022 00:00:00 GMT+0700 (Indochina Time),$4485
Wed Jan 19 2022 00:00:00 GMT+0700 (Indochina Time),$4485
Thu Jan 20 2022 00:00:00 GMT+0700 (Indochina Time),$4485
Fri Jan 21 2022 00:00:00 GMT+0700 (Indochina Time),$4485
Sat Jan 22 2022 00:00:00 GMT+0700 (Indochina Time),$4485
Sun Jan 23 2022 00:00:00 GMT+0700 (Indochina Time),$4456
Mon Jan 24 2022 00:00:00 GMT+0700 (Indochina Time),$4456
Tue Jan 25 2022 00:00:00 GMT+0700 (Indochina Time),$4400
Wed Jan 26 2022 00:00:00 GMT+0700 (Indochina Time),$4400
Thu Jan 27 2022 00:00:00 GMT+0700 (Indochina Time),$4400
Fri Jan 28 2022 00:00:00 GMT+0700 (Indochina Time),$4400
Sat Jan 29 2022 00:00:00 GMT+0700 (Indochina Time),$4396
Sun Jan 30 2022 00:00:00 GMT+0700 (Indochina Time),$4364
Mon Jan 31 2022 00:00:00 GMT+0700 (Indochina Time),$4364
Tue Feb 01 2022 00:00:00 GMT+0700 (Indochina Time),$4364
Wed Feb 02 2022 00:00:00 GMT+0700 (Indochina Time),$4364
Thu Feb 03 2022 00:00:00 GMT+0700 (Indochina Time),$4364
Fri Feb 04 2022 00:00:00 GMT+0700 (Indochina Time),$4364
Sat Feb 05 2022 00:00:00 GMT+0700 (Indochina Time),$4354
Sun Feb 06 2022 00:00:00 GMT+0700 (Indochina Time),$4354
Mon Feb 07 2022 00:00:00 GMT+0700 (Indochina Time),$4354
Tue Feb 08 2022 00:00:00 GMT+0700 (Indochina Time),$4354
Wed Feb 09 2022 00:00:00 GMT+0700 (Indochina Time),$4354
Thu Feb 10 2022 00:00:00 GMT+0700 (Indochina Time),$4346
Fri Feb 11 2022 00:00:00 GMT+0700 (Indochina Time),$4346
Sat Feb 12 2022 00:00:00 GMT+0700 (Indochina Time),$4346
Sun Feb 13 2022 00:00:00 GMT+0700 (Indochina Time),$4346
Mon Feb 14 2022 00:00:00 GMT+0700 (Indochina Time),$4214
Tue Feb 15 2022 00:00:00 GMT+0700 (Indochina Time),$4214
Wed Feb 16 2022 00:00:00 GMT+0700 (Indochina Time),$4214
Thu Feb 17 2022 00:00:00 GMT+0700 (Indochina Time),$4214
Fri Feb 18 2022 00:00:00 GMT+0700 (Indochina Time),$4243
Sat Feb 19 2022 00:00:00 GMT+0700 (Indochina Time),$4539
Sun Feb 20 2022 00:00:00 GMT+0700 (Indochina Time),$4539
Mon Feb 21 2022 00:00:00 GMT+0700 (Indochina Time),$4539
Tue Feb 22 2022 00:00:00 GMT+0700 (Indochina Time),$4539
Wed Feb 23 2022 00:00:00 GMT+0700 (Indochina Time),$4529
Thu Feb 24 2022 00:00:00 GMT+0700 (Indochina Time),$4529
Fri Feb 25 2022 00:00:00 GMT+0700 (Indochina Time),$4529
Sat Feb 26 2022 00:00:00 GMT+0700 (Indochina Time),$4529
Sun Feb 27 2022 00:00:00 GMT+0700 (Indochina Time),$4529
Mon Feb 28 2022 00:00:00 GMT+0700 (Indochina Time),$4529
Tue Mar 01 2022 00:00:00 GMT+0700 (Indochina Time),$4562
Wed Mar 02 2022 00:00:00 GMT+0700 (Indochina Time),$4562
Thu Mar 03 2022 00:00:00 GMT+0700 (Indochina Time),$4539
Fri Mar 04 2022 00:00:00 GMT+0700 (Indochina Time),$4518
Sat Mar 05 2022 00:00:00 GMT+0700 (Indochina Time),$4518
Sun Mar 06 2022 00:00:00 GMT+0700 (Indochina Time),$4518
Mon Mar 07 2022 00:00:00 GMT+0700 (Indochina Time),$4518
Tue Mar 08 2022 00:00:00 GMT+0700 (Indochina Time),$4518
