Fri Mar 08 2019 00:00:00 GMT+0700 (Indochina Time),$23370
Sat Mar 09 2019 00:00:00 GMT+0700 (Indochina Time),$23370
Tue Mar 12 2019 00:00:00 GMT+0700 (Indochina Time),$23370
Fri Mar 15 2019 00:00:00 GMT+0700 (Indochina Time),$23370
Mon Mar 18 2019 00:00:00 GMT+0700 (Indochina Time),$23370
Thu Mar 21 2019 00:00:00 GMT+0700 (Indochina Time),$23370
Sun Mar 24 2019 00:00:00 GMT+0700 (Indochina Time),$23370
Wed Mar 27 2019 00:00:00 GMT+0700 (Indochina Time),$23370
Sat Mar 30 2019 00:00:00 GMT+0700 (Indochina Time),$23370
Tue Apr 02 2019 00:00:00 GMT+0700 (Indochina Time),$23370
Sun Apr 07 2019 00:00:00 GMT+0700 (Indochina Time),$23370
Tue Apr 09 2019 00:00:00 GMT+0700 (Indochina Time),$23793
Thu Apr 11 2019 00:00:00 GMT+0700 (Indochina Time),$23793
Sun Apr 14 2019 00:00:00 GMT+0700 (Indochina Time),$23793
Wed Apr 17 2019 00:00:00 GMT+0700 (Indochina Time),$23793
Sat Apr 20 2019 00:00:00 GMT+0700 (Indochina Time),$23793
Tue Apr 23 2019 00:00:00 GMT+0700 (Indochina Time),$23793
Fri Apr 26 2019 00:00:00 GMT+0700 (Indochina Time),$23793
Mon Apr 29 2019 00:00:00 GMT+0700 (Indochina Time),$23793
Thu May 02 2019 00:00:00 GMT+0700 (Indochina Time),$23793
Sun May 05 2019 00:00:00 GMT+0700 (Indochina Time),$23793
Wed May 08 2019 00:00:00 GMT+0700 (Indochina Time),$23793
Sat May 11 2019 00:00:00 GMT+0700 (Indochina Time),$23793
Tue May 14 2019 00:00:00 GMT+0700 (Indochina Time),$23793
Fri May 17 2019 00:00:00 GMT+0700 (Indochina Time),$23793
Mon May 20 2019 00:00:00 GMT+0700 (Indochina Time),$23793
Thu May 23 2019 00:00:00 GMT+0700 (Indochina Time),$23793
Sun May 26 2019 00:00:00 GMT+0700 (Indochina Time),$23793
Fri May 31 2019 00:00:00 GMT+0700 (Indochina Time),$23793
Mon Jun 03 2019 00:00:00 GMT+0700 (Indochina Time),$23789
Thu Jun 06 2019 00:00:00 GMT+0700 (Indochina Time),$23789
Fri Jun 07 2019 00:00:00 GMT+0700 (Indochina Time),$23789
Mon Jun 10 2019 00:00:00 GMT+0700 (Indochina Time),$21999
Thu Jun 13 2019 00:00:00 GMT+0700 (Indochina Time),$21999
Sun Jun 16 2019 00:00:00 GMT+0700 (Indochina Time),$21999
Wed Jun 19 2019 00:00:00 GMT+0700 (Indochina Time),$21999
Sat Jun 22 2019 00:00:00 GMT+0700 (Indochina Time),$21999
Tue Jun 25 2019 00:00:00 GMT+0700 (Indochina Time),$21999
Sun Jun 30 2019 00:00:00 GMT+0700 (Indochina Time),$21999
Tue Jul 02 2019 00:00:00 GMT+0700 (Indochina Time),$21999
Thu Jul 04 2019 00:00:00 GMT+0700 (Indochina Time),$22181
Sun Jul 07 2019 00:00:00 GMT+0700 (Indochina Time),$22181
Wed Jul 10 2019 00:00:00 GMT+0700 (Indochina Time),$22181
Sat Jul 13 2019 00:00:00 GMT+0700 (Indochina Time),$22181
Tue Jul 16 2019 00:00:00 GMT+0700 (Indochina Time),$22181
Fri Jul 19 2019 00:00:00 GMT+0700 (Indochina Time),$22181
Mon Jul 22 2019 00:00:00 GMT+0700 (Indochina Time),$22181
Thu Jul 25 2019 00:00:00 GMT+0700 (Indochina Time),$22181
Sun Jul 28 2019 00:00:00 GMT+0700 (Indochina Time),$22181
Wed Jul 31 2019 00:00:00 GMT+0700 (Indochina Time),$22181
Sat Aug 03 2019 00:00:00 GMT+0700 (Indochina Time),$22181
Tue Aug 06 2019 00:00:00 GMT+0700 (Indochina Time),$22181
Fri Aug 09 2019 00:00:00 GMT+0700 (Indochina Time),$22181
Mon Aug 12 2019 00:00:00 GMT+0700 (Indochina Time),$22181
Thu Aug 15 2019 00:00:00 GMT+0700 (Indochina Time),$22181
Sun Aug 18 2019 00:00:00 GMT+0700 (Indochina Time),$22181
Wed Aug 21 2019 00:00:00 GMT+0700 (Indochina Time),$22181
Sat Aug 24 2019 00:00:00 GMT+0700 (Indochina Time),$22181
Tue Aug 27 2019 00:00:00 GMT+0700 (Indochina Time),$22181
Fri Aug 30 2019 00:00:00 GMT+0700 (Indochina Time),$22181
Mon Sep 02 2019 00:00:00 GMT+0700 (Indochina Time),$22181
Thu Sep 05 2019 00:00:00 GMT+0700 (Indochina Time),$22181
Sun Sep 08 2019 00:00:00 GMT+0700 (Indochina Time),$22181
Wed Sep 11 2019 00:00:00 GMT+0700 (Indochina Time),$22181
Sat Sep 14 2019 00:00:00 GMT+0700 (Indochina Time),$22181
Tue Sep 17 2019 00:00:00 GMT+0700 (Indochina Time),$22181
Fri Sep 20 2019 00:00:00 GMT+0700 (Indochina Time),$22181
Mon Sep 23 2019 00:00:00 GMT+0700 (Indochina Time),$22181
Thu Sep 26 2019 00:00:00 GMT+0700 (Indochina Time),$22181
Tue Oct 01 2019 00:00:00 GMT+0700 (Indochina Time),$22181
Thu Oct 03 2019 00:00:00 GMT+0700 (Indochina Time),$22157
Sat Oct 05 2019 00:00:00 GMT+0700 (Indochina Time),$22157
Tue Oct 08 2019 00:00:00 GMT+0700 (Indochina Time),$22157
Fri Oct 11 2019 00:00:00 GMT+0700 (Indochina Time),$22157
Mon Oct 14 2019 00:00:00 GMT+0700 (Indochina Time),$22157
Thu Oct 17 2019 00:00:00 GMT+0700 (Indochina Time),$22157
Tue Oct 22 2019 00:00:00 GMT+0700 (Indochina Time),$22157
Thu Oct 24 2019 00:00:00 GMT+0700 (Indochina Time),$22150
Sat Oct 26 2019 00:00:00 GMT+0700 (Indochina Time),$22150
Tue Oct 29 2019 00:00:00 GMT+0700 (Indochina Time),$22150
Fri Nov 01 2019 00:00:00 GMT+0700 (Indochina Time),$22150
Mon Nov 04 2019 00:00:00 GMT+0700 (Indochina Time),$22150
Sat Nov 09 2019 00:00:00 GMT+0700 (Indochina Time),$22150
Sun Nov 10 2019 00:00:00 GMT+0700 (Indochina Time),$22217
Fri Nov 15 2019 00:00:00 GMT+0700 (Indochina Time),$22217
Sun Nov 17 2019 00:00:00 GMT+0700 (Indochina Time),$22217
Tue Nov 19 2019 00:00:00 GMT+0700 (Indochina Time),$22707
Sun Nov 24 2019 00:00:00 GMT+0700 (Indochina Time),$22895
Wed Nov 27 2019 00:00:00 GMT+0700 (Indochina Time),$23642
Thu Nov 28 2019 00:00:00 GMT+0700 (Indochina Time),$23642
Sun Dec 01 2019 00:00:00 GMT+0700 (Indochina Time),$23642
Wed Dec 04 2019 00:00:00 GMT+0700 (Indochina Time),$23642
Sun Dec 08 2019 00:00:00 GMT+0700 (Indochina Time),$23642
Wed Dec 11 2019 00:00:00 GMT+0700 (Indochina Time),$23642
Sat Dec 14 2019 00:00:00 GMT+0700 (Indochina Time),$23642
Tue Dec 17 2019 00:00:00 GMT+0700 (Indochina Time),$23642
Fri Dec 20 2019 00:00:00 GMT+0700 (Indochina Time),$23642
Mon Dec 23 2019 00:00:00 GMT+0700 (Indochina Time),$23642
Thu Dec 26 2019 00:00:00 GMT+0700 (Indochina Time),$23642
Sun Dec 29 2019 00:00:00 GMT+0700 (Indochina Time),$23642
Wed Jan 01 2020 00:00:00 GMT+0700 (Indochina Time),$23642
Sat Jan 04 2020 00:00:00 GMT+0700 (Indochina Time),$23642
Tue Jan 07 2020 00:00:00 GMT+0700 (Indochina Time),$23642
Fri Jan 10 2020 00:00:00 GMT+0700 (Indochina Time),$23642
Mon Jan 13 2020 00:00:00 GMT+0700 (Indochina Time),$23642
Thu Jan 16 2020 00:00:00 GMT+0700 (Indochina Time),$23642
Sun Jan 19 2020 00:00:00 GMT+0700 (Indochina Time),$23642
Wed Jan 22 2020 00:00:00 GMT+0700 (Indochina Time),$23642
Sat Jan 25 2020 00:00:00 GMT+0700 (Indochina Time),$23642
Tue Jan 28 2020 00:00:00 GMT+0700 (Indochina Time),$23642
Fri Jan 31 2020 00:00:00 GMT+0700 (Indochina Time),$23642
Wed Feb 05 2020 00:00:00 GMT+0700 (Indochina Time),$23642
Sat Feb 08 2020 00:00:00 GMT+0700 (Indochina Time),$24028
Sun Feb 09 2020 00:00:00 GMT+0700 (Indochina Time),$24028
Wed Feb 12 2020 00:00:00 GMT+0700 (Indochina Time),$24028
Sat Feb 15 2020 00:00:00 GMT+0700 (Indochina Time),$24028
Tue Feb 18 2020 00:00:00 GMT+0700 (Indochina Time),$24028
Fri Feb 21 2020 00:00:00 GMT+0700 (Indochina Time),$24028
Mon Feb 24 2020 00:00:00 GMT+0700 (Indochina Time),$24028
Thu Feb 27 2020 00:00:00 GMT+0700 (Indochina Time),$24028
Sun Mar 01 2020 00:00:00 GMT+0700 (Indochina Time),$24028
Wed Mar 04 2020 00:00:00 GMT+0700 (Indochina Time),$24028
Sat Mar 07 2020 00:00:00 GMT+0700 (Indochina Time),$24028
Tue Mar 10 2020 00:00:00 GMT+0700 (Indochina Time),$24028
Fri Mar 13 2020 00:00:00 GMT+0700 (Indochina Time),$24028
Mon Mar 16 2020 00:00:00 GMT+0700 (Indochina Time),$24028
Sat Mar 21 2020 00:00:00 GMT+0700 (Indochina Time),$24028
Tue Mar 24 2020 00:00:00 GMT+0700 (Indochina Time),$24306
Fri Mar 27 2020 00:00:00 GMT+0700 (Indochina Time),$24306
Sun Mar 29 2020 00:00:00 GMT+0700 (Indochina Time),$24530
Tue Mar 31 2020 00:00:00 GMT+0700 (Indochina Time),$24353
Sun Apr 05 2020 00:00:00 GMT+0700 (Indochina Time),$24353
Wed Apr 08 2020 00:00:00 GMT+0700 (Indochina Time),$24353
Sat Apr 11 2020 00:00:00 GMT+0700 (Indochina Time),$24353
Tue Apr 14 2020 00:00:00 GMT+0700 (Indochina Time),$24353
Fri Apr 17 2020 00:00:00 GMT+0700 (Indochina Time),$24353
Mon Apr 20 2020 00:00:00 GMT+0700 (Indochina Time),$24353
Thu Apr 23 2020 00:00:00 GMT+0700 (Indochina Time),$24353
Sun Apr 26 2020 00:00:00 GMT+0700 (Indochina Time),$24353
Tue Apr 28 2020 00:00:00 GMT+0700 (Indochina Time),$24331
Thu Apr 30 2020 00:00:00 GMT+0700 (Indochina Time),$24331
Sun May 03 2020 00:00:00 GMT+0700 (Indochina Time),$24331
Wed May 06 2020 00:00:00 GMT+0700 (Indochina Time),$24331
Sat May 09 2020 00:00:00 GMT+0700 (Indochina Time),$24331
Tue May 12 2020 00:00:00 GMT+0700 (Indochina Time),$24331
Fri May 15 2020 00:00:00 GMT+0700 (Indochina Time),$24331
Mon May 18 2020 00:00:00 GMT+0700 (Indochina Time),$24331
Thu May 21 2020 00:00:00 GMT+0700 (Indochina Time),$24331
Sun May 24 2020 00:00:00 GMT+0700 (Indochina Time),$24331
Wed May 27 2020 00:00:00 GMT+0700 (Indochina Time),$24331
Sat May 30 2020 00:00:00 GMT+0700 (Indochina Time),$24331
Tue Jun 02 2020 00:00:00 GMT+0700 (Indochina Time),$24331
Fri Jun 05 2020 00:00:00 GMT+0700 (Indochina Time),$24331
Mon Jun 08 2020 00:00:00 GMT+0700 (Indochina Time),$24331
Thu Jun 11 2020 00:00:00 GMT+0700 (Indochina Time),$24331
Sun Jun 14 2020 00:00:00 GMT+0700 (Indochina Time),$24331
Wed Jun 17 2020 00:00:00 GMT+0700 (Indochina Time),$24331
Sat Jun 20 2020 00:00:00 GMT+0700 (Indochina Time),$24331
Tue Jun 23 2020 00:00:00 GMT+0700 (Indochina Time),$24331
Fri Jun 26 2020 00:00:00 GMT+0700 (Indochina Time),$24331
Mon Jun 29 2020 00:00:00 GMT+0700 (Indochina Time),$24331
Thu Jul 02 2020 00:00:00 GMT+0700 (Indochina Time),$24331
Tue Jul 07 2020 00:00:00 GMT+0700 (Indochina Time),$24331
Fri Jul 10 2020 00:00:00 GMT+0700 (Indochina Time),$24239
Mon Jul 13 2020 00:00:00 GMT+0700 (Indochina Time),$24562
Thu Jul 16 2020 00:00:00 GMT+0700 (Indochina Time),$24562
Sun Jul 19 2020 00:00:00 GMT+0700 (Indochina Time),$24562
Wed Jul 22 2020 00:00:00 GMT+0700 (Indochina Time),$24562
Fri Jul 24 2020 00:00:00 GMT+0700 (Indochina Time),$24457
Sun Jul 26 2020 00:00:00 GMT+0700 (Indochina Time),$24457
Fri Jul 31 2020 00:00:00 GMT+0700 (Indochina Time),$24457
Sun Aug 02 2020 00:00:00 GMT+0700 (Indochina Time),$24457
Tue Aug 04 2020 00:00:00 GMT+0700 (Indochina Time),$24924
Fri Aug 07 2020 00:00:00 GMT+0700 (Indochina Time),$24924
Mon Aug 10 2020 00:00:00 GMT+0700 (Indochina Time),$24924
Thu Aug 13 2020 00:00:00 GMT+0700 (Indochina Time),$24924
Sun Aug 16 2020 00:00:00 GMT+0700 (Indochina Time),$24924
Fri Aug 21 2020 00:00:00 GMT+0700 (Indochina Time),$24924
Sun Aug 23 2020 00:00:00 GMT+0700 (Indochina Time),$24236
Tue Aug 25 2020 00:00:00 GMT+0700 (Indochina Time),$24236
Fri Aug 28 2020 00:00:00 GMT+0700 (Indochina Time),$24236
Mon Aug 31 2020 00:00:00 GMT+0700 (Indochina Time),$24236
Thu Sep 03 2020 00:00:00 GMT+0700 (Indochina Time),$24236
Mon Sep 07 2020 00:00:00 GMT+0700 (Indochina Time),$24236
Thu Sep 10 2020 00:00:00 GMT+0700 (Indochina Time),$24236
Sun Sep 13 2020 00:00:00 GMT+0700 (Indochina Time),$24236
Wed Sep 16 2020 00:00:00 GMT+0700 (Indochina Time),$24236
Sat Sep 19 2020 00:00:00 GMT+0700 (Indochina Time),$24236
Tue Sep 22 2020 00:00:00 GMT+0700 (Indochina Time),$24236
Fri Sep 25 2020 00:00:00 GMT+0700 (Indochina Time),$24236
Mon Sep 28 2020 00:00:00 GMT+0700 (Indochina Time),$24236
Thu Oct 01 2020 00:00:00 GMT+0700 (Indochina Time),$24236
Sun Oct 04 2020 00:00:00 GMT+0700 (Indochina Time),$24236
Wed Oct 07 2020 00:00:00 GMT+0700 (Indochina Time),$24236
Sat Oct 10 2020 00:00:00 GMT+0700 (Indochina Time),$24236
Tue Oct 13 2020 00:00:00 GMT+0700 (Indochina Time),$24236
Sun Oct 18 2020 00:00:00 GMT+0700 (Indochina Time),$24236
Mon Oct 19 2020 00:00:00 GMT+0700 (Indochina Time),$24316
Thu Oct 22 2020 00:00:00 GMT+0700 (Indochina Time),$24316
Sun Oct 25 2020 00:00:00 GMT+0700 (Indochina Time),$24316
Wed Oct 28 2020 00:00:00 GMT+0700 (Indochina Time),$24316
Sat Oct 31 2020 00:00:00 GMT+0700 (Indochina Time),$24316
Tue Nov 03 2020 00:00:00 GMT+0700 (Indochina Time),$24316
Fri Nov 06 2020 00:00:00 GMT+0700 (Indochina Time),$24316
Mon Nov 09 2020 00:00:00 GMT+0700 (Indochina Time),$24316
Sat Nov 14 2020 00:00:00 GMT+0700 (Indochina Time),$24316
Tue Nov 17 2020 00:00:00 GMT+0700 (Indochina Time),$24487
Wed Nov 18 2020 00:00:00 GMT+0700 (Indochina Time),$28370
Sat Nov 21 2020 00:00:00 GMT+0700 (Indochina Time),$28909
Wed Nov 25 2020 00:00:00 GMT+0700 (Indochina Time),$28909
Fri Nov 27 2020 00:00:00 GMT+0700 (Indochina Time),$28682
Wed Dec 02 2020 00:00:00 GMT+0700 (Indochina Time),$28692
Fri Dec 04 2020 00:00:00 GMT+0700 (Indochina Time),$28660
Tue Dec 08 2020 00:00:00 GMT+0700 (Indochina Time),$28685
Fri Dec 11 2020 00:00:00 GMT+0700 (Indochina Time),$28636
Sat Dec 12 2020 00:00:00 GMT+0700 (Indochina Time),$28688
Tue Dec 15 2020 00:00:00 GMT+0700 (Indochina Time),$28688
Sat Dec 19 2020 00:00:00 GMT+0700 (Indochina Time),$28841
Wed Dec 23 2020 00:00:00 GMT+0700 (Indochina Time),$28597
Sat Dec 26 2020 00:00:00 GMT+0700 (Indochina Time),$28606
Mon Dec 28 2020 00:00:00 GMT+0700 (Indochina Time),$28521
Fri Jan 01 2021 00:00:00 GMT+0700 (Indochina Time),$28733
Mon Jan 04 2021 00:00:00 GMT+0700 (Indochina Time),$28780
Tue Jan 05 2021 00:00:00 GMT+0700 (Indochina Time),$28859
Sat Jan 09 2021 00:00:00 GMT+0700 (Indochina Time),$28811
Tue Jan 12 2021 00:00:00 GMT+0700 (Indochina Time),$28927
Sat Jan 16 2021 00:00:00 GMT+0700 (Indochina Time),$28745
Tue Jan 19 2021 00:00:00 GMT+0700 (Indochina Time),$29089
Fri Jan 22 2021 00:00:00 GMT+0700 (Indochina Time),$29089
Sat Jan 23 2021 00:00:00 GMT+0700 (Indochina Time),$28471
Tue Jan 26 2021 00:00:00 GMT+0700 (Indochina Time),$29115
Sat Jan 30 2021 00:00:00 GMT+0700 (Indochina Time),$29059
Mon Feb 01 2021 00:00:00 GMT+0700 (Indochina Time),$29635
Thu Feb 04 2021 00:00:00 GMT+0700 (Indochina Time),$29547
Sun Feb 07 2021 00:00:00 GMT+0700 (Indochina Time),$30039
Wed Feb 10 2021 00:00:00 GMT+0700 (Indochina Time),$29975
Sat Feb 13 2021 00:00:00 GMT+0700 (Indochina Time),$29605
Tue Feb 16 2021 00:00:00 GMT+0700 (Indochina Time),$29605
Sun Feb 21 2021 00:00:00 GMT+0700 (Indochina Time),$29824
Tue Feb 23 2021 00:00:00 GMT+0700 (Indochina Time),$29778
Sat Feb 27 2021 00:00:00 GMT+0700 (Indochina Time),$29811
Tue Mar 02 2021 00:00:00 GMT+0700 (Indochina Time),$29713
Fri Mar 05 2021 00:00:00 GMT+0700 (Indochina Time),$30297
Mon Mar 08 2021 00:00:00 GMT+0700 (Indochina Time),$30102
Wed Mar 10 2021 00:00:00 GMT+0700 (Indochina Time),$30221
Sat Mar 13 2021 00:00:00 GMT+0700 (Indochina Time),$30006
Wed Mar 17 2021 00:00:00 GMT+0700 (Indochina Time),$29879
Thu Mar 18 2021 00:00:00 GMT+0700 (Indochina Time),$30089
Tue Mar 23 2021 00:00:00 GMT+0700 (Indochina Time),$29908
Thu Mar 25 2021 00:00:00 GMT+0700 (Indochina Time),$30076
Sun Mar 28 2021 00:00:00 GMT+0700 (Indochina Time),$30076
Tue Mar 30 2021 00:00:00 GMT+0700 (Indochina Time),$30368
Fri Apr 02 2021 00:00:00 GMT+0700 (Indochina Time),$30211
Tue Apr 06 2021 00:00:00 GMT+0700 (Indochina Time),$30372
Fri Apr 09 2021 00:00:00 GMT+0700 (Indochina Time),$30331
Sun Apr 11 2021 00:00:00 GMT+0700 (Indochina Time),$30131
Thu Apr 15 2021 00:00:00 GMT+0700 (Indochina Time),$29947
Mon Apr 19 2021 00:00:00 GMT+0700 (Indochina Time),$30033
Tue Apr 20 2021 00:00:00 GMT+0700 (Indochina Time),$30377
Sat Apr 24 2021 00:00:00 GMT+0700 (Indochina Time),$30032
Mon Apr 26 2021 00:00:00 GMT+0700 (Indochina Time),$30032
Sat May 01 2021 00:00:00 GMT+0700 (Indochina Time),$30217
Tue May 04 2021 00:00:00 GMT+0700 (Indochina Time),$30217
Fri May 07 2021 00:00:00 GMT+0700 (Indochina Time),$29972
Sat May 08 2021 00:00:00 GMT+0700 (Indochina Time),$30075
Tue May 11 2021 00:00:00 GMT+0700 (Indochina Time),$30075
Sun May 16 2021 00:00:00 GMT+0700 (Indochina Time),$29830
Tue May 18 2021 00:00:00 GMT+0700 (Indochina Time),$29521
Fri May 21 2021 00:00:00 GMT+0700 (Indochina Time),$29314
Sun May 23 2021 00:00:00 GMT+0700 (Indochina Time),$29285
Fri May 28 2021 00:00:00 GMT+0700 (Indochina Time),$29253
Sun May 30 2021 00:00:00 GMT+0700 (Indochina Time),$29515
Tue Jun 01 2021 00:00:00 GMT+0700 (Indochina Time),$29195
Mon Jun 07 2021 00:00:00 GMT+0700 (Indochina Time),$29266
Tue Jun 08 2021 00:00:00 GMT+0700 (Indochina Time),$30014
Sat Jun 12 2021 00:00:00 GMT+0700 (Indochina Time),$30733
Wed Jun 16 2021 00:00:00 GMT+0700 (Indochina Time),$31122
Thu Jun 17 2021 00:00:00 GMT+0700 (Indochina Time),$30769
Mon Jun 21 2021 00:00:00 GMT+0700 (Indochina Time),$30980
Fri Jun 25 2021 00:00:00 GMT+0700 (Indochina Time),$30591
Sun Jun 27 2021 00:00:00 GMT+0700 (Indochina Time),$30591
Wed Jun 30 2021 00:00:00 GMT+0700 (Indochina Time),$30989
Sun Jul 04 2021 00:00:00 GMT+0700 (Indochina Time),$31989
Mon Jul 05 2021 00:00:00 GMT+0700 (Indochina Time),$31989
Sat Jul 10 2021 00:00:00 GMT+0700 (Indochina Time),$32689
Tue Jul 13 2021 00:00:00 GMT+0700 (Indochina Time),$32623
Fri Jul 16 2021 00:00:00 GMT+0700 (Indochina Time),$33891
Sat Jul 17 2021 00:00:00 GMT+0700 (Indochina Time),$33391
Tue Jul 20 2021 00:00:00 GMT+0700 (Indochina Time),$33297
Sun Jul 25 2021 00:00:00 GMT+0700 (Indochina Time),$33297
Wed Jul 28 2021 00:00:00 GMT+0700 (Indochina Time),$33125
Thu Jul 29 2021 00:00:00 GMT+0700 (Indochina Time),$32646
Sun Aug 01 2021 00:00:00 GMT+0700 (Indochina Time),$32662
Wed Aug 04 2021 00:00:00 GMT+0700 (Indochina Time),$32334
Sat Aug 07 2021 00:00:00 GMT+0700 (Indochina Time),$32479
Tue Aug 10 2021 00:00:00 GMT+0700 (Indochina Time),$32019
Fri Aug 13 2021 00:00:00 GMT+0700 (Indochina Time),$32203
Wed Aug 18 2021 00:00:00 GMT+0700 (Indochina Time),$32203
Sat Aug 21 2021 00:00:00 GMT+0700 (Indochina Time),$32168
Mon Aug 23 2021 00:00:00 GMT+0700 (Indochina Time),$32648
Thu Aug 26 2021 00:00:00 GMT+0700 (Indochina Time),$33057
Sun Aug 29 2021 00:00:00 GMT+0700 (Indochina Time),$33204
Wed Sep 01 2021 00:00:00 GMT+0700 (Indochina Time),$32930
Sun Sep 05 2021 00:00:00 GMT+0700 (Indochina Time),$33201
Mon Sep 06 2021 00:00:00 GMT+0700 (Indochina Time),$33201
Fri Sep 10 2021 00:00:00 GMT+0700 (Indochina Time),$32295
Mon Sep 13 2021 00:00:00 GMT+0700 (Indochina Time),$32359
Thu Sep 16 2021 00:00:00 GMT+0700 (Indochina Time),$33030
Mon Sep 20 2021 00:00:00 GMT+0700 (Indochina Time),$33030
Wed Sep 22 2021 00:00:00 GMT+0700 (Indochina Time),$33302
Sat Sep 25 2021 00:00:00 GMT+0700 (Indochina Time),$33099
Wed Sep 29 2021 00:00:00 GMT+0700 (Indochina Time),$33548
Thu Sep 30 2021 00:00:00 GMT+0700 (Indochina Time),$33259
Mon Oct 04 2021 00:00:00 GMT+0700 (Indochina Time),$33651
Wed Oct 06 2021 00:00:00 GMT+0700 (Indochina Time),$33455
Sun Oct 10 2021 00:00:00 GMT+0700 (Indochina Time),$33734
Tue Oct 12 2021 00:00:00 GMT+0700 (Indochina Time),$33252
Sat Oct 16 2021 00:00:00 GMT+0700 (Indochina Time),$33146
Tue Oct 19 2021 00:00:00 GMT+0700 (Indochina Time),$32552
Sat Oct 23 2021 00:00:00 GMT+0700 (Indochina Time),$32370
Sun Oct 24 2021 00:00:00 GMT+0700 (Indochina Time),$32631
Thu Oct 28 2021 00:00:00 GMT+0700 (Indochina Time),$32601
Sat Oct 30 2021 00:00:00 GMT+0700 (Indochina Time),$33210
Thu Nov 04 2021 00:00:00 GMT+0700 (Indochina Time),$32975
Sun Nov 07 2021 00:00:00 GMT+0700 (Indochina Time),$32975
Tue Nov 09 2021 00:00:00 GMT+0700 (Indochina Time),$33441
Sat Nov 13 2021 00:00:00 GMT+0700 (Indochina Time),$32642
Sun Nov 14 2021 00:00:00 GMT+0700 (Indochina Time),$33155
Fri Nov 19 2021 00:00:00 GMT+0700 (Indochina Time),$33142
Sun Nov 21 2021 00:00:00 GMT+0700 (Indochina Time),$33711
Wed Nov 24 2021 00:00:00 GMT+0700 (Indochina Time),$33605
Sat Nov 27 2021 00:00:00 GMT+0700 (Indochina Time),$33717
Wed Dec 01 2021 00:00:00 GMT+0700 (Indochina Time),$34591
Sat Dec 04 2021 00:00:00 GMT+0700 (Indochina Time),$34043
Mon Dec 06 2021 00:00:00 GMT+0700 (Indochina Time),$34043
Wed Dec 08 2021 00:00:00 GMT+0700 (Indochina Time),$34603
Mon Dec 13 2021 00:00:00 GMT+0700 (Indochina Time),$34527
Tue Dec 14 2021 00:00:00 GMT+0700 (Indochina Time),$35713
Fri Dec 17 2021 00:00:00 GMT+0700 (Indochina Time),$36085
Wed Dec 22 2021 00:00:00 GMT+0700 (Indochina Time),$36391
Fri Dec 24 2021 00:00:00 GMT+0700 (Indochina Time),$36244
Tue Dec 28 2021 00:00:00 GMT+0700 (Indochina Time),$34465
Fri Dec 31 2021 00:00:00 GMT+0700 (Indochina Time),$34427
Sat Jan 01 2022 00:00:00 GMT+0700 (Indochina Time),$34580
Thu Jan 06 2022 00:00:00 GMT+0700 (Indochina Time),$34903
Sat Jan 08 2022 00:00:00 GMT+0700 (Indochina Time),$36189
Tue Jan 11 2022 00:00:00 GMT+0700 (Indochina Time),$36686
Fri Jan 14 2022 00:00:00 GMT+0700 (Indochina Time),$35202
Mon Jan 17 2022 00:00:00 GMT+0700 (Indochina Time),$35527
Fri Jan 21 2022 00:00:00 GMT+0700 (Indochina Time),$35570
Sun Jan 23 2022 00:00:00 GMT+0700 (Indochina Time),$35720
Thu Jan 27 2022 00:00:00 GMT+0700 (Indochina Time),$35686
Fri Jan 28 2022 00:00:00 GMT+0700 (Indochina Time),$35686
Wed Feb 02 2022 00:00:00 GMT+0700 (Indochina Time),$35896
Thu Feb 03 2022 00:00:00 GMT+0700 (Indochina Time),$35547
Tue Feb 08 2022 00:00:00 GMT+0700 (Indochina Time),$35381
Fri Feb 11 2022 00:00:00 GMT+0700 (Indochina Time),$36609
Sun Feb 13 2022 00:00:00 GMT+0700 (Indochina Time),$36609
Tue Feb 15 2022 00:00:00 GMT+0700 (Indochina Time),$37181
Sun Feb 20 2022 00:00:00 GMT+0700 (Indochina Time),$37177
Mon Feb 21 2022 00:00:00 GMT+0700 (Indochina Time),$37177
Fri Feb 25 2022 00:00:00 GMT+0700 (Indochina Time),$37780
Mon Feb 28 2022 00:00:00 GMT+0700 (Indochina Time),$37527
Thu Mar 03 2022 00:00:00 GMT+0700 (Indochina Time),$37709
Sun Mar 06 2022 00:00:00 GMT+0700 (Indochina Time),$39060
