Sun Mar 07 2021 00:00:00 GMT+0700 (Indochina Time),$110403
Mon Mar 08 2021 00:00:00 GMT+0700 (Indochina Time),$110403
Tue Mar 09 2021 00:00:00 GMT+0700 (Indochina Time),$109822
Wed Mar 10 2021 00:00:00 GMT+0700 (Indochina Time),$109907
Thu Mar 11 2021 00:00:00 GMT+0700 (Indochina Time),$109907
Fri Mar 12 2021 00:00:00 GMT+0700 (Indochina Time),$110293
Sat Mar 13 2021 00:00:00 GMT+0700 (Indochina Time),$110334
Sun Mar 14 2021 00:00:00 GMT+0700 (Indochina Time),$110587
Mon Mar 15 2021 00:00:00 GMT+0700 (Indochina Time),$110693
Tue Mar 16 2021 00:00:00 GMT+0700 (Indochina Time),$110693
Wed Mar 17 2021 00:00:00 GMT+0700 (Indochina Time),$110693
Thu Mar 18 2021 00:00:00 GMT+0700 (Indochina Time),$110693
Fri Mar 19 2021 00:00:00 GMT+0700 (Indochina Time),$110693
Sat Mar 20 2021 00:00:00 GMT+0700 (Indochina Time),$110693
Sun Mar 21 2021 00:00:00 GMT+0700 (Indochina Time),$110693
Mon Mar 22 2021 00:00:00 GMT+0700 (Indochina Time),$110693
Tue Mar 23 2021 00:00:00 GMT+0700 (Indochina Time),$110484
Wed Mar 24 2021 00:00:00 GMT+0700 (Indochina Time),$110484
Thu Mar 25 2021 00:00:00 GMT+0700 (Indochina Time),$110841
Fri Mar 26 2021 00:00:00 GMT+0700 (Indochina Time),$110841
Sat Mar 27 2021 00:00:00 GMT+0700 (Indochina Time),$110792
Sun Mar 28 2021 00:00:00 GMT+0700 (Indochina Time),$110792
Mon Mar 29 2021 00:00:00 GMT+0700 (Indochina Time),$110851
Tue Mar 30 2021 00:00:00 GMT+0700 (Indochina Time),$110851
Wed Mar 31 2021 00:00:00 GMT+0700 (Indochina Time),$111237
Thu Apr 01 2021 00:00:00 GMT+0700 (Indochina Time),$111260
Fri Apr 02 2021 00:00:00 GMT+0700 (Indochina Time),$110907
Sat Apr 03 2021 00:00:00 GMT+0700 (Indochina Time),$111272
Sun Apr 04 2021 00:00:00 GMT+0700 (Indochina Time),$111272
Mon Apr 05 2021 00:00:00 GMT+0700 (Indochina Time),$111702
Tue Apr 06 2021 00:00:00 GMT+0700 (Indochina Time),$111702
Wed Apr 07 2021 00:00:00 GMT+0700 (Indochina Time),$111702
Thu Apr 08 2021 00:00:00 GMT+0700 (Indochina Time),$112886
Fri Apr 09 2021 00:00:00 GMT+0700 (Indochina Time),$112886
Sat Apr 10 2021 00:00:00 GMT+0700 (Indochina Time),$112886
Sun Apr 11 2021 00:00:00 GMT+0700 (Indochina Time),$112886
Mon Apr 12 2021 00:00:00 GMT+0700 (Indochina Time),$112886
Tue Apr 13 2021 00:00:00 GMT+0700 (Indochina Time),$112886
Wed Apr 14 2021 00:00:00 GMT+0700 (Indochina Time),$113041
Thu Apr 15 2021 00:00:00 GMT+0700 (Indochina Time),$113041
Fri Apr 16 2021 00:00:00 GMT+0700 (Indochina Time),$113041
Sat Apr 17 2021 00:00:00 GMT+0700 (Indochina Time),$112887
Sun Apr 18 2021 00:00:00 GMT+0700 (Indochina Time),$112887
Mon Apr 19 2021 00:00:00 GMT+0700 (Indochina Time),$112887
Tue Apr 20 2021 00:00:00 GMT+0700 (Indochina Time),$112887
Wed Apr 21 2021 00:00:00 GMT+0700 (Indochina Time),$112887
Thu Apr 22 2021 00:00:00 GMT+0700 (Indochina Time),$112842
Fri Apr 23 2021 00:00:00 GMT+0700 (Indochina Time),$112842
Sat Apr 24 2021 00:00:00 GMT+0700 (Indochina Time),$112842
Sun Apr 25 2021 00:00:00 GMT+0700 (Indochina Time),$112842
Mon Apr 26 2021 00:00:00 GMT+0700 (Indochina Time),$112842
Tue Apr 27 2021 00:00:00 GMT+0700 (Indochina Time),$112842
Wed Apr 28 2021 00:00:00 GMT+0700 (Indochina Time),$113144
Thu Apr 29 2021 00:00:00 GMT+0700 (Indochina Time),$113144
Fri Apr 30 2021 00:00:00 GMT+0700 (Indochina Time),$113147
Sat May 01 2021 00:00:00 GMT+0700 (Indochina Time),$113147
Sun May 02 2021 00:00:00 GMT+0700 (Indochina Time),$113147
Mon May 03 2021 00:00:00 GMT+0700 (Indochina Time),$113873
Tue May 04 2021 00:00:00 GMT+0700 (Indochina Time),$114404
Wed May 05 2021 00:00:00 GMT+0700 (Indochina Time),$114145
Thu May 06 2021 00:00:00 GMT+0700 (Indochina Time),$114145
Fri May 07 2021 00:00:00 GMT+0700 (Indochina Time),$114375
Sat May 08 2021 00:00:00 GMT+0700 (Indochina Time),$115192
Sun May 09 2021 00:00:00 GMT+0700 (Indochina Time),$115532
Mon May 10 2021 00:00:00 GMT+0700 (Indochina Time),$115532
Tue May 11 2021 00:00:00 GMT+0700 (Indochina Time),$115144
Wed May 12 2021 00:00:00 GMT+0700 (Indochina Time),$115144
Thu May 13 2021 00:00:00 GMT+0700 (Indochina Time),$115673
Fri May 14 2021 00:00:00 GMT+0700 (Indochina Time),$116620
Sat May 15 2021 00:00:00 GMT+0700 (Indochina Time),$116905
Sun May 16 2021 00:00:00 GMT+0700 (Indochina Time),$116905
Mon May 17 2021 00:00:00 GMT+0700 (Indochina Time),$116905
Tue May 18 2021 00:00:00 GMT+0700 (Indochina Time),$117833
Wed May 19 2021 00:00:00 GMT+0700 (Indochina Time),$117833
Thu May 20 2021 00:00:00 GMT+0700 (Indochina Time),$117833
Fri May 21 2021 00:00:00 GMT+0700 (Indochina Time),$117833
Sat May 22 2021 00:00:00 GMT+0700 (Indochina Time),$117833
Sun May 23 2021 00:00:00 GMT+0700 (Indochina Time),$117833
Mon May 24 2021 00:00:00 GMT+0700 (Indochina Time),$117591
Tue May 25 2021 00:00:00 GMT+0700 (Indochina Time),$117591
Wed May 26 2021 00:00:00 GMT+0700 (Indochina Time),$117645
Thu May 27 2021 00:00:00 GMT+0700 (Indochina Time),$118054
Fri May 28 2021 00:00:00 GMT+0700 (Indochina Time),$118234
Sat May 29 2021 00:00:00 GMT+0700 (Indochina Time),$118234
Sun May 30 2021 00:00:00 GMT+0700 (Indochina Time),$118234
Mon May 31 2021 00:00:00 GMT+0700 (Indochina Time),$118234
Tue Jun 01 2021 00:00:00 GMT+0700 (Indochina Time),$118927
Wed Jun 02 2021 00:00:00 GMT+0700 (Indochina Time),$118927
Thu Jun 03 2021 00:00:00 GMT+0700 (Indochina Time),$118927
Fri Jun 04 2021 00:00:00 GMT+0700 (Indochina Time),$120160
Sat Jun 05 2021 00:00:00 GMT+0700 (Indochina Time),$120160
Sun Jun 06 2021 00:00:00 GMT+0700 (Indochina Time),$120160
Mon Jun 07 2021 00:00:00 GMT+0700 (Indochina Time),$120160
Tue Jun 08 2021 00:00:00 GMT+0700 (Indochina Time),$120160
Wed Jun 09 2021 00:00:00 GMT+0700 (Indochina Time),$120160
Thu Jun 10 2021 00:00:00 GMT+0700 (Indochina Time),$120454
Fri Jun 11 2021 00:00:00 GMT+0700 (Indochina Time),$120512
Sat Jun 12 2021 00:00:00 GMT+0700 (Indochina Time),$120442
Sun Jun 13 2021 00:00:00 GMT+0700 (Indochina Time),$120753
Mon Jun 14 2021 00:00:00 GMT+0700 (Indochina Time),$120753
Tue Jun 15 2021 00:00:00 GMT+0700 (Indochina Time),$120753
Wed Jun 16 2021 00:00:00 GMT+0700 (Indochina Time),$121635
Thu Jun 17 2021 00:00:00 GMT+0700 (Indochina Time),$121635
Fri Jun 18 2021 00:00:00 GMT+0700 (Indochina Time),$121635
Sat Jun 19 2021 00:00:00 GMT+0700 (Indochina Time),$122584
Sun Jun 20 2021 00:00:00 GMT+0700 (Indochina Time),$122584
Mon Jun 21 2021 00:00:00 GMT+0700 (Indochina Time),$122584
Tue Jun 22 2021 00:00:00 GMT+0700 (Indochina Time),$122584
Wed Jun 23 2021 00:00:00 GMT+0700 (Indochina Time),$122922
Thu Jun 24 2021 00:00:00 GMT+0700 (Indochina Time),$122116
Fri Jun 25 2021 00:00:00 GMT+0700 (Indochina Time),$122116
Sat Jun 26 2021 00:00:00 GMT+0700 (Indochina Time),$122116
Sun Jun 27 2021 00:00:00 GMT+0700 (Indochina Time),$122116
Mon Jun 28 2021 00:00:00 GMT+0700 (Indochina Time),$121967
Tue Jun 29 2021 00:00:00 GMT+0700 (Indochina Time),$122601
Wed Jun 30 2021 00:00:00 GMT+0700 (Indochina Time),$122601
Thu Jul 01 2021 00:00:00 GMT+0700 (Indochina Time),$122601
Fri Jul 02 2021 00:00:00 GMT+0700 (Indochina Time),$122601
Sat Jul 03 2021 00:00:00 GMT+0700 (Indochina Time),$123240
Sun Jul 04 2021 00:00:00 GMT+0700 (Indochina Time),$123240
Mon Jul 05 2021 00:00:00 GMT+0700 (Indochina Time),$123240
Tue Jul 06 2021 00:00:00 GMT+0700 (Indochina Time),$123240
Wed Jul 07 2021 00:00:00 GMT+0700 (Indochina Time),$123240
Thu Jul 08 2021 00:00:00 GMT+0700 (Indochina Time),$123240
Fri Jul 09 2021 00:00:00 GMT+0700 (Indochina Time),$123446
Sat Jul 10 2021 00:00:00 GMT+0700 (Indochina Time),$123446
Sun Jul 11 2021 00:00:00 GMT+0700 (Indochina Time),$124247
Mon Jul 12 2021 00:00:00 GMT+0700 (Indochina Time),$124336
Tue Jul 13 2021 00:00:00 GMT+0700 (Indochina Time),$124888
Wed Jul 14 2021 00:00:00 GMT+0700 (Indochina Time),$125382
Thu Jul 15 2021 00:00:00 GMT+0700 (Indochina Time),$125382
Fri Jul 16 2021 00:00:00 GMT+0700 (Indochina Time),$126127
Sat Jul 17 2021 00:00:00 GMT+0700 (Indochina Time),$126127
Sun Jul 18 2021 00:00:00 GMT+0700 (Indochina Time),$126127
Mon Jul 19 2021 00:00:00 GMT+0700 (Indochina Time),$125923
Tue Jul 20 2021 00:00:00 GMT+0700 (Indochina Time),$125923
Wed Jul 21 2021 00:00:00 GMT+0700 (Indochina Time),$125923
Thu Jul 22 2021 00:00:00 GMT+0700 (Indochina Time),$125923
Fri Jul 23 2021 00:00:00 GMT+0700 (Indochina Time),$126151
Sat Jul 24 2021 00:00:00 GMT+0700 (Indochina Time),$126871
Sun Jul 25 2021 00:00:00 GMT+0700 (Indochina Time),$127890
Mon Jul 26 2021 00:00:00 GMT+0700 (Indochina Time),$128552
Tue Jul 27 2021 00:00:00 GMT+0700 (Indochina Time),$128552
Wed Jul 28 2021 00:00:00 GMT+0700 (Indochina Time),$128552
Thu Jul 29 2021 00:00:00 GMT+0700 (Indochina Time),$128687
Fri Jul 30 2021 00:00:00 GMT+0700 (Indochina Time),$128481
Sat Jul 31 2021 00:00:00 GMT+0700 (Indochina Time),$128885
Sun Aug 01 2021 00:00:00 GMT+0700 (Indochina Time),$128596
Mon Aug 02 2021 00:00:00 GMT+0700 (Indochina Time),$128596
Tue Aug 03 2021 00:00:00 GMT+0700 (Indochina Time),$128270
Wed Aug 04 2021 00:00:00 GMT+0700 (Indochina Time),$127677
Thu Aug 05 2021 00:00:00 GMT+0700 (Indochina Time),$127677
Fri Aug 06 2021 00:00:00 GMT+0700 (Indochina Time),$126026
Sat Aug 07 2021 00:00:00 GMT+0700 (Indochina Time),$126489
Sun Aug 08 2021 00:00:00 GMT+0700 (Indochina Time),$127338
Mon Aug 09 2021 00:00:00 GMT+0700 (Indochina Time),$128121
Tue Aug 10 2021 00:00:00 GMT+0700 (Indochina Time),$128454
Wed Aug 11 2021 00:00:00 GMT+0700 (Indochina Time),$128900
Thu Aug 12 2021 00:00:00 GMT+0700 (Indochina Time),$128333
Fri Aug 13 2021 00:00:00 GMT+0700 (Indochina Time),$128333
Sat Aug 14 2021 00:00:00 GMT+0700 (Indochina Time),$128333
Sun Aug 15 2021 00:00:00 GMT+0700 (Indochina Time),$128333
Mon Aug 16 2021 00:00:00 GMT+0700 (Indochina Time),$128333
Tue Aug 17 2021 00:00:00 GMT+0700 (Indochina Time),$128333
Wed Aug 18 2021 00:00:00 GMT+0700 (Indochina Time),$128094
Thu Aug 19 2021 00:00:00 GMT+0700 (Indochina Time),$127273
Fri Aug 20 2021 00:00:00 GMT+0700 (Indochina Time),$127273
Sat Aug 21 2021 00:00:00 GMT+0700 (Indochina Time),$127362
Sun Aug 22 2021 00:00:00 GMT+0700 (Indochina Time),$127363
Mon Aug 23 2021 00:00:00 GMT+0700 (Indochina Time),$127363
Tue Aug 24 2021 00:00:00 GMT+0700 (Indochina Time),$127504
Wed Aug 25 2021 00:00:00 GMT+0700 (Indochina Time),$127445
Thu Aug 26 2021 00:00:00 GMT+0700 (Indochina Time),$127445
Fri Aug 27 2021 00:00:00 GMT+0700 (Indochina Time),$127445
Sat Aug 28 2021 00:00:00 GMT+0700 (Indochina Time),$127445
Sun Aug 29 2021 00:00:00 GMT+0700 (Indochina Time),$127629
Mon Aug 30 2021 00:00:00 GMT+0700 (Indochina Time),$127629
Tue Aug 31 2021 00:00:00 GMT+0700 (Indochina Time),$127629
Wed Sep 01 2021 00:00:00 GMT+0700 (Indochina Time),$127629
Thu Sep 02 2021 00:00:00 GMT+0700 (Indochina Time),$127629
Fri Sep 03 2021 00:00:00 GMT+0700 (Indochina Time),$127608
Sat Sep 04 2021 00:00:00 GMT+0700 (Indochina Time),$127608
Sun Sep 05 2021 00:00:00 GMT+0700 (Indochina Time),$127608
Mon Sep 06 2021 00:00:00 GMT+0700 (Indochina Time),$127608
Tue Sep 07 2021 00:00:00 GMT+0700 (Indochina Time),$127608
Wed Sep 08 2021 00:00:00 GMT+0700 (Indochina Time),$127520
Thu Sep 09 2021 00:00:00 GMT+0700 (Indochina Time),$127797
Fri Sep 10 2021 00:00:00 GMT+0700 (Indochina Time),$127768
Sat Sep 11 2021 00:00:00 GMT+0700 (Indochina Time),$127245
Sun Sep 12 2021 00:00:00 GMT+0700 (Indochina Time),$127245
Mon Sep 13 2021 00:00:00 GMT+0700 (Indochina Time),$127245
Tue Sep 14 2021 00:00:00 GMT+0700 (Indochina Time),$127245
Wed Sep 15 2021 00:00:00 GMT+0700 (Indochina Time),$127245
Thu Sep 16 2021 00:00:00 GMT+0700 (Indochina Time),$127245
Fri Sep 17 2021 00:00:00 GMT+0700 (Indochina Time),$127245
Sat Sep 18 2021 00:00:00 GMT+0700 (Indochina Time),$128129
Sun Sep 19 2021 00:00:00 GMT+0700 (Indochina Time),$127835
Mon Sep 20 2021 00:00:00 GMT+0700 (Indochina Time),$127835
Tue Sep 21 2021 00:00:00 GMT+0700 (Indochina Time),$127298
Wed Sep 22 2021 00:00:00 GMT+0700 (Indochina Time),$127298
Thu Sep 23 2021 00:00:00 GMT+0700 (Indochina Time),$127298
Fri Sep 24 2021 00:00:00 GMT+0700 (Indochina Time),$127298
Sat Sep 25 2021 00:00:00 GMT+0700 (Indochina Time),$125997
Sun Sep 26 2021 00:00:00 GMT+0700 (Indochina Time),$125997
Mon Sep 27 2021 00:00:00 GMT+0700 (Indochina Time),$125390
Tue Sep 28 2021 00:00:00 GMT+0700 (Indochina Time),$125390
Wed Sep 29 2021 00:00:00 GMT+0700 (Indochina Time),$125414
Thu Sep 30 2021 00:00:00 GMT+0700 (Indochina Time),$125366
Fri Oct 01 2021 00:00:00 GMT+0700 (Indochina Time),$124969
Sat Oct 02 2021 00:00:00 GMT+0700 (Indochina Time),$124969
Sun Oct 03 2021 00:00:00 GMT+0700 (Indochina Time),$124969
Mon Oct 04 2021 00:00:00 GMT+0700 (Indochina Time),$124969
Tue Oct 05 2021 00:00:00 GMT+0700 (Indochina Time),$124969
Wed Oct 06 2021 00:00:00 GMT+0700 (Indochina Time),$124969
Thu Oct 07 2021 00:00:00 GMT+0700 (Indochina Time),$127369
Fri Oct 08 2021 00:00:00 GMT+0700 (Indochina Time),$127484
Sat Oct 09 2021 00:00:00 GMT+0700 (Indochina Time),$127726
Sun Oct 10 2021 00:00:00 GMT+0700 (Indochina Time),$127726
Mon Oct 11 2021 00:00:00 GMT+0700 (Indochina Time),$127726
Tue Oct 12 2021 00:00:00 GMT+0700 (Indochina Time),$127726
Wed Oct 13 2021 00:00:00 GMT+0700 (Indochina Time),$127726
Thu Oct 14 2021 00:00:00 GMT+0700 (Indochina Time),$127726
Fri Oct 15 2021 00:00:00 GMT+0700 (Indochina Time),$128407
Sat Oct 16 2021 00:00:00 GMT+0700 (Indochina Time),$127855
Sun Oct 17 2021 00:00:00 GMT+0700 (Indochina Time),$127855
Mon Oct 18 2021 00:00:00 GMT+0700 (Indochina Time),$127855
Tue Oct 19 2021 00:00:00 GMT+0700 (Indochina Time),$127855
Wed Oct 20 2021 00:00:00 GMT+0700 (Indochina Time),$128430
Thu Oct 21 2021 00:00:00 GMT+0700 (Indochina Time),$128117
Fri Oct 22 2021 00:00:00 GMT+0700 (Indochina Time),$127799
Sat Oct 23 2021 00:00:00 GMT+0700 (Indochina Time),$128107
Sun Oct 24 2021 00:00:00 GMT+0700 (Indochina Time),$128107
Mon Oct 25 2021 00:00:00 GMT+0700 (Indochina Time),$128107
Tue Oct 26 2021 00:00:00 GMT+0700 (Indochina Time),$128004
Wed Oct 27 2021 00:00:00 GMT+0700 (Indochina Time),$127784
Thu Oct 28 2021 00:00:00 GMT+0700 (Indochina Time),$127784
Fri Oct 29 2021 00:00:00 GMT+0700 (Indochina Time),$128218
Sat Oct 30 2021 00:00:00 GMT+0700 (Indochina Time),$128622
Sun Oct 31 2021 00:00:00 GMT+0700 (Indochina Time),$128711
Mon Nov 01 2021 00:00:00 GMT+0700 (Indochina Time),$128711
Tue Nov 02 2021 00:00:00 GMT+0700 (Indochina Time),$128966
Wed Nov 03 2021 00:00:00 GMT+0700 (Indochina Time),$128966
Thu Nov 04 2021 00:00:00 GMT+0700 (Indochina Time),$129420
Fri Nov 05 2021 00:00:00 GMT+0700 (Indochina Time),$129367
Sat Nov 06 2021 00:00:00 GMT+0700 (Indochina Time),$129367
Sun Nov 07 2021 00:00:00 GMT+0700 (Indochina Time),$129367
Mon Nov 08 2021 00:00:00 GMT+0700 (Indochina Time),$129367
Tue Nov 09 2021 00:00:00 GMT+0700 (Indochina Time),$129339
Wed Nov 10 2021 00:00:00 GMT+0700 (Indochina Time),$129339
Thu Nov 11 2021 00:00:00 GMT+0700 (Indochina Time),$129339
Fri Nov 12 2021 00:00:00 GMT+0700 (Indochina Time),$128136
Sat Nov 13 2021 00:00:00 GMT+0700 (Indochina Time),$127816
Sun Nov 14 2021 00:00:00 GMT+0700 (Indochina Time),$126828
Mon Nov 15 2021 00:00:00 GMT+0700 (Indochina Time),$126828
Tue Nov 16 2021 00:00:00 GMT+0700 (Indochina Time),$126828
Wed Nov 17 2021 00:00:00 GMT+0700 (Indochina Time),$127029
Thu Nov 18 2021 00:00:00 GMT+0700 (Indochina Time),$126205
Fri Nov 19 2021 00:00:00 GMT+0700 (Indochina Time),$126840
Sat Nov 20 2021 00:00:00 GMT+0700 (Indochina Time),$127890
Sun Nov 21 2021 00:00:00 GMT+0700 (Indochina Time),$127890
Mon Nov 22 2021 00:00:00 GMT+0700 (Indochina Time),$127890
Tue Nov 23 2021 00:00:00 GMT+0700 (Indochina Time),$127890
Wed Nov 24 2021 00:00:00 GMT+0700 (Indochina Time),$129071
Thu Nov 25 2021 00:00:00 GMT+0700 (Indochina Time),$129704
Fri Nov 26 2021 00:00:00 GMT+0700 (Indochina Time),$129668
Sat Nov 27 2021 00:00:00 GMT+0700 (Indochina Time),$129668
Sun Nov 28 2021 00:00:00 GMT+0700 (Indochina Time),$129668
Mon Nov 29 2021 00:00:00 GMT+0700 (Indochina Time),$129668
Tue Nov 30 2021 00:00:00 GMT+0700 (Indochina Time),$129668
Wed Dec 01 2021 00:00:00 GMT+0700 (Indochina Time),$129740
Thu Dec 02 2021 00:00:00 GMT+0700 (Indochina Time),$129740
Fri Dec 03 2021 00:00:00 GMT+0700 (Indochina Time),$129740
Sat Dec 04 2021 00:00:00 GMT+0700 (Indochina Time),$130364
Sun Dec 05 2021 00:00:00 GMT+0700 (Indochina Time),$130364
Mon Dec 06 2021 00:00:00 GMT+0700 (Indochina Time),$130364
Tue Dec 07 2021 00:00:00 GMT+0700 (Indochina Time),$128611
Wed Dec 08 2021 00:00:00 GMT+0700 (Indochina Time),$128720
Thu Dec 09 2021 00:00:00 GMT+0700 (Indochina Time),$129551
Fri Dec 10 2021 00:00:00 GMT+0700 (Indochina Time),$129686
Sat Dec 11 2021 00:00:00 GMT+0700 (Indochina Time),$129755
Sun Dec 12 2021 00:00:00 GMT+0700 (Indochina Time),$129332
Mon Dec 13 2021 00:00:00 GMT+0700 (Indochina Time),$129332
Tue Dec 14 2021 00:00:00 GMT+0700 (Indochina Time),$131381
Wed Dec 15 2021 00:00:00 GMT+0700 (Indochina Time),$132949
Thu Dec 16 2021 00:00:00 GMT+0700 (Indochina Time),$132357
Fri Dec 17 2021 00:00:00 GMT+0700 (Indochina Time),$132572
Sat Dec 18 2021 00:00:00 GMT+0700 (Indochina Time),$131934
Sun Dec 19 2021 00:00:00 GMT+0700 (Indochina Time),$131982
Mon Dec 20 2021 00:00:00 GMT+0700 (Indochina Time),$131982
Tue Dec 21 2021 00:00:00 GMT+0700 (Indochina Time),$131766
Wed Dec 22 2021 00:00:00 GMT+0700 (Indochina Time),$131766
Thu Dec 23 2021 00:00:00 GMT+0700 (Indochina Time),$131766
Fri Dec 24 2021 00:00:00 GMT+0700 (Indochina Time),$131885
Sat Dec 25 2021 00:00:00 GMT+0700 (Indochina Time),$131885
Sun Dec 26 2021 00:00:00 GMT+0700 (Indochina Time),$131741
Mon Dec 27 2021 00:00:00 GMT+0700 (Indochina Time),$131741
Tue Dec 28 2021 00:00:00 GMT+0700 (Indochina Time),$131428
Wed Dec 29 2021 00:00:00 GMT+0700 (Indochina Time),$132399
Thu Dec 30 2021 00:00:00 GMT+0700 (Indochina Time),$132802
Fri Dec 31 2021 00:00:00 GMT+0700 (Indochina Time),$132802
Sat Jan 01 2022 00:00:00 GMT+0700 (Indochina Time),$135590
Sun Jan 02 2022 00:00:00 GMT+0700 (Indochina Time),$135590
Mon Jan 03 2022 00:00:00 GMT+0700 (Indochina Time),$135590
Tue Jan 04 2022 00:00:00 GMT+0700 (Indochina Time),$135745
Wed Jan 05 2022 00:00:00 GMT+0700 (Indochina Time),$137004
Thu Jan 06 2022 00:00:00 GMT+0700 (Indochina Time),$137589
Fri Jan 07 2022 00:00:00 GMT+0700 (Indochina Time),$136496
Sat Jan 08 2022 00:00:00 GMT+0700 (Indochina Time),$136565
Sun Jan 09 2022 00:00:00 GMT+0700 (Indochina Time),$136565
Mon Jan 10 2022 00:00:00 GMT+0700 (Indochina Time),$136565
Tue Jan 11 2022 00:00:00 GMT+0700 (Indochina Time),$136565
Wed Jan 12 2022 00:00:00 GMT+0700 (Indochina Time),$136565
Thu Jan 13 2022 00:00:00 GMT+0700 (Indochina Time),$138256
Fri Jan 14 2022 00:00:00 GMT+0700 (Indochina Time),$138256
Sat Jan 15 2022 00:00:00 GMT+0700 (Indochina Time),$138256
Sun Jan 16 2022 00:00:00 GMT+0700 (Indochina Time),$138028
Mon Jan 17 2022 00:00:00 GMT+0700 (Indochina Time),$138028
Tue Jan 18 2022 00:00:00 GMT+0700 (Indochina Time),$138481
Wed Jan 19 2022 00:00:00 GMT+0700 (Indochina Time),$138481
Thu Jan 20 2022 00:00:00 GMT+0700 (Indochina Time),$139216
Fri Jan 21 2022 00:00:00 GMT+0700 (Indochina Time),$139216
Sat Jan 22 2022 00:00:00 GMT+0700 (Indochina Time),$139216
Sun Jan 23 2022 00:00:00 GMT+0700 (Indochina Time),$140603
Mon Jan 24 2022 00:00:00 GMT+0700 (Indochina Time),$140603
Tue Jan 25 2022 00:00:00 GMT+0700 (Indochina Time),$140603
Wed Jan 26 2022 00:00:00 GMT+0700 (Indochina Time),$144482
Thu Jan 27 2022 00:00:00 GMT+0700 (Indochina Time),$144482
Fri Jan 28 2022 00:00:00 GMT+0700 (Indochina Time),$144482
Sat Jan 29 2022 00:00:00 GMT+0700 (Indochina Time),$145451
Sun Jan 30 2022 00:00:00 GMT+0700 (Indochina Time),$146337
Mon Jan 31 2022 00:00:00 GMT+0700 (Indochina Time),$146968
Tue Feb 01 2022 00:00:00 GMT+0700 (Indochina Time),$149343
Wed Feb 02 2022 00:00:00 GMT+0700 (Indochina Time),$151101
Thu Feb 03 2022 00:00:00 GMT+0700 (Indochina Time),$154111
Fri Feb 04 2022 00:00:00 GMT+0700 (Indochina Time),$154111
Sat Feb 05 2022 00:00:00 GMT+0700 (Indochina Time),$154111
Sun Feb 06 2022 00:00:00 GMT+0700 (Indochina Time),$154111
Mon Feb 07 2022 00:00:00 GMT+0700 (Indochina Time),$154111
Tue Feb 08 2022 00:00:00 GMT+0700 (Indochina Time),$154111
Wed Feb 09 2022 00:00:00 GMT+0700 (Indochina Time),$154111
Thu Feb 10 2022 00:00:00 GMT+0700 (Indochina Time),$154404
Fri Feb 11 2022 00:00:00 GMT+0700 (Indochina Time),$154840
Sat Feb 12 2022 00:00:00 GMT+0700 (Indochina Time),$158041
Sun Feb 13 2022 00:00:00 GMT+0700 (Indochina Time),$158041
Mon Feb 14 2022 00:00:00 GMT+0700 (Indochina Time),$158041
Tue Feb 15 2022 00:00:00 GMT+0700 (Indochina Time),$160596
Wed Feb 16 2022 00:00:00 GMT+0700 (Indochina Time),$160596
Thu Feb 17 2022 00:00:00 GMT+0700 (Indochina Time),$165009
Fri Feb 18 2022 00:00:00 GMT+0700 (Indochina Time),$166090
Sat Feb 19 2022 00:00:00 GMT+0700 (Indochina Time),$166090
Sun Feb 20 2022 00:00:00 GMT+0700 (Indochina Time),$166090
Mon Feb 21 2022 00:00:00 GMT+0700 (Indochina Time),$166090
Tue Feb 22 2022 00:00:00 GMT+0700 (Indochina Time),$166090
Wed Feb 23 2022 00:00:00 GMT+0700 (Indochina Time),$166090
Thu Feb 24 2022 00:00:00 GMT+0700 (Indochina Time),$170575
Fri Feb 25 2022 00:00:00 GMT+0700 (Indochina Time),$168960
Sat Feb 26 2022 00:00:00 GMT+0700 (Indochina Time),$168960
Sun Feb 27 2022 00:00:00 GMT+0700 (Indochina Time),$172882
Mon Feb 28 2022 00:00:00 GMT+0700 (Indochina Time),$172882
Tue Mar 01 2022 00:00:00 GMT+0700 (Indochina Time),$172882
Wed Mar 02 2022 00:00:00 GMT+0700 (Indochina Time),$175077
Thu Mar 03 2022 00:00:00 GMT+0700 (Indochina Time),$176872
Fri Mar 04 2022 00:00:00 GMT+0700 (Indochina Time),$179663
Sat Mar 05 2022 00:00:00 GMT+0700 (Indochina Time),$181731
Sun Mar 06 2022 00:00:00 GMT+0700 (Indochina Time),$181731
