Sun Mar 10 2019 00:00:00 GMT+0700 (Indochina Time),$956
Mon Mar 11 2019 00:00:00 GMT+0700 (Indochina Time),$956
Thu Mar 14 2019 00:00:00 GMT+0700 (Indochina Time),$956
Sun Mar 17 2019 00:00:00 GMT+0700 (Indochina Time),$956
Wed Mar 20 2019 00:00:00 GMT+0700 (Indochina Time),$956
Sat Mar 23 2019 00:00:00 GMT+0700 (Indochina Time),$956
Tue Mar 26 2019 00:00:00 GMT+0700 (Indochina Time),$956
Fri Mar 29 2019 00:00:00 GMT+0700 (Indochina Time),$956
Mon Apr 01 2019 00:00:00 GMT+0700 (Indochina Time),$956
Thu Apr 04 2019 00:00:00 GMT+0700 (Indochina Time),$956
Sun Apr 07 2019 00:00:00 GMT+0700 (Indochina Time),$956
Wed Apr 10 2019 00:00:00 GMT+0700 (Indochina Time),$956
Mon Apr 15 2019 00:00:00 GMT+0700 (Indochina Time),$956
Thu Apr 18 2019 00:00:00 GMT+0700 (Indochina Time),$958
Sun Apr 21 2019 00:00:00 GMT+0700 (Indochina Time),$958
Wed Apr 24 2019 00:00:00 GMT+0700 (Indochina Time),$958
Sat Apr 27 2019 00:00:00 GMT+0700 (Indochina Time),$958
Mon Apr 29 2019 00:00:00 GMT+0700 (Indochina Time),$958
Wed May 01 2019 00:00:00 GMT+0700 (Indochina Time),$1014
Sat May 04 2019 00:00:00 GMT+0700 (Indochina Time),$1015
Thu May 09 2019 00:00:00 GMT+0700 (Indochina Time),$1015
Fri May 10 2019 00:00:00 GMT+0700 (Indochina Time),$1011
Wed May 15 2019 00:00:00 GMT+0700 (Indochina Time),$1008
Fri May 17 2019 00:00:00 GMT+0700 (Indochina Time),$948
Mon May 20 2019 00:00:00 GMT+0700 (Indochina Time),$926
Thu May 23 2019 00:00:00 GMT+0700 (Indochina Time),$926
Sun May 26 2019 00:00:00 GMT+0700 (Indochina Time),$890
Thu May 30 2019 00:00:00 GMT+0700 (Indochina Time),$890
Sun Jun 02 2019 00:00:00 GMT+0700 (Indochina Time),$890
Mon Jun 03 2019 00:00:00 GMT+0700 (Indochina Time),$902
Sat Jun 08 2019 00:00:00 GMT+0700 (Indochina Time),$901
Sun Jun 09 2019 00:00:00 GMT+0700 (Indochina Time),$912
Wed Jun 12 2019 00:00:00 GMT+0700 (Indochina Time),$912
Mon Jun 17 2019 00:00:00 GMT+0700 (Indochina Time),$912
Thu Jun 20 2019 00:00:00 GMT+0700 (Indochina Time),$910
Fri Jun 21 2019 00:00:00 GMT+0700 (Indochina Time),$914
Wed Jun 26 2019 00:00:00 GMT+0700 (Indochina Time),$914
Thu Jun 27 2019 00:00:00 GMT+0700 (Indochina Time),$951
Tue Jul 02 2019 00:00:00 GMT+0700 (Indochina Time),$951
Thu Jul 04 2019 00:00:00 GMT+0700 (Indochina Time),$948
Sun Jul 07 2019 00:00:00 GMT+0700 (Indochina Time),$948
Tue Jul 09 2019 00:00:00 GMT+0700 (Indochina Time),$950
Sun Jul 14 2019 00:00:00 GMT+0700 (Indochina Time),$950
Tue Jul 16 2019 00:00:00 GMT+0700 (Indochina Time),$950
Thu Jul 18 2019 00:00:00 GMT+0700 (Indochina Time),$965
Sun Jul 21 2019 00:00:00 GMT+0700 (Indochina Time),$966
Wed Jul 24 2019 00:00:00 GMT+0700 (Indochina Time),$966
Sat Jul 27 2019 00:00:00 GMT+0700 (Indochina Time),$966
Thu Aug 01 2019 00:00:00 GMT+0700 (Indochina Time),$966
Sat Aug 03 2019 00:00:00 GMT+0700 (Indochina Time),$977
Tue Aug 06 2019 00:00:00 GMT+0700 (Indochina Time),$977
Thu Aug 08 2019 00:00:00 GMT+0700 (Indochina Time),$968
Mon Aug 12 2019 00:00:00 GMT+0700 (Indochina Time),$968
Wed Aug 14 2019 00:00:00 GMT+0700 (Indochina Time),$996
Mon Aug 19 2019 00:00:00 GMT+0700 (Indochina Time),$996
Wed Aug 21 2019 00:00:00 GMT+0700 (Indochina Time),$998
Sun Aug 25 2019 00:00:00 GMT+0700 (Indochina Time),$998
Wed Aug 28 2019 00:00:00 GMT+0700 (Indochina Time),$998
Sat Aug 31 2019 00:00:00 GMT+0700 (Indochina Time),$980
Mon Sep 02 2019 00:00:00 GMT+0700 (Indochina Time),$980
Wed Sep 04 2019 00:00:00 GMT+0700 (Indochina Time),$980
Mon Sep 09 2019 00:00:00 GMT+0700 (Indochina Time),$980
Thu Sep 12 2019 00:00:00 GMT+0700 (Indochina Time),$980
Sun Sep 15 2019 00:00:00 GMT+0700 (Indochina Time),$980
Tue Sep 17 2019 00:00:00 GMT+0700 (Indochina Time),$963
Fri Sep 20 2019 00:00:00 GMT+0700 (Indochina Time),$963
Tue Sep 24 2019 00:00:00 GMT+0700 (Indochina Time),$964
Wed Sep 25 2019 00:00:00 GMT+0700 (Indochina Time),$975
Sat Sep 28 2019 00:00:00 GMT+0700 (Indochina Time),$975
Tue Oct 01 2019 00:00:00 GMT+0700 (Indochina Time),$1005
Sun Oct 06 2019 00:00:00 GMT+0700 (Indochina Time),$1003
Wed Oct 09 2019 00:00:00 GMT+0700 (Indochina Time),$1007
Thu Oct 10 2019 00:00:00 GMT+0700 (Indochina Time),$1000
Tue Oct 15 2019 00:00:00 GMT+0700 (Indochina Time),$1003
Thu Oct 17 2019 00:00:00 GMT+0700 (Indochina Time),$982
Sat Oct 19 2019 00:00:00 GMT+0700 (Indochina Time),$982
Tue Oct 22 2019 00:00:00 GMT+0700 (Indochina Time),$982
Fri Oct 25 2019 00:00:00 GMT+0700 (Indochina Time),$982
Mon Oct 28 2019 00:00:00 GMT+0700 (Indochina Time),$982
Thu Oct 31 2019 00:00:00 GMT+0700 (Indochina Time),$982
Tue Nov 05 2019 00:00:00 GMT+0700 (Indochina Time),$982
Wed Nov 06 2019 00:00:00 GMT+0700 (Indochina Time),$972
Mon Nov 11 2019 00:00:00 GMT+0700 (Indochina Time),$972
Wed Nov 13 2019 00:00:00 GMT+0700 (Indochina Time),$972
Sat Nov 16 2019 00:00:00 GMT+0700 (Indochina Time),$958
Wed Nov 20 2019 00:00:00 GMT+0700 (Indochina Time),$958
Thu Nov 21 2019 00:00:00 GMT+0700 (Indochina Time),$958
Mon Nov 25 2019 00:00:00 GMT+0700 (Indochina Time),$968
Wed Nov 27 2019 00:00:00 GMT+0700 (Indochina Time),$964
Mon Dec 02 2019 00:00:00 GMT+0700 (Indochina Time),$964
Thu Dec 05 2019 00:00:00 GMT+0700 (Indochina Time),$954
Fri Dec 06 2019 00:00:00 GMT+0700 (Indochina Time),$966
Tue Dec 10 2019 00:00:00 GMT+0700 (Indochina Time),$968
Sun Dec 15 2019 00:00:00 GMT+0700 (Indochina Time),$924
Wed Dec 18 2019 00:00:00 GMT+0700 (Indochina Time),$924
Thu Dec 19 2019 00:00:00 GMT+0700 (Indochina Time),$928
Tue Dec 24 2019 00:00:00 GMT+0700 (Indochina Time),$928
Thu Dec 26 2019 00:00:00 GMT+0700 (Indochina Time),$928
Mon Dec 30 2019 00:00:00 GMT+0700 (Indochina Time),$922
Wed Jan 01 2020 00:00:00 GMT+0700 (Indochina Time),$954
Fri Jan 03 2020 00:00:00 GMT+0700 (Indochina Time),$963
Wed Jan 08 2020 00:00:00 GMT+0700 (Indochina Time),$963
Fri Jan 10 2020 00:00:00 GMT+0700 (Indochina Time),$962
Sun Jan 12 2020 00:00:00 GMT+0700 (Indochina Time),$943
Thu Jan 16 2020 00:00:00 GMT+0700 (Indochina Time),$933
Mon Jan 20 2020 00:00:00 GMT+0700 (Indochina Time),$937
Thu Jan 23 2020 00:00:00 GMT+0700 (Indochina Time),$913
Sun Jan 26 2020 00:00:00 GMT+0700 (Indochina Time),$922
Wed Jan 29 2020 00:00:00 GMT+0700 (Indochina Time),$922
Thu Jan 30 2020 00:00:00 GMT+0700 (Indochina Time),$925
Sun Feb 02 2020 00:00:00 GMT+0700 (Indochina Time),$926
Wed Feb 05 2020 00:00:00 GMT+0700 (Indochina Time),$926
Mon Feb 10 2020 00:00:00 GMT+0700 (Indochina Time),$926
Thu Feb 13 2020 00:00:00 GMT+0700 (Indochina Time),$936
Fri Feb 14 2020 00:00:00 GMT+0700 (Indochina Time),$933
Mon Feb 17 2020 00:00:00 GMT+0700 (Indochina Time),$933
Sat Feb 22 2020 00:00:00 GMT+0700 (Indochina Time),$933
Tue Feb 25 2020 00:00:00 GMT+0700 (Indochina Time),$941
Fri Feb 28 2020 00:00:00 GMT+0700 (Indochina Time),$941
Sun Mar 01 2020 00:00:00 GMT+0700 (Indochina Time),$930
Wed Mar 04 2020 00:00:00 GMT+0700 (Indochina Time),$930
Sun Mar 08 2020 00:00:00 GMT+0700 (Indochina Time),$921
Wed Mar 11 2020 00:00:00 GMT+0700 (Indochina Time),$921
Fri Mar 13 2020 00:00:00 GMT+0700 (Indochina Time),$921
Tue Mar 17 2020 00:00:00 GMT+0700 (Indochina Time),$917
Thu Mar 19 2020 00:00:00 GMT+0700 (Indochina Time),$886
Mon Mar 23 2020 00:00:00 GMT+0700 (Indochina Time),$886
Thu Mar 26 2020 00:00:00 GMT+0700 (Indochina Time),$891
Sun Mar 29 2020 00:00:00 GMT+0700 (Indochina Time),$886
Wed Apr 01 2020 00:00:00 GMT+0700 (Indochina Time),$926
Thu Apr 02 2020 00:00:00 GMT+0700 (Indochina Time),$926
Sun Apr 05 2020 00:00:00 GMT+0700 (Indochina Time),$926
Fri Apr 10 2020 00:00:00 GMT+0700 (Indochina Time),$926
Sun Apr 12 2020 00:00:00 GMT+0700 (Indochina Time),$934
Tue Apr 14 2020 00:00:00 GMT+0700 (Indochina Time),$934
Sun Apr 19 2020 00:00:00 GMT+0700 (Indochina Time),$934
Wed Apr 22 2020 00:00:00 GMT+0700 (Indochina Time),$918
Thu Apr 23 2020 00:00:00 GMT+0700 (Indochina Time),$933
Sun Apr 26 2020 00:00:00 GMT+0700 (Indochina Time),$924
Fri May 01 2020 00:00:00 GMT+0700 (Indochina Time),$924
Sun May 03 2020 00:00:00 GMT+0700 (Indochina Time),$925
Thu May 07 2020 00:00:00 GMT+0700 (Indochina Time),$925
Sat May 09 2020 00:00:00 GMT+0700 (Indochina Time),$925
Mon May 11 2020 00:00:00 GMT+0700 (Indochina Time),$912
Sat May 16 2020 00:00:00 GMT+0700 (Indochina Time),$912
Mon May 18 2020 00:00:00 GMT+0700 (Indochina Time),$895
Wed May 20 2020 00:00:00 GMT+0700 (Indochina Time),$899
Mon May 25 2020 00:00:00 GMT+0700 (Indochina Time),$899
Wed May 27 2020 00:00:00 GMT+0700 (Indochina Time),$924
Sun May 31 2020 00:00:00 GMT+0700 (Indochina Time),$924
Tue Jun 02 2020 00:00:00 GMT+0700 (Indochina Time),$928
Thu Jun 04 2020 00:00:00 GMT+0700 (Indochina Time),$928
Sun Jun 07 2020 00:00:00 GMT+0700 (Indochina Time),$928
Wed Jun 10 2020 00:00:00 GMT+0700 (Indochina Time),$928
Mon Jun 15 2020 00:00:00 GMT+0700 (Indochina Time),$928
Wed Jun 17 2020 00:00:00 GMT+0700 (Indochina Time),$974
Fri Jun 19 2020 00:00:00 GMT+0700 (Indochina Time),$968
Wed Jun 24 2020 00:00:00 GMT+0700 (Indochina Time),$968
Fri Jun 26 2020 00:00:00 GMT+0700 (Indochina Time),$968
Sun Jun 28 2020 00:00:00 GMT+0700 (Indochina Time),$977
Fri Jul 03 2020 00:00:00 GMT+0700 (Indochina Time),$977
Sun Jul 05 2020 00:00:00 GMT+0700 (Indochina Time),$967
Thu Jul 09 2020 00:00:00 GMT+0700 (Indochina Time),$967
Sun Jul 12 2020 00:00:00 GMT+0700 (Indochina Time),$955
Wed Jul 15 2020 00:00:00 GMT+0700 (Indochina Time),$958
Sat Jul 18 2020 00:00:00 GMT+0700 (Indochina Time),$958
Mon Jul 20 2020 00:00:00 GMT+0700 (Indochina Time),$952
Wed Jul 22 2020 00:00:00 GMT+0700 (Indochina Time),$952
Mon Jul 27 2020 00:00:00 GMT+0700 (Indochina Time),$952
Thu Jul 30 2020 00:00:00 GMT+0700 (Indochina Time),$953
Fri Jul 31 2020 00:00:00 GMT+0700 (Indochina Time),$943
Mon Aug 03 2020 00:00:00 GMT+0700 (Indochina Time),$943
Thu Aug 06 2020 00:00:00 GMT+0700 (Indochina Time),$943
Tue Aug 11 2020 00:00:00 GMT+0700 (Indochina Time),$943
Wed Aug 12 2020 00:00:00 GMT+0700 (Indochina Time),$956
Mon Aug 17 2020 00:00:00 GMT+0700 (Indochina Time),$956
Wed Aug 19 2020 00:00:00 GMT+0700 (Indochina Time),$959
Sun Aug 23 2020 00:00:00 GMT+0700 (Indochina Time),$959
Wed Aug 26 2020 00:00:00 GMT+0700 (Indochina Time),$970
Fri Aug 28 2020 00:00:00 GMT+0700 (Indochina Time),$1025
Mon Aug 31 2020 00:00:00 GMT+0700 (Indochina Time),$1017
Fri Sep 04 2020 00:00:00 GMT+0700 (Indochina Time),$1017
Mon Sep 07 2020 00:00:00 GMT+0700 (Indochina Time),$1017
Wed Sep 09 2020 00:00:00 GMT+0700 (Indochina Time),$1017
Mon Sep 14 2020 00:00:00 GMT+0700 (Indochina Time),$1017
Wed Sep 16 2020 00:00:00 GMT+0700 (Indochina Time),$976
Sun Sep 20 2020 00:00:00 GMT+0700 (Indochina Time),$976
Wed Sep 23 2020 00:00:00 GMT+0700 (Indochina Time),$976
Sat Sep 26 2020 00:00:00 GMT+0700 (Indochina Time),$976
Tue Sep 29 2020 00:00:00 GMT+0700 (Indochina Time),$976
Fri Oct 02 2020 00:00:00 GMT+0700 (Indochina Time),$976
Sat Oct 03 2020 00:00:00 GMT+0700 (Indochina Time),$979
Tue Oct 06 2020 00:00:00 GMT+0700 (Indochina Time),$979
Sun Oct 11 2020 00:00:00 GMT+0700 (Indochina Time),$979
Wed Oct 14 2020 00:00:00 GMT+0700 (Indochina Time),$988
Sat Oct 17 2020 00:00:00 GMT+0700 (Indochina Time),$987
Mon Oct 19 2020 00:00:00 GMT+0700 (Indochina Time),$987
Wed Oct 21 2020 00:00:00 GMT+0700 (Indochina Time),$996
Sat Oct 24 2020 00:00:00 GMT+0700 (Indochina Time),$996
Tue Oct 27 2020 00:00:00 GMT+0700 (Indochina Time),$996
Fri Oct 30 2020 00:00:00 GMT+0700 (Indochina Time),$996
Mon Nov 02 2020 00:00:00 GMT+0700 (Indochina Time),$996
Sat Nov 07 2020 00:00:00 GMT+0700 (Indochina Time),$996
Mon Nov 09 2020 00:00:00 GMT+0700 (Indochina Time),$996
Fri Nov 13 2020 00:00:00 GMT+0700 (Indochina Time),$998
Mon Nov 16 2020 00:00:00 GMT+0700 (Indochina Time),$1054
Thu Nov 19 2020 00:00:00 GMT+0700 (Indochina Time),$1045
Sat Nov 21 2020 00:00:00 GMT+0700 (Indochina Time),$1065
Tue Nov 24 2020 00:00:00 GMT+0700 (Indochina Time),$1065
Sat Nov 28 2020 00:00:00 GMT+0700 (Indochina Time),$1061
Sun Nov 29 2020 00:00:00 GMT+0700 (Indochina Time),$1038
Fri Dec 04 2020 00:00:00 GMT+0700 (Indochina Time),$1034
Sat Dec 05 2020 00:00:00 GMT+0700 (Indochina Time),$1044
Tue Dec 08 2020 00:00:00 GMT+0700 (Indochina Time),$1046
Sun Dec 13 2020 00:00:00 GMT+0700 (Indochina Time),$1046
Mon Dec 14 2020 00:00:00 GMT+0700 (Indochina Time),$1054
Thu Dec 17 2020 00:00:00 GMT+0700 (Indochina Time),$1059
Tue Dec 22 2020 00:00:00 GMT+0700 (Indochina Time),$1059
Thu Dec 24 2020 00:00:00 GMT+0700 (Indochina Time),$1070
Sun Dec 27 2020 00:00:00 GMT+0700 (Indochina Time),$1070
Tue Dec 29 2020 00:00:00 GMT+0700 (Indochina Time),$1101
Fri Jan 01 2021 00:00:00 GMT+0700 (Indochina Time),$1109
Wed Jan 06 2021 00:00:00 GMT+0700 (Indochina Time),$1109
Thu Jan 07 2021 00:00:00 GMT+0700 (Indochina Time),$1125
Tue Jan 12 2021 00:00:00 GMT+0700 (Indochina Time),$1123
Thu Jan 14 2021 00:00:00 GMT+0700 (Indochina Time),$1137
Sun Jan 17 2021 00:00:00 GMT+0700 (Indochina Time),$1133
Tue Jan 19 2021 00:00:00 GMT+0700 (Indochina Time),$1144
Fri Jan 22 2021 00:00:00 GMT+0700 (Indochina Time),$1144
Wed Jan 27 2021 00:00:00 GMT+0700 (Indochina Time),$1161
Thu Jan 28 2021 00:00:00 GMT+0700 (Indochina Time),$1156
Tue Feb 02 2021 00:00:00 GMT+0700 (Indochina Time),$1156
Thu Feb 04 2021 00:00:00 GMT+0700 (Indochina Time),$1166
Sat Feb 06 2021 00:00:00 GMT+0700 (Indochina Time),$1166
Tue Feb 09 2021 00:00:00 GMT+0700 (Indochina Time),$1166
Sun Feb 14 2021 00:00:00 GMT+0700 (Indochina Time),$1166
Mon Feb 15 2021 00:00:00 GMT+0700 (Indochina Time),$1166
Fri Feb 19 2021 00:00:00 GMT+0700 (Indochina Time),$1230
Mon Feb 22 2021 00:00:00 GMT+0700 (Indochina Time),$1230
Wed Feb 24 2021 00:00:00 GMT+0700 (Indochina Time),$1266
Sat Feb 27 2021 00:00:00 GMT+0700 (Indochina Time),$1266
Tue Mar 02 2021 00:00:00 GMT+0700 (Indochina Time),$1266
Sun Mar 07 2021 00:00:00 GMT+0700 (Indochina Time),$1266
Tue Mar 09 2021 00:00:00 GMT+0700 (Indochina Time),$1295
Sat Mar 13 2021 00:00:00 GMT+0700 (Indochina Time),$1295
Mon Mar 15 2021 00:00:00 GMT+0700 (Indochina Time),$1310
Thu Mar 18 2021 00:00:00 GMT+0700 (Indochina Time),$1297
Sat Mar 20 2021 00:00:00 GMT+0700 (Indochina Time),$1313
Tue Mar 23 2021 00:00:00 GMT+0700 (Indochina Time),$1306
Fri Mar 26 2021 00:00:00 GMT+0700 (Indochina Time),$1306
Mon Mar 29 2021 00:00:00 GMT+0700 (Indochina Time),$1302
Sat Apr 03 2021 00:00:00 GMT+0700 (Indochina Time),$1303
Tue Apr 06 2021 00:00:00 GMT+0700 (Indochina Time),$1299
Thu Apr 08 2021 00:00:00 GMT+0700 (Indochina Time),$1299
Sat Apr 10 2021 00:00:00 GMT+0700 (Indochina Time),$1307
Thu Apr 15 2021 00:00:00 GMT+0700 (Indochina Time),$1307
Sun Apr 18 2021 00:00:00 GMT+0700 (Indochina Time),$1313
Mon Apr 19 2021 00:00:00 GMT+0700 (Indochina Time),$1294
Sat Apr 24 2021 00:00:00 GMT+0700 (Indochina Time),$1279
Tue Apr 27 2021 00:00:00 GMT+0700 (Indochina Time),$1296
Fri Apr 30 2021 00:00:00 GMT+0700 (Indochina Time),$1265
Sat May 01 2021 00:00:00 GMT+0700 (Indochina Time),$1290
Thu May 06 2021 00:00:00 GMT+0700 (Indochina Time),$1318
Fri May 07 2021 00:00:00 GMT+0700 (Indochina Time),$1307
Mon May 10 2021 00:00:00 GMT+0700 (Indochina Time),$1299
Sat May 15 2021 00:00:00 GMT+0700 (Indochina Time),$1299
Tue May 18 2021 00:00:00 GMT+0700 (Indochina Time),$1301
Fri May 21 2021 00:00:00 GMT+0700 (Indochina Time),$1295
Sat May 22 2021 00:00:00 GMT+0700 (Indochina Time),$1280
Wed May 26 2021 00:00:00 GMT+0700 (Indochina Time),$1296
Sat May 29 2021 00:00:00 GMT+0700 (Indochina Time),$1250
Tue Jun 01 2021 00:00:00 GMT+0700 (Indochina Time),$1259
Fri Jun 04 2021 00:00:00 GMT+0700 (Indochina Time),$1217
Sun Jun 06 2021 00:00:00 GMT+0700 (Indochina Time),$1217
Thu Jun 10 2021 00:00:00 GMT+0700 (Indochina Time),$1254
Sun Jun 13 2021 00:00:00 GMT+0700 (Indochina Time),$1247
Thu Jun 17 2021 00:00:00 GMT+0700 (Indochina Time),$1261
Sat Jun 19 2021 00:00:00 GMT+0700 (Indochina Time),$1300
Thu Jun 24 2021 00:00:00 GMT+0700 (Indochina Time),$1297
Sun Jun 27 2021 00:00:00 GMT+0700 (Indochina Time),$1311
Wed Jun 30 2021 00:00:00 GMT+0700 (Indochina Time),$1314
Fri Jul 02 2021 00:00:00 GMT+0700 (Indochina Time),$1296
Tue Jul 06 2021 00:00:00 GMT+0700 (Indochina Time),$1296
Thu Jul 08 2021 00:00:00 GMT+0700 (Indochina Time),$1300
Mon Jul 12 2021 00:00:00 GMT+0700 (Indochina Time),$1300
Wed Jul 14 2021 00:00:00 GMT+0700 (Indochina Time),$1257
Fri Jul 16 2021 00:00:00 GMT+0700 (Indochina Time),$1250
Tue Jul 20 2021 00:00:00 GMT+0700 (Indochina Time),$1250
Thu Jul 22 2021 00:00:00 GMT+0700 (Indochina Time),$1266
Tue Jul 27 2021 00:00:00 GMT+0700 (Indochina Time),$1266
Fri Jul 30 2021 00:00:00 GMT+0700 (Indochina Time),$1265
Sun Aug 01 2021 00:00:00 GMT+0700 (Indochina Time),$1297
Tue Aug 03 2021 00:00:00 GMT+0700 (Indochina Time),$1297
Fri Aug 06 2021 00:00:00 GMT+0700 (Indochina Time),$1297
Mon Aug 09 2021 00:00:00 GMT+0700 (Indochina Time),$1297
Thu Aug 12 2021 00:00:00 GMT+0700 (Indochina Time),$1297
Tue Aug 17 2021 00:00:00 GMT+0700 (Indochina Time),$1297
Fri Aug 20 2021 00:00:00 GMT+0700 (Indochina Time),$1299
Mon Aug 23 2021 00:00:00 GMT+0700 (Indochina Time),$1312
Tue Aug 24 2021 00:00:00 GMT+0700 (Indochina Time),$1312
Fri Aug 27 2021 00:00:00 GMT+0700 (Indochina Time),$1312
Wed Sep 01 2021 00:00:00 GMT+0700 (Indochina Time),$1312
Sat Sep 04 2021 00:00:00 GMT+0700 (Indochina Time),$1311
Mon Sep 06 2021 00:00:00 GMT+0700 (Indochina Time),$1291
Fri Sep 10 2021 00:00:00 GMT+0700 (Indochina Time),$1284
Sat Sep 11 2021 00:00:00 GMT+0700 (Indochina Time),$1263
Tue Sep 14 2021 00:00:00 GMT+0700 (Indochina Time),$1254
Fri Sep 17 2021 00:00:00 GMT+0700 (Indochina Time),$1222
Mon Sep 20 2021 00:00:00 GMT+0700 (Indochina Time),$1222
Sat Sep 25 2021 00:00:00 GMT+0700 (Indochina Time),$1222
Sun Sep 26 2021 00:00:00 GMT+0700 (Indochina Time),$1213
Thu Sep 30 2021 00:00:00 GMT+0700 (Indochina Time),$1213
Mon Oct 04 2021 00:00:00 GMT+0700 (Indochina Time),$1196
Thu Oct 07 2021 00:00:00 GMT+0700 (Indochina Time),$1188
Sat Oct 09 2021 00:00:00 GMT+0700 (Indochina Time),$1199
Mon Oct 11 2021 00:00:00 GMT+0700 (Indochina Time),$1187
Thu Oct 14 2021 00:00:00 GMT+0700 (Indochina Time),$1187
Tue Oct 19 2021 00:00:00 GMT+0700 (Indochina Time),$1187
Wed Oct 20 2021 00:00:00 GMT+0700 (Indochina Time),$1197
Sat Oct 23 2021 00:00:00 GMT+0700 (Indochina Time),$1197
Thu Oct 28 2021 00:00:00 GMT+0700 (Indochina Time),$1197
Fri Oct 29 2021 00:00:00 GMT+0700 (Indochina Time),$1223
Wed Nov 03 2021 00:00:00 GMT+0700 (Indochina Time),$1209
Thu Nov 04 2021 00:00:00 GMT+0700 (Indochina Time),$1209
Sun Nov 07 2021 00:00:00 GMT+0700 (Indochina Time),$1209
Fri Nov 12 2021 00:00:00 GMT+0700 (Indochina Time),$1209
Sat Nov 13 2021 00:00:00 GMT+0700 (Indochina Time),$1202
Tue Nov 16 2021 00:00:00 GMT+0700 (Indochina Time),$1202
Sun Nov 21 2021 00:00:00 GMT+0700 (Indochina Time),$1202
Mon Nov 22 2021 00:00:00 GMT+0700 (Indochina Time),$1205
Sat Nov 27 2021 00:00:00 GMT+0700 (Indochina Time),$1205
Sun Nov 28 2021 00:00:00 GMT+0700 (Indochina Time),$1192
Fri Dec 03 2021 00:00:00 GMT+0700 (Indochina Time),$1192
Sun Dec 05 2021 00:00:00 GMT+0700 (Indochina Time),$1188
Thu Dec 09 2021 00:00:00 GMT+0700 (Indochina Time),$1188
Fri Dec 10 2021 00:00:00 GMT+0700 (Indochina Time),$1188
Mon Dec 13 2021 00:00:00 GMT+0700 (Indochina Time),$1174
Sat Dec 18 2021 00:00:00 GMT+0700 (Indochina Time),$1174
Mon Dec 20 2021 00:00:00 GMT+0700 (Indochina Time),$1165
Thu Dec 23 2021 00:00:00 GMT+0700 (Indochina Time),$1165
Mon Dec 27 2021 00:00:00 GMT+0700 (Indochina Time),$1165
Tue Dec 28 2021 00:00:00 GMT+0700 (Indochina Time),$1165
Fri Dec 31 2021 00:00:00 GMT+0700 (Indochina Time),$1165
Mon Jan 03 2022 00:00:00 GMT+0700 (Indochina Time),$1165
Thu Jan 06 2022 00:00:00 GMT+0700 (Indochina Time),$1165
Tue Jan 11 2022 00:00:00 GMT+0700 (Indochina Time),$1165
Wed Jan 12 2022 00:00:00 GMT+0700 (Indochina Time),$1179
Sun Jan 16 2022 00:00:00 GMT+0700 (Indochina Time),$1181
Wed Jan 19 2022 00:00:00 GMT+0700 (Indochina Time),$1181
Sun Jan 23 2022 00:00:00 GMT+0700 (Indochina Time),$1175
Wed Jan 26 2022 00:00:00 GMT+0700 (Indochina Time),$1202
Sat Jan 29 2022 00:00:00 GMT+0700 (Indochina Time),$1202
Sun Jan 30 2022 00:00:00 GMT+0700 (Indochina Time),$1217
Wed Feb 02 2022 00:00:00 GMT+0700 (Indochina Time),$1217
Mon Feb 07 2022 00:00:00 GMT+0700 (Indochina Time),$1217
Thu Feb 10 2022 00:00:00 GMT+0700 (Indochina Time),$1229
Sun Feb 13 2022 00:00:00 GMT+0700 (Indochina Time),$1229
Mon Feb 14 2022 00:00:00 GMT+0700 (Indochina Time),$1229
Thu Feb 17 2022 00:00:00 GMT+0700 (Indochina Time),$1262
Tue Feb 22 2022 00:00:00 GMT+0700 (Indochina Time),$1262
Wed Feb 23 2022 00:00:00 GMT+0700 (Indochina Time),$1278
Sat Feb 26 2022 00:00:00 GMT+0700 (Indochina Time),$1278
Thu Mar 03 2022 00:00:00 GMT+0700 (Indochina Time),$1278
Fri Mar 04 2022 00:00:00 GMT+0700 (Indochina Time),$1289
Tue Mar 08 2022 00:00:00 GMT+0700 (Indochina Time),$1289
