Tue Mar 12 2019 00:00:00 GMT+0700 (เวลาอินโดจีน),$26798
Fri Mar 15 2019 00:00:00 GMT+0700 (เวลาอินโดจีน),$26798
Sun Mar 17 2019 00:00:00 GMT+0700 (เวลาอินโดจีน),$26798
Tue Mar 19 2019 00:00:00 GMT+0700 (เวลาอินโดจีน),$26826
Fri Mar 22 2019 00:00:00 GMT+0700 (เวลาอินโดจีน),$26826
Mon Mar 25 2019 00:00:00 GMT+0700 (เวลาอินโดจีน),$26826
Thu Mar 28 2019 00:00:00 GMT+0700 (เวลาอินโดจีน),$26826
Sun Mar 31 2019 00:00:00 GMT+0700 (เวลาอินโดจีน),$26826
Wed Apr 03 2019 00:00:00 GMT+0700 (เวลาอินโดจีน),$26826
Sat Apr 06 2019 00:00:00 GMT+0700 (เวลาอินโดจีน),$26826
Tue Apr 09 2019 00:00:00 GMT+0700 (เวลาอินโดจีน),$26826
Fri Apr 12 2019 00:00:00 GMT+0700 (เวลาอินโดจีน),$26826
Mon Apr 15 2019 00:00:00 GMT+0700 (เวลาอินโดจีน),$26826
Sat Apr 20 2019 00:00:00 GMT+0700 (เวลาอินโดจีน),$26826
Sun Apr 21 2019 00:00:00 GMT+0700 (เวลาอินโดจีน),$27075
Wed Apr 24 2019 00:00:00 GMT+0700 (เวลาอินโดจีน),$27075
Sat Apr 27 2019 00:00:00 GMT+0700 (เวลาอินโดจีน),$27075
Tue Apr 30 2019 00:00:00 GMT+0700 (เวลาอินโดจีน),$27075
Sun May 05 2019 00:00:00 GMT+0700 (เวลาอินโดจีน),$27075
Tue May 07 2019 00:00:00 GMT+0700 (เวลาอินโดจีน),$27080
Sat May 11 2019 00:00:00 GMT+0700 (เวลาอินโดจีน),$27080
Mon May 13 2019 00:00:00 GMT+0700 (เวลาอินโดจีน),$27176
Wed May 15 2019 00:00:00 GMT+0700 (เวลาอินโดจีน),$27176
Sat May 18 2019 00:00:00 GMT+0700 (เวลาอินโดจีน),$27176
Tue May 21 2019 00:00:00 GMT+0700 (เวลาอินโดจีน),$27176
Sun May 26 2019 00:00:00 GMT+0700 (เวลาอินโดจีน),$27176
Wed May 29 2019 00:00:00 GMT+0700 (เวลาอินโดจีน),$27118
Fri May 31 2019 00:00:00 GMT+0700 (เวลาอินโดจีน),$27118
Sun Jun 02 2019 00:00:00 GMT+0700 (เวลาอินโดจีน),$27401
Fri Jun 07 2019 00:00:00 GMT+0700 (เวลาอินโดจีน),$27401
Mon Jun 10 2019 00:00:00 GMT+0700 (เวลาอินโดจีน),$27679
Thu Jun 13 2019 00:00:00 GMT+0700 (เวลาอินโดจีน),$27679
Sun Jun 16 2019 00:00:00 GMT+0700 (เวลาอินโดจีน),$27679
Wed Jun 19 2019 00:00:00 GMT+0700 (เวลาอินโดจีน),$27679
Sat Jun 22 2019 00:00:00 GMT+0700 (เวลาอินโดจีน),$27679
Tue Jun 25 2019 00:00:00 GMT+0700 (เวลาอินโดจีน),$27679
Thu Jun 27 2019 00:00:00 GMT+0700 (เวลาอินโดจีน),$27679
Sat Jun 29 2019 00:00:00 GMT+0700 (เวลาอินโดจีน),$28119
Thu Jul 04 2019 00:00:00 GMT+0700 (เวลาอินโดจีน),$28119
Sun Jul 07 2019 00:00:00 GMT+0700 (เวลาอินโดจีน),$28119
Wed Jul 10 2019 00:00:00 GMT+0700 (เวลาอินโดจีน),$28119
Sat Jul 13 2019 00:00:00 GMT+0700 (เวลาอินโดจีน),$28119
Mon Jul 15 2019 00:00:00 GMT+0700 (เวลาอินโดจีน),$28119
Wed Jul 17 2019 00:00:00 GMT+0700 (เวลาอินโดจีน),$28450
Sun Jul 21 2019 00:00:00 GMT+0700 (เวลาอินโดจีน),$28450
Wed Jul 24 2019 00:00:00 GMT+0700 (เวลาอินโดจีน),$28849
Sun Jul 28 2019 00:00:00 GMT+0700 (เวลาอินโดจีน),$28849
Mon Jul 29 2019 00:00:00 GMT+0700 (เวลาอินโดจีน),$29388
Sat Aug 03 2019 00:00:00 GMT+0700 (เวลาอินโดจีน),$29388
Tue Aug 06 2019 00:00:00 GMT+0700 (เวลาอินโดจีน),$29388
Fri Aug 09 2019 00:00:00 GMT+0700 (เวลาอินโดจีน),$29388
Mon Aug 12 2019 00:00:00 GMT+0700 (เวลาอินโดจีน),$29388
Thu Aug 15 2019 00:00:00 GMT+0700 (เวลาอินโดจีน),$29388
Sun Aug 18 2019 00:00:00 GMT+0700 (เวลาอินโดจีน),$29388
Wed Aug 21 2019 00:00:00 GMT+0700 (เวลาอินโดจีน),$29388
Sat Aug 24 2019 00:00:00 GMT+0700 (เวลาอินโดจีน),$29388
Tue Aug 27 2019 00:00:00 GMT+0700 (เวลาอินโดจีน),$29388
Thu Aug 29 2019 00:00:00 GMT+0700 (เวลาอินโดจีน),$29388
Sat Aug 31 2019 00:00:00 GMT+0700 (เวลาอินโดจีน),$30042
Tue Sep 03 2019 00:00:00 GMT+0700 (เวลาอินโดจีน),$30466
Fri Sep 06 2019 00:00:00 GMT+0700 (เวลาอินโดจีน),$30466
Mon Sep 09 2019 00:00:00 GMT+0700 (เวลาอินโดจีน),$30466
Sat Sep 14 2019 00:00:00 GMT+0700 (เวลาอินโดจีน),$30466
Mon Sep 16 2019 00:00:00 GMT+0700 (เวลาอินโดจีน),$30466
Wed Sep 18 2019 00:00:00 GMT+0700 (เวลาอินโดจีน),$30688
Sat Sep 21 2019 00:00:00 GMT+0700 (เวลาอินโดจีน),$30553
Tue Sep 24 2019 00:00:00 GMT+0700 (เวลาอินโดจีน),$30553
Fri Sep 27 2019 00:00:00 GMT+0700 (เวลาอินโดจีน),$30553
Mon Sep 30 2019 00:00:00 GMT+0700 (เวลาอินโดจีน),$30553
Thu Oct 03 2019 00:00:00 GMT+0700 (เวลาอินโดจีน),$30553
Sun Oct 06 2019 00:00:00 GMT+0700 (เวลาอินโดจีน),$30553
Wed Oct 09 2019 00:00:00 GMT+0700 (เวลาอินโดจีน),$30553
Sat Oct 12 2019 00:00:00 GMT+0700 (เวลาอินโดจีน),$30553
Tue Oct 15 2019 00:00:00 GMT+0700 (เวลาอินโดจีน),$30553
Fri Oct 18 2019 00:00:00 GMT+0700 (เวลาอินโดจีน),$30553
Wed Oct 23 2019 00:00:00 GMT+0700 (เวลาอินโดจีน),$30553
Thu Oct 24 2019 00:00:00 GMT+0700 (เวลาอินโดจีน),$28006
Mon Oct 28 2019 00:00:00 GMT+0700 (เวลาอินโดจีน),$28006
Fri Nov 01 2019 00:00:00 GMT+0700 (เวลาอินโดจีน),$28008
Mon Nov 04 2019 00:00:00 GMT+0700 (เวลาอินโดจีน),$28460
Tue Nov 05 2019 00:00:00 GMT+0700 (เวลาอินโดจีน),$28460
Fri Nov 08 2019 00:00:00 GMT+0700 (เวลาอินโดจีน),$28460
Mon Nov 11 2019 00:00:00 GMT+0700 (เวลาอินโดจีน),$28460
Thu Nov 14 2019 00:00:00 GMT+0700 (เวลาอินโดจีน),$28460
Tue Nov 19 2019 00:00:00 GMT+0700 (เวลาอินโดจีน),$28460
Fri Nov 22 2019 00:00:00 GMT+0700 (เวลาอินโดจีน),$27807
Sun Nov 24 2019 00:00:00 GMT+0700 (เวลาอินโดจีน),$27807
Wed Nov 27 2019 00:00:00 GMT+0700 (เวลาอินโดจีน),$28363
Fri Nov 29 2019 00:00:00 GMT+0700 (เวลาอินโดจีน),$28363
Mon Dec 02 2019 00:00:00 GMT+0700 (เวลาอินโดจีน),$28363
Sat Dec 07 2019 00:00:00 GMT+0700 (เวลาอินโดจีน),$28363
Sun Dec 08 2019 00:00:00 GMT+0700 (เวลาอินโดจีน),$27623
Thu Dec 12 2019 00:00:00 GMT+0700 (เวลาอินโดจีน),$27623
Sun Dec 15 2019 00:00:00 GMT+0700 (เวลาอินโดจีน),$27623
Wed Dec 18 2019 00:00:00 GMT+0700 (เวลาอินโดจีน),$27623
Sat Dec 21 2019 00:00:00 GMT+0700 (เวลาอินโดจีน),$27623
Tue Dec 24 2019 00:00:00 GMT+0700 (เวลาอินโดจีน),$27623
Sun Dec 29 2019 00:00:00 GMT+0700 (เวลาอินโดจีน),$27623
Mon Dec 30 2019 00:00:00 GMT+0700 (เวลาอินโดจีน),$26491
Thu Jan 02 2020 00:00:00 GMT+0700 (เวลาอินโดจีน),$26491
Sun Jan 05 2020 00:00:00 GMT+0700 (เวลาอินโดจีน),$26491
Wed Jan 08 2020 00:00:00 GMT+0700 (เวลาอินโดจีน),$26491
Sat Jan 11 2020 00:00:00 GMT+0700 (เวลาอินโดจีน),$26491
Tue Jan 14 2020 00:00:00 GMT+0700 (เวลาอินโดจีน),$26491
Fri Jan 17 2020 00:00:00 GMT+0700 (เวลาอินโดจีน),$26491
Mon Jan 20 2020 00:00:00 GMT+0700 (เวลาอินโดจีน),$26491
Thu Jan 23 2020 00:00:00 GMT+0700 (เวลาอินโดจีน),$26491
Sun Jan 26 2020 00:00:00 GMT+0700 (เวลาอินโดจีน),$26491
Wed Jan 29 2020 00:00:00 GMT+0700 (เวลาอินโดจีน),$26491
Sat Feb 01 2020 00:00:00 GMT+0700 (เวลาอินโดจีน),$26491
Tue Feb 04 2020 00:00:00 GMT+0700 (เวลาอินโดจีน),$26491
Sun Feb 09 2020 00:00:00 GMT+0700 (เวลาอินโดจีน),$26491
Tue Feb 11 2020 00:00:00 GMT+0700 (เวลาอินโดจีน),$26491
Sat Feb 15 2020 00:00:00 GMT+0700 (เวลาอินโดจีน),$26820
Sun Feb 16 2020 00:00:00 GMT+0700 (เวลาอินโดจีน),$27174
Thu Feb 20 2020 00:00:00 GMT+0700 (เวลาอินโดจีน),$27174
Sat Feb 22 2020 00:00:00 GMT+0700 (เวลาอินโดจีน),$27402
Tue Feb 25 2020 00:00:00 GMT+0700 (เวลาอินโดจีน),$27402
Sun Mar 01 2020 00:00:00 GMT+0700 (เวลาอินโดจีน),$27402
Tue Mar 03 2020 00:00:00 GMT+0700 (เวลาอินโดจีน),$27351
Sat Mar 07 2020 00:00:00 GMT+0700 (เวลาอินโดจีน),$27351
Mon Mar 09 2020 00:00:00 GMT+0700 (เวลาอินโดจีน),$27776
Fri Mar 13 2020 00:00:00 GMT+0700 (เวลาอินโดจีน),$27776
Sun Mar 15 2020 00:00:00 GMT+0700 (เวลาอินโดจีน),$27776
Tue Mar 17 2020 00:00:00 GMT+0700 (เวลาอินโดจีน),$28577
Sat Mar 21 2020 00:00:00 GMT+0700 (เวลาอินโดจีน),$28861
Wed Mar 25 2020 00:00:00 GMT+0700 (เวลาอินโดจีน),$28861
Sat Mar 28 2020 00:00:00 GMT+0700 (เวลาอินโดจีน),$28861
Tue Mar 31 2020 00:00:00 GMT+0700 (เวลาอินโดจีน),$28960
Fri Apr 03 2020 00:00:00 GMT+0700 (เวลาอินโดจีน),$28960
Sat Apr 04 2020 00:00:00 GMT+0700 (เวลาอินโดจีน),$29663
Tue Apr 07 2020 00:00:00 GMT+0700 (เวลาอินโดจีน),$29663
Sun Apr 12 2020 00:00:00 GMT+0700 (เวลาอินโดจีน),$29663
Tue Apr 14 2020 00:00:00 GMT+0700 (เวลาอินโดจีน),$29663
Thu Apr 16 2020 00:00:00 GMT+0700 (เวลาอินโดจีน),$29860
Tue Apr 21 2020 00:00:00 GMT+0700 (เวลาอินโดจีน),$29860
Fri Apr 24 2020 00:00:00 GMT+0700 (เวลาอินโดจีน),$29860
Mon Apr 27 2020 00:00:00 GMT+0700 (เวลาอินโดจีน),$29860
Thu Apr 30 2020 00:00:00 GMT+0700 (เวลาอินโดจีน),$29860
Sun May 03 2020 00:00:00 GMT+0700 (เวลาอินโดจีน),$29860
Wed May 06 2020 00:00:00 GMT+0700 (เวลาอินโดจีน),$29860
Sat May 09 2020 00:00:00 GMT+0700 (เวลาอินโดจีน),$29860
Tue May 12 2020 00:00:00 GMT+0700 (เวลาอินโดจีน),$29860
Thu May 14 2020 00:00:00 GMT+0700 (เวลาอินโดจีน),$30095
Mon May 18 2020 00:00:00 GMT+0700 (เวลาอินโดจีน),$30049
Tue May 19 2020 00:00:00 GMT+0700 (เวลาอินโดจีน),$29008
Fri May 22 2020 00:00:00 GMT+0700 (เวลาอินโดจีน),$29008
Mon May 25 2020 00:00:00 GMT+0700 (เวลาอินโดจีน),$29008
Sat May 30 2020 00:00:00 GMT+0700 (เวลาอินโดจีน),$29008
Tue Jun 02 2020 00:00:00 GMT+0700 (เวลาอินโดจีน),$27786
Thu Jun 04 2020 00:00:00 GMT+0700 (เวลาอินโดจีน),$27786
Sat Jun 06 2020 00:00:00 GMT+0700 (เวลาอินโดจีน),$27874
Thu Jun 11 2020 00:00:00 GMT+0700 (เวลาอินโดจีน),$27874
Fri Jun 12 2020 00:00:00 GMT+0700 (เวลาอินโดจีน),$28783
Mon Jun 15 2020 00:00:00 GMT+0700 (เวลาอินโดจีน),$28988
Thu Jun 18 2020 00:00:00 GMT+0700 (เวลาอินโดจีน),$28988
Sun Jun 21 2020 00:00:00 GMT+0700 (เวลาอินโดจีน),$28988
Wed Jun 24 2020 00:00:00 GMT+0700 (เวลาอินโดจีน),$28988
Sat Jun 27 2020 00:00:00 GMT+0700 (เวลาอินโดจีน),$28988
Thu Jul 02 2020 00:00:00 GMT+0700 (เวลาอินโดจีน),$28988
Fri Jul 03 2020 00:00:00 GMT+0700 (เวลาอินโดจีน),$28880
Wed Jul 08 2020 00:00:00 GMT+0700 (เวลาอินโดจีน),$28880
Thu Jul 09 2020 00:00:00 GMT+0700 (เวลาอินโดจีน),$28488
Tue Jul 14 2020 00:00:00 GMT+0700 (เวลาอินโดจีน),$29391
Fri Jul 17 2020 00:00:00 GMT+0700 (เวลาอินโดจีน),$28288
Sun Jul 19 2020 00:00:00 GMT+0700 (เวลาอินโดจีน),$29516
Tue Jul 21 2020 00:00:00 GMT+0700 (เวลาอินโดจีน),$29516
Fri Jul 24 2020 00:00:00 GMT+0700 (เวลาอินโดจีน),$29516
Mon Jul 27 2020 00:00:00 GMT+0700 (เวลาอินโดจีน),$29516
Thu Jul 30 2020 00:00:00 GMT+0700 (เวลาอินโดจีน),$29516
Sun Aug 02 2020 00:00:00 GMT+0700 (เวลาอินโดจีน),$29516
Wed Aug 05 2020 00:00:00 GMT+0700 (เวลาอินโดจีน),$29516
Mon Aug 10 2020 00:00:00 GMT+0700 (เวลาอินโดจีน),$29516
Wed Aug 12 2020 00:00:00 GMT+0700 (เวลาอินโดจีน),$29516
Fri Aug 14 2020 00:00:00 GMT+0700 (เวลาอินโดจีน),$29823
Mon Aug 17 2020 00:00:00 GMT+0700 (เวลาอินโดจีน),$29823
Thu Aug 20 2020 00:00:00 GMT+0700 (เวลาอินโดจีน),$29823
Tue Aug 25 2020 00:00:00 GMT+0700 (เวลาอินโดจีน),$29823
Wed Aug 26 2020 00:00:00 GMT+0700 (เวลาอินโดจีน),$29632
Mon Aug 31 2020 00:00:00 GMT+0700 (เวลาอินโดจีน),$29632
Thu Sep 03 2020 00:00:00 GMT+0700 (เวลาอินโดจีน),$29632
Sun Sep 06 2020 00:00:00 GMT+0700 (เวลาอินโดจีน),$29632
Wed Sep 09 2020 00:00:00 GMT+0700 (เวลาอินโดจีน),$31071
Fri Sep 11 2020 00:00:00 GMT+0700 (เวลาอินโดจีน),$31071
Mon Sep 14 2020 00:00:00 GMT+0700 (เวลาอินโดจีน),$31071
Sat Sep 19 2020 00:00:00 GMT+0700 (เวลาอินโดจีน),$31071
Mon Sep 21 2020 00:00:00 GMT+0700 (เวลาอินโดจีน),$31071
Wed Sep 23 2020 00:00:00 GMT+0700 (เวลาอินโดจีน),$31333
Sat Sep 26 2020 00:00:00 GMT+0700 (เวลาอินโดจีน),$31333
Tue Sep 29 2020 00:00:00 GMT+0700 (เวลาอินโดจีน),$31333
Fri Oct 02 2020 00:00:00 GMT+0700 (เวลาอินโดจีน),$31333
Mon Oct 05 2020 00:00:00 GMT+0700 (เวลาอินโดจีน),$31333
Thu Oct 08 2020 00:00:00 GMT+0700 (เวลาอินโดจีน),$31333
Tue Oct 13 2020 00:00:00 GMT+0700 (เวลาอินโดจีน),$31333
Thu Oct 15 2020 00:00:00 GMT+0700 (เวลาอินโดจีน),$31066
Mon Oct 19 2020 00:00:00 GMT+0700 (เวลาอินโดจีน),$31066
Thu Oct 22 2020 00:00:00 GMT+0700 (เวลาอินโดจีน),$31066
Sun Oct 25 2020 00:00:00 GMT+0700 (เวลาอินโดจีน),$31066
Wed Oct 28 2020 00:00:00 GMT+0700 (เวลาอินโดจีน),$31066
Sat Oct 31 2020 00:00:00 GMT+0700 (เวลาอินโดจีน),$31066
Mon Nov 02 2020 00:00:00 GMT+0700 (เวลาอินโดจีน),$32620
Wed Nov 04 2020 00:00:00 GMT+0700 (เวลาอินโดจีน),$32620
Mon Nov 09 2020 00:00:00 GMT+0700 (เวลาอินโดจีน),$32620
Tue Nov 10 2020 00:00:00 GMT+0700 (เวลาอินโดจีน),$33759
Sat Nov 14 2020 00:00:00 GMT+0700 (เวลาอินโดจีน),$33759
Tue Nov 17 2020 00:00:00 GMT+0700 (เวลาอินโดจีน),$37846
Thu Nov 19 2020 00:00:00 GMT+0700 (เวลาอินโดจีน),$38042
Sun Nov 22 2020 00:00:00 GMT+0700 (เวลาอินโดจีน),$37966
Fri Nov 27 2020 00:00:00 GMT+0700 (เวลาอินโดจีน),$37871
Mon Nov 30 2020 00:00:00 GMT+0700 (เวลาอินโดจีน),$38034
Thu Dec 03 2020 00:00:00 GMT+0700 (เวลาอินโดจีน),$39067
Sat Dec 05 2020 00:00:00 GMT+0700 (เวลาอินโดจีน),$39067
Mon Dec 07 2020 00:00:00 GMT+0700 (เวลาอินโดจีน),$39762
Fri Dec 11 2020 00:00:00 GMT+0700 (เวลาอินโดจีน),$40054
Mon Dec 14 2020 00:00:00 GMT+0700 (เวลาอินโดจีน),$40080
Thu Dec 17 2020 00:00:00 GMT+0700 (เวลาอินโดจีน),$40257
Sun Dec 20 2020 00:00:00 GMT+0700 (เวลาอินโดจีน),$40375
Wed Dec 23 2020 00:00:00 GMT+0700 (เวลาอินโดจีน),$40373
Sun Dec 27 2020 00:00:00 GMT+0700 (เวลาอินโดจีน),$40551
Mon Dec 28 2020 00:00:00 GMT+0700 (เวลาอินโดจีน),$41200
Fri Jan 01 2021 00:00:00 GMT+0700 (เวลาอินโดจีน),$41348
Mon Jan 04 2021 00:00:00 GMT+0700 (เวลาอินโดจีน),$41444
Wed Jan 06 2021 00:00:00 GMT+0700 (เวลาอินโดจีน),$41848
Sat Jan 09 2021 00:00:00 GMT+0700 (เวลาอินโดจีน),$41634
Tue Jan 12 2021 00:00:00 GMT+0700 (เวลาอินโดจีน),$41898
Sat Jan 16 2021 00:00:00 GMT+0700 (เวลาอินโดจีน),$42038
Tue Jan 19 2021 00:00:00 GMT+0700 (เวลาอินโดจีน),$41961
Thu Jan 21 2021 00:00:00 GMT+0700 (เวลาอินโดจีน),$42192
Sun Jan 24 2021 00:00:00 GMT+0700 (เวลาอินโดจีน),$42329
Wed Jan 27 2021 00:00:00 GMT+0700 (เวลาอินโดจีน),$42419
Sat Jan 30 2021 00:00:00 GMT+0700 (เวลาอินโดจีน),$42373
Thu Feb 04 2021 00:00:00 GMT+0700 (เวลาอินโดจีน),$42472
Sat Feb 06 2021 00:00:00 GMT+0700 (เวลาอินโดจีน),$42697
Tue Feb 09 2021 00:00:00 GMT+0700 (เวลาอินโดจีน),$42986
Thu Feb 11 2021 00:00:00 GMT+0700 (เวลาอินโดจีน),$42735
Sun Feb 14 2021 00:00:00 GMT+0700 (เวลาอินโดจีน),$43249
Thu Feb 18 2021 00:00:00 GMT+0700 (เวลาอินโดจีน),$43465
Sun Feb 21 2021 00:00:00 GMT+0700 (เวลาอินโดจีน),$43509
Thu Feb 25 2021 00:00:00 GMT+0700 (เวลาอินโดจีน),$42983
Sat Feb 27 2021 00:00:00 GMT+0700 (เวลาอินโดจีน),$43425
Wed Mar 03 2021 00:00:00 GMT+0700 (เวลาอินโดจีน),$43698
Fri Mar 05 2021 00:00:00 GMT+0700 (เวลาอินโดจีน),$43695
Mon Mar 08 2021 00:00:00 GMT+0700 (เวลาอินโดจีน),$43920
Thu Mar 11 2021 00:00:00 GMT+0700 (เวลาอินโดจีน),$44168
Sun Mar 14 2021 00:00:00 GMT+0700 (เวลาอินโดจีน),$45112
Tue Mar 16 2021 00:00:00 GMT+0700 (เวลาอินโดจีน),$44690
Sun Mar 21 2021 00:00:00 GMT+0700 (เวลาอินโดจีน),$44614
Tue Mar 23 2021 00:00:00 GMT+0700 (เวลาอินโดจีน),$44901
Thu Mar 25 2021 00:00:00 GMT+0700 (เวลาอินโดจีน),$44999
Mon Mar 29 2021 00:00:00 GMT+0700 (เวลาอินโดจีน),$45332
Fri Apr 02 2021 00:00:00 GMT+0700 (เวลาอินโดจีน),$46088
Mon Apr 05 2021 00:00:00 GMT+0700 (เวลาอินโดจีน),$45772
Tue Apr 06 2021 00:00:00 GMT+0700 (เวลาอินโดจีน),$46046
Sun Apr 11 2021 00:00:00 GMT+0700 (เวลาอินโดจีน),$46001
Wed Apr 14 2021 00:00:00 GMT+0700 (เวลาอินโดจีน),$46181
Sat Apr 17 2021 00:00:00 GMT+0700 (เวลาอินโดจีน),$46901
Tue Apr 20 2021 00:00:00 GMT+0700 (เวลาอินโดจีน),$46678
Thu Apr 22 2021 00:00:00 GMT+0700 (เวลาอินโดจีน),$46841
Sat Apr 24 2021 00:00:00 GMT+0700 (เวลาอินโดจีน),$47447
Tue Apr 27 2021 00:00:00 GMT+0700 (เวลาอินโดจีน),$47242
Sat May 01 2021 00:00:00 GMT+0700 (เวลาอินโดจีน),$47945
Wed May 05 2021 00:00:00 GMT+0700 (เวลาอินโดจีน),$47781
Sat May 08 2021 00:00:00 GMT+0700 (เวลาอินโดจีน),$47466
Mon May 10 2021 00:00:00 GMT+0700 (เวลาอินโดจีน),$47811
Thu May 13 2021 00:00:00 GMT+0700 (เวลาอินโดจีน),$48057
Sun May 16 2021 00:00:00 GMT+0700 (เวลาอินโดจีน),$49179
Wed May 19 2021 00:00:00 GMT+0700 (เวลาอินโดจีน),$49395
Fri May 21 2021 00:00:00 GMT+0700 (เวลาอินโดจีน),$49943
Wed May 26 2021 00:00:00 GMT+0700 (เวลาอินโดจีน),$50135
Sat May 29 2021 00:00:00 GMT+0700 (เวลาอินโดจีน),$50453
Mon May 31 2021 00:00:00 GMT+0700 (เวลาอินโดจีน),$51035
Wed Jun 02 2021 00:00:00 GMT+0700 (เวลาอินโดจีน),$50945
Mon Jun 07 2021 00:00:00 GMT+0700 (เวลาอินโดจีน),$52492
Fri Jun 11 2021 00:00:00 GMT+0700 (เวลาอินโดจีน),$53017
Sat Jun 12 2021 00:00:00 GMT+0700 (เวลาอินโดจีน),$52976
Thu Jun 17 2021 00:00:00 GMT+0700 (เวลาอินโดจีน),$52944
Sun Jun 20 2021 00:00:00 GMT+0700 (เวลาอินโดจีน),$53302
Tue Jun 22 2021 00:00:00 GMT+0700 (เวลาอินโดจีน),$53397
Fri Jun 25 2021 00:00:00 GMT+0700 (เวลาอินโดจีน),$52657
Sun Jun 27 2021 00:00:00 GMT+0700 (เวลาอินโดจีน),$52623
Thu Jul 01 2021 00:00:00 GMT+0700 (เวลาอินโดจีน),$53000
Mon Jul 05 2021 00:00:00 GMT+0700 (เวลาอินโดจีน),$52873
Wed Jul 07 2021 00:00:00 GMT+0700 (เวลาอินโดจีน),$53094
Sat Jul 10 2021 00:00:00 GMT+0700 (เวลาอินโดจีน),$52940
Tue Jul 13 2021 00:00:00 GMT+0700 (เวลาอินโดจีน),$53108
Thu Jul 15 2021 00:00:00 GMT+0700 (เวลาอินโดจีน),$53011
Tue Jul 20 2021 00:00:00 GMT+0700 (เวลาอินโดจีน),$53125
Wed Jul 21 2021 00:00:00 GMT+0700 (เวลาอินโดจีน),$52826
Sun Jul 25 2021 00:00:00 GMT+0700 (เวลาอินโดจีน),$52465
Tue Jul 27 2021 00:00:00 GMT+0700 (เวลาอินโดจีน),$52609
Sat Jul 31 2021 00:00:00 GMT+0700 (เวลาอินโดจีน),$53307
Wed Aug 04 2021 00:00:00 GMT+0700 (เวลาอินโดจีน),$52754
Thu Aug 05 2021 00:00:00 GMT+0700 (เวลาอินโดจีน),$52776
Sun Aug 08 2021 00:00:00 GMT+0700 (เวลาอินโดจีน),$53004
Thu Aug 12 2021 00:00:00 GMT+0700 (เวลาอินโดจีน),$53038
Sun Aug 15 2021 00:00:00 GMT+0700 (เวลาอินโดจีน),$52564
Wed Aug 18 2021 00:00:00 GMT+0700 (เวลาอินโดจีน),$52985
Sun Aug 22 2021 00:00:00 GMT+0700 (เวลาอินโดจีน),$52940
Tue Aug 24 2021 00:00:00 GMT+0700 (เวลาอินโดจีน),$53495
Fri Aug 27 2021 00:00:00 GMT+0700 (เวลาอินโดจีน),$53355
Mon Aug 30 2021 00:00:00 GMT+0700 (เวลาอินโดจีน),$53464
Fri Sep 03 2021 00:00:00 GMT+0700 (เวลาอินโดจีน),$54160
Mon Sep 06 2021 00:00:00 GMT+0700 (เวลาอินโดจีน),$54170
Thu Sep 09 2021 00:00:00 GMT+0700 (เวลาอินโดจีน),$54637
Sat Sep 11 2021 00:00:00 GMT+0700 (เวลาอินโดจีน),$54425
Wed Sep 15 2021 00:00:00 GMT+0700 (เวลาอินโดจีน),$54524
Thu Sep 16 2021 00:00:00 GMT+0700 (เวลาอินโดจีน),$54661
Sun Sep 19 2021 00:00:00 GMT+0700 (เวลาอินโดจีน),$54400
Wed Sep 22 2021 00:00:00 GMT+0700 (เวลาอินโดจีน),$54421
Mon Sep 27 2021 00:00:00 GMT+0700 (เวลาอินโดจีน),$54159
Wed Sep 29 2021 00:00:00 GMT+0700 (เวลาอินโดจีน),$54552
Sat Oct 02 2021 00:00:00 GMT+0700 (เวลาอินโดจีน),$54659
Tue Oct 05 2021 00:00:00 GMT+0700 (เวลาอินโดจีน),$54374
Fri Oct 08 2021 00:00:00 GMT+0700 (เวลาอินโดจีน),$54159
Tue Oct 12 2021 00:00:00 GMT+0700 (เวลาอินโดจีน),$54180
Wed Oct 13 2021 00:00:00 GMT+0700 (เวลาอินโดจีน),$54625
Mon Oct 18 2021 00:00:00 GMT+0700 (เวลาอินโดจีน),$54362
Wed Oct 20 2021 00:00:00 GMT+0700 (เวลาอินโดจีน),$54604
Sun Oct 24 2021 00:00:00 GMT+0700 (เวลาอินโดจีน),$54438
Tue Oct 26 2021 00:00:00 GMT+0700 (เวลาอินโดจีน),$54449
Fri Oct 29 2021 00:00:00 GMT+0700 (เวลาอินโดจีน),$54569
Mon Nov 01 2021 00:00:00 GMT+0700 (เวลาอินโดจีน),$54891
Wed Nov 03 2021 00:00:00 GMT+0700 (เวลาอินโดจีน),$55564
Sun Nov 07 2021 00:00:00 GMT+0700 (เวลาอินโดจีน),$55562
Thu Nov 11 2021 00:00:00 GMT+0700 (เวลาอินโดจีน),$55633
Sat Nov 13 2021 00:00:00 GMT+0700 (เวลาอินโดจีน),$56002
Mon Nov 15 2021 00:00:00 GMT+0700 (เวลาอินโดจีน),$55887
Fri Nov 19 2021 00:00:00 GMT+0700 (เวลาอินโดจีน),$56116
Tue Nov 23 2021 00:00:00 GMT+0700 (เวลาอินโดจีน),$56017
Thu Nov 25 2021 00:00:00 GMT+0700 (เวลาอินโดจีน),$56141
Sat Nov 27 2021 00:00:00 GMT+0700 (เวลาอินโดจีน),$56580
Wed Dec 01 2021 00:00:00 GMT+0700 (เวลาอินโดจีน),$56680
Fri Dec 03 2021 00:00:00 GMT+0700 (เวลาอินโดจีน),$55893
Mon Dec 06 2021 00:00:00 GMT+0700 (เวลาอินโดจีน),$55830
Thu Dec 09 2021 00:00:00 GMT+0700 (เวลาอินโดจีน),$55756
Sun Dec 12 2021 00:00:00 GMT+0700 (เวลาอินโดจีน),$56352
Wed Dec 15 2021 00:00:00 GMT+0700 (เวลาอินโดจีน),$56791
Sun Dec 19 2021 00:00:00 GMT+0700 (เวลาอินโดจีน),$56837
Wed Dec 22 2021 00:00:00 GMT+0700 (เวลาอินโดจีน),$57176
Sat Dec 25 2021 00:00:00 GMT+0700 (เวลาอินโดจีน),$58068
Tue Dec 28 2021 00:00:00 GMT+0700 (เวลาอินโดจีน),$58790
Thu Dec 30 2021 00:00:00 GMT+0700 (เวลาอินโดจีน),$58740
Sun Jan 02 2022 00:00:00 GMT+0700 (เวลาอินโดจีน),$59969
Fri Jan 07 2022 00:00:00 GMT+0700 (เวลาอินโดจีน),$60686
Mon Jan 10 2022 00:00:00 GMT+0700 (เวลาอินโดจีน),$62551
Wed Jan 12 2022 00:00:00 GMT+0700 (เวลาอินโดจีน),$62977
Fri Jan 14 2022 00:00:00 GMT+0700 (เวลาอินโดจีน),$62809
Tue Jan 18 2022 00:00:00 GMT+0700 (เวลาอินโดจีน),$63567
Sat Jan 22 2022 00:00:00 GMT+0700 (เวลาอินโดจีน),$63483
Mon Jan 24 2022 00:00:00 GMT+0700 (เวลาอินโดจีน),$64168
Fri Jan 28 2022 00:00:00 GMT+0700 (เวลาอินโดจีน),$64168
Mon Jan 31 2022 00:00:00 GMT+0700 (เวลาอินโดจีน),$65329
Wed Feb 02 2022 00:00:00 GMT+0700 (เวลาอินโดจีน),$65502
Fri Feb 04 2022 00:00:00 GMT+0700 (เวลาอินโดจีน),$66215
Wed Feb 09 2022 00:00:00 GMT+0700 (เวลาอินโดจีน),$66316
Sat Feb 12 2022 00:00:00 GMT+0700 (เวลาอินโดจีน),$67909
Mon Feb 14 2022 00:00:00 GMT+0700 (เวลาอินโดจีน),$67909
Thu Feb 17 2022 00:00:00 GMT+0700 (เวลาอินโดจีน),$68415
Mon Feb 21 2022 00:00:00 GMT+0700 (เวลาอินโดจีน),$69811
Thu Feb 24 2022 00:00:00 GMT+0700 (เวลาอินโดจีน),$70228
Sat Feb 26 2022 00:00:00 GMT+0700 (เวลาอินโดจีน),$71114
Tue Mar 01 2022 00:00:00 GMT+0700 (เวลาอินโดจีน),$71319
Sat Mar 05 2022 00:00:00 GMT+0700 (เวลาอินโดจีน),$71706
Mon Mar 07 2022 00:00:00 GMT+0700 (เวลาอินโดจีน),$74047
Thu Mar 10 2022 00:00:00 GMT+0700 (เวลาอินโดจีน),$75381
