Thu Apr 18 2019 00:00:00 GMT+0700 (Indochina Time),$1375
Sat Apr 20 2019 00:00:00 GMT+0700 (Indochina Time),$1287
Sun Apr 21 2019 00:00:00 GMT+0700 (Indochina Time),$1230
Wed Apr 24 2019 00:00:00 GMT+0700 (Indochina Time),$1230
Sat Apr 27 2019 00:00:00 GMT+0700 (Indochina Time),$1230
Thu May 02 2019 00:00:00 GMT+0700 (Indochina Time),$1230
Sat May 04 2019 00:00:00 GMT+0700 (Indochina Time),$1249
Wed May 08 2019 00:00:00 GMT+0700 (Indochina Time),$1249
Thu May 09 2019 00:00:00 GMT+0700 (Indochina Time),$1115
Mon May 13 2019 00:00:00 GMT+0700 (Indochina Time),$1047
Thu May 16 2019 00:00:00 GMT+0700 (Indochina Time),$1011
Sat May 18 2019 00:00:00 GMT+0700 (Indochina Time),$1011
Wed May 22 2019 00:00:00 GMT+0700 (Indochina Time),$1011
Fri May 24 2019 00:00:00 GMT+0700 (Indochina Time),$1002
Sun May 26 2019 00:00:00 GMT+0700 (Indochina Time),$1020
Thu May 30 2019 00:00:00 GMT+0700 (Indochina Time),$1020
Sat Jun 01 2019 00:00:00 GMT+0700 (Indochina Time),$1072
Thu Jun 06 2019 00:00:00 GMT+0700 (Indochina Time),$1072
Sat Jun 08 2019 00:00:00 GMT+0700 (Indochina Time),$1049
Tue Jun 11 2019 00:00:00 GMT+0700 (Indochina Time),$1049
Sat Jun 15 2019 00:00:00 GMT+0700 (Indochina Time),$1025
Mon Jun 17 2019 00:00:00 GMT+0700 (Indochina Time),$1025
Wed Jun 19 2019 00:00:00 GMT+0700 (Indochina Time),$1015
Sun Jun 23 2019 00:00:00 GMT+0700 (Indochina Time),$1015
Mon Jun 24 2019 00:00:00 GMT+0700 (Indochina Time),$979
Sat Jun 29 2019 00:00:00 GMT+0700 (Indochina Time),$949
Tue Jul 02 2019 00:00:00 GMT+0700 (Indochina Time),$949
Fri Jul 05 2019 00:00:00 GMT+0700 (Indochina Time),$924
Sun Jul 07 2019 00:00:00 GMT+0700 (Indochina Time),$924
Wed Jul 10 2019 00:00:00 GMT+0700 (Indochina Time),$936
Sun Jul 14 2019 00:00:00 GMT+0700 (Indochina Time),$911
Tue Jul 16 2019 00:00:00 GMT+0700 (Indochina Time),$911
Fri Jul 19 2019 00:00:00 GMT+0700 (Indochina Time),$903
Mon Jul 22 2019 00:00:00 GMT+0700 (Indochina Time),$862
Wed Jul 24 2019 00:00:00 GMT+0700 (Indochina Time),$862
Sun Jul 28 2019 00:00:00 GMT+0700 (Indochina Time),$827
Tue Jul 30 2019 00:00:00 GMT+0700 (Indochina Time),$841
Sat Aug 03 2019 00:00:00 GMT+0700 (Indochina Time),$833
Tue Aug 06 2019 00:00:00 GMT+0700 (Indochina Time),$820
Thu Aug 08 2019 00:00:00 GMT+0700 (Indochina Time),$803
Sun Aug 11 2019 00:00:00 GMT+0700 (Indochina Time),$741
Tue Aug 13 2019 00:00:00 GMT+0700 (Indochina Time),$749
Sat Aug 17 2019 00:00:00 GMT+0700 (Indochina Time),$749
Tue Aug 20 2019 00:00:00 GMT+0700 (Indochina Time),$749
Wed Aug 21 2019 00:00:00 GMT+0700 (Indochina Time),$740
Sun Aug 25 2019 00:00:00 GMT+0700 (Indochina Time),$742
Tue Aug 27 2019 00:00:00 GMT+0700 (Indochina Time),$756
Sun Sep 01 2019 00:00:00 GMT+0700 (Indochina Time),$756
Wed Sep 04 2019 00:00:00 GMT+0700 (Indochina Time),$756
Fri Sep 06 2019 00:00:00 GMT+0700 (Indochina Time),$756
Mon Sep 09 2019 00:00:00 GMT+0700 (Indochina Time),$777
Wed Sep 11 2019 00:00:00 GMT+0700 (Indochina Time),$777
Sat Sep 14 2019 00:00:00 GMT+0700 (Indochina Time),$777
Mon Sep 16 2019 00:00:00 GMT+0700 (Indochina Time),$777
Thu Sep 19 2019 00:00:00 GMT+0700 (Indochina Time),$777
Tue Sep 24 2019 00:00:00 GMT+0700 (Indochina Time),$777
Fri Sep 27 2019 00:00:00 GMT+0700 (Indochina Time),$793
Sat Sep 28 2019 00:00:00 GMT+0700 (Indochina Time),$793
Thu Oct 03 2019 00:00:00 GMT+0700 (Indochina Time),$793
Sun Oct 06 2019 00:00:00 GMT+0700 (Indochina Time),$793
Mon Oct 07 2019 00:00:00 GMT+0700 (Indochina Time),$783
Sat Oct 12 2019 00:00:00 GMT+0700 (Indochina Time),$780
Sun Oct 13 2019 00:00:00 GMT+0700 (Indochina Time),$791
Wed Oct 16 2019 00:00:00 GMT+0700 (Indochina Time),$791
Sun Oct 20 2019 00:00:00 GMT+0700 (Indochina Time),$791
Mon Oct 21 2019 00:00:00 GMT+0700 (Indochina Time),$796
Thu Oct 24 2019 00:00:00 GMT+0700 (Indochina Time),$797
Sun Oct 27 2019 00:00:00 GMT+0700 (Indochina Time),$797
Wed Oct 30 2019 00:00:00 GMT+0700 (Indochina Time),$797
Sat Nov 02 2019 00:00:00 GMT+0700 (Indochina Time),$797
Tue Nov 05 2019 00:00:00 GMT+0700 (Indochina Time),$797
Fri Nov 08 2019 00:00:00 GMT+0700 (Indochina Time),$797
Mon Nov 11 2019 00:00:00 GMT+0700 (Indochina Time),$797
Thu Nov 14 2019 00:00:00 GMT+0700 (Indochina Time),$797
Sat Nov 16 2019 00:00:00 GMT+0700 (Indochina Time),$797
Tue Nov 19 2019 00:00:00 GMT+0700 (Indochina Time),$797
Sun Nov 24 2019 00:00:00 GMT+0700 (Indochina Time),$797
Wed Nov 27 2019 00:00:00 GMT+0700 (Indochina Time),$814
Thu Nov 28 2019 00:00:00 GMT+0700 (Indochina Time),$805
Mon Dec 02 2019 00:00:00 GMT+0700 (Indochina Time),$816
Wed Dec 04 2019 00:00:00 GMT+0700 (Indochina Time),$812
Sat Dec 07 2019 00:00:00 GMT+0700 (Indochina Time),$812
Tue Dec 10 2019 00:00:00 GMT+0700 (Indochina Time),$812
Fri Dec 13 2019 00:00:00 GMT+0700 (Indochina Time),$812
Sun Dec 15 2019 00:00:00 GMT+0700 (Indochina Time),$812
Fri Dec 20 2019 00:00:00 GMT+0700 (Indochina Time),$812
Sat Dec 21 2019 00:00:00 GMT+0700 (Indochina Time),$830
Thu Dec 26 2019 00:00:00 GMT+0700 (Indochina Time),$830
Sun Dec 29 2019 00:00:00 GMT+0700 (Indochina Time),$822
Tue Dec 31 2019 00:00:00 GMT+0700 (Indochina Time),$839
Sat Jan 04 2020 00:00:00 GMT+0700 (Indochina Time),$839
Tue Jan 07 2020 00:00:00 GMT+0700 (Indochina Time),$839
Fri Jan 10 2020 00:00:00 GMT+0700 (Indochina Time),$839
Mon Jan 13 2020 00:00:00 GMT+0700 (Indochina Time),$839
Tue Jan 14 2020 00:00:00 GMT+0700 (Indochina Time),$823
Thu Jan 16 2020 00:00:00 GMT+0700 (Indochina Time),$838
Sun Jan 19 2020 00:00:00 GMT+0700 (Indochina Time),$838
Wed Jan 22 2020 00:00:00 GMT+0700 (Indochina Time),$838
Sat Jan 25 2020 00:00:00 GMT+0700 (Indochina Time),$838
Tue Jan 28 2020 00:00:00 GMT+0700 (Indochina Time),$838
Fri Jan 31 2020 00:00:00 GMT+0700 (Indochina Time),$838
Mon Feb 03 2020 00:00:00 GMT+0700 (Indochina Time),$838
Thu Feb 06 2020 00:00:00 GMT+0700 (Indochina Time),$838
Tue Feb 11 2020 00:00:00 GMT+0700 (Indochina Time),$838
Wed Feb 12 2020 00:00:00 GMT+0700 (Indochina Time),$854
Sun Feb 16 2020 00:00:00 GMT+0700 (Indochina Time),$858
Mon Feb 17 2020 00:00:00 GMT+0700 (Indochina Time),$879
Fri Feb 21 2020 00:00:00 GMT+0700 (Indochina Time),$879
Tue Feb 25 2020 00:00:00 GMT+0700 (Indochina Time),$895
Wed Feb 26 2020 00:00:00 GMT+0700 (Indochina Time),$927
Mon Mar 02 2020 00:00:00 GMT+0700 (Indochina Time),$916
Thu Mar 05 2020 00:00:00 GMT+0700 (Indochina Time),$962
Sat Mar 07 2020 00:00:00 GMT+0700 (Indochina Time),$962
Mon Mar 09 2020 00:00:00 GMT+0700 (Indochina Time),$947
Thu Mar 12 2020 00:00:00 GMT+0700 (Indochina Time),$954
Mon Mar 16 2020 00:00:00 GMT+0700 (Indochina Time),$954
Thu Mar 19 2020 00:00:00 GMT+0700 (Indochina Time),$964
Sun Mar 22 2020 00:00:00 GMT+0700 (Indochina Time),$962
Wed Mar 25 2020 00:00:00 GMT+0700 (Indochina Time),$948
Fri Mar 27 2020 00:00:00 GMT+0700 (Indochina Time),$981
Mon Mar 30 2020 00:00:00 GMT+0700 (Indochina Time),$949
Wed Apr 01 2020 00:00:00 GMT+0700 (Indochina Time),$961
Sun Apr 05 2020 00:00:00 GMT+0700 (Indochina Time),$961
Thu Apr 09 2020 00:00:00 GMT+0700 (Indochina Time),$949
Sun Apr 12 2020 00:00:00 GMT+0700 (Indochina Time),$949
Tue Apr 14 2020 00:00:00 GMT+0700 (Indochina Time),$943
Wed Apr 15 2020 00:00:00 GMT+0700 (Indochina Time),$943
Mon Apr 20 2020 00:00:00 GMT+0700 (Indochina Time),$943
Thu Apr 23 2020 00:00:00 GMT+0700 (Indochina Time),$973
Sat Apr 25 2020 00:00:00 GMT+0700 (Indochina Time),$962
Wed Apr 29 2020 00:00:00 GMT+0700 (Indochina Time),$962
Fri May 01 2020 00:00:00 GMT+0700 (Indochina Time),$962
Tue May 05 2020 00:00:00 GMT+0700 (Indochina Time),$999
Thu May 07 2020 00:00:00 GMT+0700 (Indochina Time),$989
Sat May 09 2020 00:00:00 GMT+0700 (Indochina Time),$989
Tue May 12 2020 00:00:00 GMT+0700 (Indochina Time),$989
Thu May 14 2020 00:00:00 GMT+0700 (Indochina Time),$989
Tue May 19 2020 00:00:00 GMT+0700 (Indochina Time),$989
Wed May 20 2020 00:00:00 GMT+0700 (Indochina Time),$988
Mon May 25 2020 00:00:00 GMT+0700 (Indochina Time),$988
Tue May 26 2020 00:00:00 GMT+0700 (Indochina Time),$968
Fri May 29 2020 00:00:00 GMT+0700 (Indochina Time),$971
Wed Jun 03 2020 00:00:00 GMT+0700 (Indochina Time),$971
Sat Jun 06 2020 00:00:00 GMT+0700 (Indochina Time),$973
Sun Jun 07 2020 00:00:00 GMT+0700 (Indochina Time),$951
Wed Jun 10 2020 00:00:00 GMT+0700 (Indochina Time),$976
Sat Jun 13 2020 00:00:00 GMT+0700 (Indochina Time),$978
Mon Jun 15 2020 00:00:00 GMT+0700 (Indochina Time),$960
Thu Jun 18 2020 00:00:00 GMT+0700 (Indochina Time),$971
Tue Jun 23 2020 00:00:00 GMT+0700 (Indochina Time),$971
Fri Jun 26 2020 00:00:00 GMT+0700 (Indochina Time),$993
Mon Jun 29 2020 00:00:00 GMT+0700 (Indochina Time),$993
Wed Jul 01 2020 00:00:00 GMT+0700 (Indochina Time),$995
Sun Jul 05 2020 00:00:00 GMT+0700 (Indochina Time),$995
Wed Jul 08 2020 00:00:00 GMT+0700 (Indochina Time),$995
Thu Jul 09 2020 00:00:00 GMT+0700 (Indochina Time),$995
Mon Jul 13 2020 00:00:00 GMT+0700 (Indochina Time),$995
Thu Jul 16 2020 00:00:00 GMT+0700 (Indochina Time),$1020
Sat Jul 18 2020 00:00:00 GMT+0700 (Indochina Time),$1020
Mon Jul 20 2020 00:00:00 GMT+0700 (Indochina Time),$1017
Sat Jul 25 2020 00:00:00 GMT+0700 (Indochina Time),$1017
Mon Jul 27 2020 00:00:00 GMT+0700 (Indochina Time),$1002
Wed Jul 29 2020 00:00:00 GMT+0700 (Indochina Time),$1035
Mon Aug 03 2020 00:00:00 GMT+0700 (Indochina Time),$1033
Tue Aug 04 2020 00:00:00 GMT+0700 (Indochina Time),$1049
Fri Aug 07 2020 00:00:00 GMT+0700 (Indochina Time),$1048
Tue Aug 11 2020 00:00:00 GMT+0700 (Indochina Time),$1062
Wed Aug 12 2020 00:00:00 GMT+0700 (Indochina Time),$1062
Sat Aug 15 2020 00:00:00 GMT+0700 (Indochina Time),$1062
Thu Aug 20 2020 00:00:00 GMT+0700 (Indochina Time),$1062
Fri Aug 21 2020 00:00:00 GMT+0700 (Indochina Time),$1062
Wed Aug 26 2020 00:00:00 GMT+0700 (Indochina Time),$995
Thu Aug 27 2020 00:00:00 GMT+0700 (Indochina Time),$995
Tue Sep 01 2020 00:00:00 GMT+0700 (Indochina Time),$995
Wed Sep 02 2020 00:00:00 GMT+0700 (Indochina Time),$970
Sat Sep 05 2020 00:00:00 GMT+0700 (Indochina Time),$970
Tue Sep 08 2020 00:00:00 GMT+0700 (Indochina Time),$970
Fri Sep 11 2020 00:00:00 GMT+0700 (Indochina Time),$970
Sun Sep 13 2020 00:00:00 GMT+0700 (Indochina Time),$970
Fri Sep 18 2020 00:00:00 GMT+0700 (Indochina Time),$970
Mon Sep 21 2020 00:00:00 GMT+0700 (Indochina Time),$957
Tue Sep 22 2020 00:00:00 GMT+0700 (Indochina Time),$980
Fri Sep 25 2020 00:00:00 GMT+0700 (Indochina Time),$980
Mon Sep 28 2020 00:00:00 GMT+0700 (Indochina Time),$956
Thu Oct 01 2020 00:00:00 GMT+0700 (Indochina Time),$954
Tue Oct 06 2020 00:00:00 GMT+0700 (Indochina Time),$954
Fri Oct 09 2020 00:00:00 GMT+0700 (Indochina Time),$951
Sat Oct 10 2020 00:00:00 GMT+0700 (Indochina Time),$963
Wed Oct 14 2020 00:00:00 GMT+0700 (Indochina Time),$953
Fri Oct 16 2020 00:00:00 GMT+0700 (Indochina Time),$919
Sun Oct 18 2020 00:00:00 GMT+0700 (Indochina Time),$919
Fri Oct 23 2020 00:00:00 GMT+0700 (Indochina Time),$919
Mon Oct 26 2020 00:00:00 GMT+0700 (Indochina Time),$883
Wed Oct 28 2020 00:00:00 GMT+0700 (Indochina Time),$883
Sun Nov 01 2020 00:00:00 GMT+0700 (Indochina Time),$838
Wed Nov 04 2020 00:00:00 GMT+0700 (Indochina Time),$838
Thu Nov 05 2020 00:00:00 GMT+0700 (Indochina Time),$838
Mon Nov 09 2020 00:00:00 GMT+0700 (Indochina Time),$864
Thu Nov 12 2020 00:00:00 GMT+0700 (Indochina Time),$837
Sun Nov 15 2020 00:00:00 GMT+0700 (Indochina Time),$837
Tue Nov 17 2020 00:00:00 GMT+0700 (Indochina Time),$837
Thu Nov 19 2020 00:00:00 GMT+0700 (Indochina Time),$846
Sun Nov 22 2020 00:00:00 GMT+0700 (Indochina Time),$846
Wed Nov 25 2020 00:00:00 GMT+0700 (Indochina Time),$846
Mon Nov 30 2020 00:00:00 GMT+0700 (Indochina Time),$846
Thu Dec 03 2020 00:00:00 GMT+0700 (Indochina Time),$847
Sun Dec 06 2020 00:00:00 GMT+0700 (Indochina Time),$853
Tue Dec 08 2020 00:00:00 GMT+0700 (Indochina Time),$850
Fri Dec 11 2020 00:00:00 GMT+0700 (Indochina Time),$848
Sat Dec 12 2020 00:00:00 GMT+0700 (Indochina Time),$871
Thu Dec 17 2020 00:00:00 GMT+0700 (Indochina Time),$881
Sun Dec 20 2020 00:00:00 GMT+0700 (Indochina Time),$924
Wed Dec 23 2020 00:00:00 GMT+0700 (Indochina Time),$924
Sat Dec 26 2020 00:00:00 GMT+0700 (Indochina Time),$924
Tue Dec 29 2020 00:00:00 GMT+0700 (Indochina Time),$924
Wed Dec 30 2020 00:00:00 GMT+0700 (Indochina Time),$939
Mon Jan 04 2021 00:00:00 GMT+0700 (Indochina Time),$939
Tue Jan 05 2021 00:00:00 GMT+0700 (Indochina Time),$939
Sat Jan 09 2021 00:00:00 GMT+0700 (Indochina Time),$939
Tue Jan 12 2021 00:00:00 GMT+0700 (Indochina Time),$939
Fri Jan 15 2021 00:00:00 GMT+0700 (Indochina Time),$939
Mon Jan 18 2021 00:00:00 GMT+0700 (Indochina Time),$939
Thu Jan 21 2021 00:00:00 GMT+0700 (Indochina Time),$939
Fri Jan 22 2021 00:00:00 GMT+0700 (Indochina Time),$934
Mon Jan 25 2021 00:00:00 GMT+0700 (Indochina Time),$934
Sat Jan 30 2021 00:00:00 GMT+0700 (Indochina Time),$934
Tue Feb 02 2021 00:00:00 GMT+0700 (Indochina Time),$939
Wed Feb 03 2021 00:00:00 GMT+0700 (Indochina Time),$939
Sat Feb 06 2021 00:00:00 GMT+0700 (Indochina Time),$974
Wed Feb 10 2021 00:00:00 GMT+0700 (Indochina Time),$980
Thu Feb 11 2021 00:00:00 GMT+0700 (Indochina Time),$987
Tue Feb 16 2021 00:00:00 GMT+0700 (Indochina Time),$987
Fri Feb 19 2021 00:00:00 GMT+0700 (Indochina Time),$987
Mon Feb 22 2021 00:00:00 GMT+0700 (Indochina Time),$987
Thu Feb 25 2021 00:00:00 GMT+0700 (Indochina Time),$954
Sat Feb 27 2021 00:00:00 GMT+0700 (Indochina Time),$971
Wed Mar 03 2021 00:00:00 GMT+0700 (Indochina Time),$971
Fri Mar 05 2021 00:00:00 GMT+0700 (Indochina Time),$987
Sun Mar 07 2021 00:00:00 GMT+0700 (Indochina Time),$987
Wed Mar 10 2021 00:00:00 GMT+0700 (Indochina Time),$987
Sun Mar 14 2021 00:00:00 GMT+0700 (Indochina Time),$987
Tue Mar 16 2021 00:00:00 GMT+0700 (Indochina Time),$1011
Thu Mar 18 2021 00:00:00 GMT+0700 (Indochina Time),$1011
Sun Mar 21 2021 00:00:00 GMT+0700 (Indochina Time),$1011
Wed Mar 24 2021 00:00:00 GMT+0700 (Indochina Time),$1011
Mon Mar 29 2021 00:00:00 GMT+0700 (Indochina Time),$1011
Wed Mar 31 2021 00:00:00 GMT+0700 (Indochina Time),$1011
Sun Apr 04 2021 00:00:00 GMT+0700 (Indochina Time),$1035
Mon Apr 05 2021 00:00:00 GMT+0700 (Indochina Time),$1035
Fri Apr 09 2021 00:00:00 GMT+0700 (Indochina Time),$1035
Mon Apr 12 2021 00:00:00 GMT+0700 (Indochina Time),$1050
Wed Apr 14 2021 00:00:00 GMT+0700 (Indochina Time),$1016
Sun Apr 18 2021 00:00:00 GMT+0700 (Indochina Time),$1012
Tue Apr 20 2021 00:00:00 GMT+0700 (Indochina Time),$989
Sat Apr 24 2021 00:00:00 GMT+0700 (Indochina Time),$989
Mon Apr 26 2021 00:00:00 GMT+0700 (Indochina Time),$980
Thu Apr 29 2021 00:00:00 GMT+0700 (Indochina Time),$980
Mon May 03 2021 00:00:00 GMT+0700 (Indochina Time),$1003
Thu May 06 2021 00:00:00 GMT+0700 (Indochina Time),$1003
Fri May 07 2021 00:00:00 GMT+0700 (Indochina Time),$987
Mon May 10 2021 00:00:00 GMT+0700 (Indochina Time),$980
Fri May 14 2021 00:00:00 GMT+0700 (Indochina Time),$981
Sun May 16 2021 00:00:00 GMT+0700 (Indochina Time),$981
Tue May 18 2021 00:00:00 GMT+0700 (Indochina Time),$973
Fri May 21 2021 00:00:00 GMT+0700 (Indochina Time),$973
Mon May 24 2021 00:00:00 GMT+0700 (Indochina Time),$973
Thu May 27 2021 00:00:00 GMT+0700 (Indochina Time),$973
Tue Jun 01 2021 00:00:00 GMT+0700 (Indochina Time),$973
Fri Jun 04 2021 00:00:00 GMT+0700 (Indochina Time),$963
Mon Jun 07 2021 00:00:00 GMT+0700 (Indochina Time),$944
Tue Jun 08 2021 00:00:00 GMT+0700 (Indochina Time),$978
Thu Jun 10 2021 00:00:00 GMT+0700 (Indochina Time),$978
Tue Jun 15 2021 00:00:00 GMT+0700 (Indochina Time),$978
Thu Jun 17 2021 00:00:00 GMT+0700 (Indochina Time),$988
Sat Jun 19 2021 00:00:00 GMT+0700 (Indochina Time),$988
Thu Jun 24 2021 00:00:00 GMT+0700 (Indochina Time),$988
Sat Jun 26 2021 00:00:00 GMT+0700 (Indochina Time),$988
Wed Jun 30 2021 00:00:00 GMT+0700 (Indochina Time),$985
Sat Jul 03 2021 00:00:00 GMT+0700 (Indochina Time),$996
Tue Jul 06 2021 00:00:00 GMT+0700 (Indochina Time),$996
Wed Jul 07 2021 00:00:00 GMT+0700 (Indochina Time),$1028
Sat Jul 10 2021 00:00:00 GMT+0700 (Indochina Time),$1028
Mon Jul 12 2021 00:00:00 GMT+0700 (Indochina Time),$1025
Thu Jul 15 2021 00:00:00 GMT+0700 (Indochina Time),$1025
Tue Jul 20 2021 00:00:00 GMT+0700 (Indochina Time),$1025
Wed Jul 21 2021 00:00:00 GMT+0700 (Indochina Time),$1041
Sun Jul 25 2021 00:00:00 GMT+0700 (Indochina Time),$1045
Tue Jul 27 2021 00:00:00 GMT+0700 (Indochina Time),$1045
Sun Aug 01 2021 00:00:00 GMT+0700 (Indochina Time),$1045
Wed Aug 04 2021 00:00:00 GMT+0700 (Indochina Time),$1039
Fri Aug 06 2021 00:00:00 GMT+0700 (Indochina Time),$1057
Mon Aug 09 2021 00:00:00 GMT+0700 (Indochina Time),$1058
Wed Aug 11 2021 00:00:00 GMT+0700 (Indochina Time),$1055
Fri Aug 13 2021 00:00:00 GMT+0700 (Indochina Time),$1058
Mon Aug 16 2021 00:00:00 GMT+0700 (Indochina Time),$1058
Sat Aug 21 2021 00:00:00 GMT+0700 (Indochina Time),$1058
Sun Aug 22 2021 00:00:00 GMT+0700 (Indochina Time),$1086
Fri Aug 27 2021 00:00:00 GMT+0700 (Indochina Time),$1086
Sat Aug 28 2021 00:00:00 GMT+0700 (Indochina Time),$1083
Thu Sep 02 2021 00:00:00 GMT+0700 (Indochina Time),$1083
Sun Sep 05 2021 00:00:00 GMT+0700 (Indochina Time),$1130
Tue Sep 07 2021 00:00:00 GMT+0700 (Indochina Time),$1130
Fri Sep 10 2021 00:00:00 GMT+0700 (Indochina Time),$1126
Sat Sep 11 2021 00:00:00 GMT+0700 (Indochina Time),$1138
Thu Sep 16 2021 00:00:00 GMT+0700 (Indochina Time),$1137
Fri Sep 17 2021 00:00:00 GMT+0700 (Indochina Time),$1147
Mon Sep 20 2021 00:00:00 GMT+0700 (Indochina Time),$1168
Thu Sep 23 2021 00:00:00 GMT+0700 (Indochina Time),$1168
Tue Sep 28 2021 00:00:00 GMT+0700 (Indochina Time),$1168
Fri Oct 01 2021 00:00:00 GMT+0700 (Indochina Time),$1166
Mon Oct 04 2021 00:00:00 GMT+0700 (Indochina Time),$1196
Tue Oct 05 2021 00:00:00 GMT+0700 (Indochina Time),$1196
Sat Oct 09 2021 00:00:00 GMT+0700 (Indochina Time),$1196
Tue Oct 12 2021 00:00:00 GMT+0700 (Indochina Time),$1187
Fri Oct 15 2021 00:00:00 GMT+0700 (Indochina Time),$1194
Mon Oct 18 2021 00:00:00 GMT+0700 (Indochina Time),$1207
Tue Oct 19 2021 00:00:00 GMT+0700 (Indochina Time),$1227
Fri Oct 22 2021 00:00:00 GMT+0700 (Indochina Time),$1227
Mon Oct 25 2021 00:00:00 GMT+0700 (Indochina Time),$1227
Sat Oct 30 2021 00:00:00 GMT+0700 (Indochina Time),$1227
Mon Nov 01 2021 00:00:00 GMT+0700 (Indochina Time),$1226
Fri Nov 05 2021 00:00:00 GMT+0700 (Indochina Time),$1226
Sun Nov 07 2021 00:00:00 GMT+0700 (Indochina Time),$1220
Wed Nov 10 2021 00:00:00 GMT+0700 (Indochina Time),$1231
Sat Nov 13 2021 00:00:00 GMT+0700 (Indochina Time),$1203
Tue Nov 16 2021 00:00:00 GMT+0700 (Indochina Time),$1203
Fri Nov 19 2021 00:00:00 GMT+0700 (Indochina Time),$1210
Sat Nov 20 2021 00:00:00 GMT+0700 (Indochina Time),$1223
Thu Nov 25 2021 00:00:00 GMT+0700 (Indochina Time),$1212
Sat Nov 27 2021 00:00:00 GMT+0700 (Indochina Time),$1244
Tue Nov 30 2021 00:00:00 GMT+0700 (Indochina Time),$1244
Thu Dec 02 2021 00:00:00 GMT+0700 (Indochina Time),$1258
Mon Dec 06 2021 00:00:00 GMT+0700 (Indochina Time),$1263
Tue Dec 07 2021 00:00:00 GMT+0700 (Indochina Time),$1242
Sun Dec 12 2021 00:00:00 GMT+0700 (Indochina Time),$1243
Tue Dec 14 2021 00:00:00 GMT+0700 (Indochina Time),$1229
Sat Dec 18 2021 00:00:00 GMT+0700 (Indochina Time),$1229
Mon Dec 20 2021 00:00:00 GMT+0700 (Indochina Time),$1239
Fri Dec 24 2021 00:00:00 GMT+0700 (Indochina Time),$1242
Sat Dec 25 2021 00:00:00 GMT+0700 (Indochina Time),$1248
Thu Dec 30 2021 00:00:00 GMT+0700 (Indochina Time),$1248
Sat Jan 01 2022 00:00:00 GMT+0700 (Indochina Time),$1248
Wed Jan 05 2022 00:00:00 GMT+0700 (Indochina Time),$1248
Fri Jan 07 2022 00:00:00 GMT+0700 (Indochina Time),$1261
Mon Jan 10 2022 00:00:00 GMT+0700 (Indochina Time),$1261
Wed Jan 12 2022 00:00:00 GMT+0700 (Indochina Time),$1259
Fri Jan 14 2022 00:00:00 GMT+0700 (Indochina Time),$1241
Mon Jan 17 2022 00:00:00 GMT+0700 (Indochina Time),$1241
Sat Jan 22 2022 00:00:00 GMT+0700 (Indochina Time),$1241
Sun Jan 23 2022 00:00:00 GMT+0700 (Indochina Time),$1237
Fri Jan 28 2022 00:00:00 GMT+0700 (Indochina Time),$1237
Sat Jan 29 2022 00:00:00 GMT+0700 (Indochina Time),$1243
Tue Feb 01 2022 00:00:00 GMT+0700 (Indochina Time),$1236
Fri Feb 04 2022 00:00:00 GMT+0700 (Indochina Time),$1236
Sun Feb 06 2022 00:00:00 GMT+0700 (Indochina Time),$1249
Thu Feb 10 2022 00:00:00 GMT+0700 (Indochina Time),$1249
Sat Feb 12 2022 00:00:00 GMT+0700 (Indochina Time),$1241
Tue Feb 15 2022 00:00:00 GMT+0700 (Indochina Time),$1241
Fri Feb 18 2022 00:00:00 GMT+0700 (Indochina Time),$1241
Wed Feb 23 2022 00:00:00 GMT+0700 (Indochina Time),$1241
Fri Feb 25 2022 00:00:00 GMT+0700 (Indochina Time),$1241
Sun Feb 27 2022 00:00:00 GMT+0700 (Indochina Time),$1233
Fri Mar 04 2022 00:00:00 GMT+0700 (Indochina Time),$1233
Sun Mar 06 2022 00:00:00 GMT+0700 (Indochina Time),$1233
Tue Mar 08 2022 00:00:00 GMT+0700 (Indochina Time),$1237
