Tue Mar 09 2021 00:00:00 GMT+0700 (Indochina Time),$4674
Wed Mar 10 2021 00:00:00 GMT+0700 (Indochina Time),$4674
Thu Mar 11 2021 00:00:00 GMT+0700 (Indochina Time),$4674
Fri Mar 12 2021 00:00:00 GMT+0700 (Indochina Time),$4674
Sat Mar 13 2021 00:00:00 GMT+0700 (Indochina Time),$4674
Sun Mar 14 2021 00:00:00 GMT+0700 (Indochina Time),$4674
Mon Mar 15 2021 00:00:00 GMT+0700 (Indochina Time),$4674
Tue Mar 16 2021 00:00:00 GMT+0700 (Indochina Time),$4674
Wed Mar 17 2021 00:00:00 GMT+0700 (Indochina Time),$4674
Thu Mar 18 2021 00:00:00 GMT+0700 (Indochina Time),$4674
Fri Mar 19 2021 00:00:00 GMT+0700 (Indochina Time),$4674
Sat Mar 20 2021 00:00:00 GMT+0700 (Indochina Time),$4674
Sun Mar 21 2021 00:00:00 GMT+0700 (Indochina Time),$4674
Mon Mar 22 2021 00:00:00 GMT+0700 (Indochina Time),$4674
Tue Mar 23 2021 00:00:00 GMT+0700 (Indochina Time),$4804
Wed Mar 24 2021 00:00:00 GMT+0700 (Indochina Time),$5006
Thu Mar 25 2021 00:00:00 GMT+0700 (Indochina Time),$5006
Fri Mar 26 2021 00:00:00 GMT+0700 (Indochina Time),$5006
Sat Mar 27 2021 00:00:00 GMT+0700 (Indochina Time),$5006
Sun Mar 28 2021 00:00:00 GMT+0700 (Indochina Time),$5006
Mon Mar 29 2021 00:00:00 GMT+0700 (Indochina Time),$5006
Tue Mar 30 2021 00:00:00 GMT+0700 (Indochina Time),$5006
Wed Mar 31 2021 00:00:00 GMT+0700 (Indochina Time),$5173
Thu Apr 01 2021 00:00:00 GMT+0700 (Indochina Time),$5173
Fri Apr 02 2021 00:00:00 GMT+0700 (Indochina Time),$5173
Sat Apr 03 2021 00:00:00 GMT+0700 (Indochina Time),$5173
Sun Apr 04 2021 00:00:00 GMT+0700 (Indochina Time),$5173
Mon Apr 05 2021 00:00:00 GMT+0700 (Indochina Time),$5173
Tue Apr 06 2021 00:00:00 GMT+0700 (Indochina Time),$5173
Wed Apr 07 2021 00:00:00 GMT+0700 (Indochina Time),$5173
Thu Apr 08 2021 00:00:00 GMT+0700 (Indochina Time),$5173
Fri Apr 09 2021 00:00:00 GMT+0700 (Indochina Time),$5173
Sat Apr 10 2021 00:00:00 GMT+0700 (Indochina Time),$5173
Sun Apr 11 2021 00:00:00 GMT+0700 (Indochina Time),$5173
Mon Apr 12 2021 00:00:00 GMT+0700 (Indochina Time),$5173
Tue Apr 13 2021 00:00:00 GMT+0700 (Indochina Time),$5173
Wed Apr 14 2021 00:00:00 GMT+0700 (Indochina Time),$5173
Thu Apr 15 2021 00:00:00 GMT+0700 (Indochina Time),$5173
Fri Apr 16 2021 00:00:00 GMT+0700 (Indochina Time),$5173
Sat Apr 17 2021 00:00:00 GMT+0700 (Indochina Time),$5173
Sun Apr 18 2021 00:00:00 GMT+0700 (Indochina Time),$5173
Mon Apr 19 2021 00:00:00 GMT+0700 (Indochina Time),$5173
Tue Apr 20 2021 00:00:00 GMT+0700 (Indochina Time),$5173
Wed Apr 21 2021 00:00:00 GMT+0700 (Indochina Time),$5173
Thu Apr 22 2021 00:00:00 GMT+0700 (Indochina Time),$5339
Fri Apr 23 2021 00:00:00 GMT+0700 (Indochina Time),$5339
Sat Apr 24 2021 00:00:00 GMT+0700 (Indochina Time),$5465
Sun Apr 25 2021 00:00:00 GMT+0700 (Indochina Time),$5585
Mon Apr 26 2021 00:00:00 GMT+0700 (Indochina Time),$5585
Tue Apr 27 2021 00:00:00 GMT+0700 (Indochina Time),$5585
Wed Apr 28 2021 00:00:00 GMT+0700 (Indochina Time),$5585
Thu Apr 29 2021 00:00:00 GMT+0700 (Indochina Time),$5673
Fri Apr 30 2021 00:00:00 GMT+0700 (Indochina Time),$5673
Sat May 01 2021 00:00:00 GMT+0700 (Indochina Time),$5673
Sun May 02 2021 00:00:00 GMT+0700 (Indochina Time),$5673
Mon May 03 2021 00:00:00 GMT+0700 (Indochina Time),$5673
Tue May 04 2021 00:00:00 GMT+0700 (Indochina Time),$5673
Wed May 05 2021 00:00:00 GMT+0700 (Indochina Time),$5673
Thu May 06 2021 00:00:00 GMT+0700 (Indochina Time),$5673
Fri May 07 2021 00:00:00 GMT+0700 (Indochina Time),$5673
Sat May 08 2021 00:00:00 GMT+0700 (Indochina Time),$5673
Sun May 09 2021 00:00:00 GMT+0700 (Indochina Time),$5673
Mon May 10 2021 00:00:00 GMT+0700 (Indochina Time),$5673
Tue May 11 2021 00:00:00 GMT+0700 (Indochina Time),$5673
Wed May 12 2021 00:00:00 GMT+0700 (Indochina Time),$5673
Thu May 13 2021 00:00:00 GMT+0700 (Indochina Time),$5673
Fri May 14 2021 00:00:00 GMT+0700 (Indochina Time),$5673
Sat May 15 2021 00:00:00 GMT+0700 (Indochina Time),$5673
Sun May 16 2021 00:00:00 GMT+0700 (Indochina Time),$5673
Mon May 17 2021 00:00:00 GMT+0700 (Indochina Time),$5673
Tue May 18 2021 00:00:00 GMT+0700 (Indochina Time),$5673
Wed May 19 2021 00:00:00 GMT+0700 (Indochina Time),$5673
Thu May 20 2021 00:00:00 GMT+0700 (Indochina Time),$6037
Fri May 21 2021 00:00:00 GMT+0700 (Indochina Time),$6037
Sat May 22 2021 00:00:00 GMT+0700 (Indochina Time),$6037
Sun May 23 2021 00:00:00 GMT+0700 (Indochina Time),$6037
Mon May 24 2021 00:00:00 GMT+0700 (Indochina Time),$6037
Tue May 25 2021 00:00:00 GMT+0700 (Indochina Time),$6037
Wed May 26 2021 00:00:00 GMT+0700 (Indochina Time),$6142
Thu May 27 2021 00:00:00 GMT+0700 (Indochina Time),$6142
Fri May 28 2021 00:00:00 GMT+0700 (Indochina Time),$6178
Sat May 29 2021 00:00:00 GMT+0700 (Indochina Time),$6178
Sun May 30 2021 00:00:00 GMT+0700 (Indochina Time),$6178
Mon May 31 2021 00:00:00 GMT+0700 (Indochina Time),$6178
Tue Jun 01 2021 00:00:00 GMT+0700 (Indochina Time),$6165
Wed Jun 02 2021 00:00:00 GMT+0700 (Indochina Time),$6165
Thu Jun 03 2021 00:00:00 GMT+0700 (Indochina Time),$6165
Fri Jun 04 2021 00:00:00 GMT+0700 (Indochina Time),$6212
Sat Jun 05 2021 00:00:00 GMT+0700 (Indochina Time),$6212
Sun Jun 06 2021 00:00:00 GMT+0700 (Indochina Time),$6247
Mon Jun 07 2021 00:00:00 GMT+0700 (Indochina Time),$6247
Tue Jun 08 2021 00:00:00 GMT+0700 (Indochina Time),$6247
Wed Jun 09 2021 00:00:00 GMT+0700 (Indochina Time),$6247
Thu Jun 10 2021 00:00:00 GMT+0700 (Indochina Time),$6247
Fri Jun 11 2021 00:00:00 GMT+0700 (Indochina Time),$6247
Sat Jun 12 2021 00:00:00 GMT+0700 (Indochina Time),$6247
Sun Jun 13 2021 00:00:00 GMT+0700 (Indochina Time),$6247
Mon Jun 14 2021 00:00:00 GMT+0700 (Indochina Time),$6314
Tue Jun 15 2021 00:00:00 GMT+0700 (Indochina Time),$6268
Wed Jun 16 2021 00:00:00 GMT+0700 (Indochina Time),$6268
Thu Jun 17 2021 00:00:00 GMT+0700 (Indochina Time),$6268
Fri Jun 18 2021 00:00:00 GMT+0700 (Indochina Time),$6323
Sat Jun 19 2021 00:00:00 GMT+0700 (Indochina Time),$6323
Sun Jun 20 2021 00:00:00 GMT+0700 (Indochina Time),$6323
Mon Jun 21 2021 00:00:00 GMT+0700 (Indochina Time),$6323
Tue Jun 22 2021 00:00:00 GMT+0700 (Indochina Time),$6323
Wed Jun 23 2021 00:00:00 GMT+0700 (Indochina Time),$6323
Thu Jun 24 2021 00:00:00 GMT+0700 (Indochina Time),$6323
Fri Jun 25 2021 00:00:00 GMT+0700 (Indochina Time),$6323
Sat Jun 26 2021 00:00:00 GMT+0700 (Indochina Time),$6323
Sun Jun 27 2021 00:00:00 GMT+0700 (Indochina Time),$6323
Mon Jun 28 2021 00:00:00 GMT+0700 (Indochina Time),$6323
Tue Jun 29 2021 00:00:00 GMT+0700 (Indochina Time),$6329
Wed Jun 30 2021 00:00:00 GMT+0700 (Indochina Time),$6329
Thu Jul 01 2021 00:00:00 GMT+0700 (Indochina Time),$6329
Fri Jul 02 2021 00:00:00 GMT+0700 (Indochina Time),$6329
Sat Jul 03 2021 00:00:00 GMT+0700 (Indochina Time),$6329
Sun Jul 04 2021 00:00:00 GMT+0700 (Indochina Time),$6329
Mon Jul 05 2021 00:00:00 GMT+0700 (Indochina Time),$6329
Tue Jul 06 2021 00:00:00 GMT+0700 (Indochina Time),$6329
Wed Jul 07 2021 00:00:00 GMT+0700 (Indochina Time),$6329
Thu Jul 08 2021 00:00:00 GMT+0700 (Indochina Time),$6329
Fri Jul 09 2021 00:00:00 GMT+0700 (Indochina Time),$6329
Sat Jul 10 2021 00:00:00 GMT+0700 (Indochina Time),$6329
Sun Jul 11 2021 00:00:00 GMT+0700 (Indochina Time),$6329
Mon Jul 12 2021 00:00:00 GMT+0700 (Indochina Time),$6329
Tue Jul 13 2021 00:00:00 GMT+0700 (Indochina Time),$6329
Wed Jul 14 2021 00:00:00 GMT+0700 (Indochina Time),$6329
Thu Jul 15 2021 00:00:00 GMT+0700 (Indochina Time),$6329
Fri Jul 16 2021 00:00:00 GMT+0700 (Indochina Time),$6329
Sat Jul 17 2021 00:00:00 GMT+0700 (Indochina Time),$6336
Sun Jul 18 2021 00:00:00 GMT+0700 (Indochina Time),$6336
Mon Jul 19 2021 00:00:00 GMT+0700 (Indochina Time),$6336
Tue Jul 20 2021 00:00:00 GMT+0700 (Indochina Time),$6336
Wed Jul 21 2021 00:00:00 GMT+0700 (Indochina Time),$6345
Thu Jul 22 2021 00:00:00 GMT+0700 (Indochina Time),$6345
Fri Jul 23 2021 00:00:00 GMT+0700 (Indochina Time),$6365
Sat Jul 24 2021 00:00:00 GMT+0700 (Indochina Time),$6365
Sun Jul 25 2021 00:00:00 GMT+0700 (Indochina Time),$6365
Mon Jul 26 2021 00:00:00 GMT+0700 (Indochina Time),$6365
Tue Jul 27 2021 00:00:00 GMT+0700 (Indochina Time),$6365
Wed Jul 28 2021 00:00:00 GMT+0700 (Indochina Time),$6365
Thu Jul 29 2021 00:00:00 GMT+0700 (Indochina Time),$6469
Fri Jul 30 2021 00:00:00 GMT+0700 (Indochina Time),$6469
Sat Jul 31 2021 00:00:00 GMT+0700 (Indochina Time),$6469
Sun Aug 01 2021 00:00:00 GMT+0700 (Indochina Time),$6469
Mon Aug 02 2021 00:00:00 GMT+0700 (Indochina Time),$6469
Tue Aug 03 2021 00:00:00 GMT+0700 (Indochina Time),$6499
Wed Aug 04 2021 00:00:00 GMT+0700 (Indochina Time),$6480
Thu Aug 05 2021 00:00:00 GMT+0700 (Indochina Time),$6480
Fri Aug 06 2021 00:00:00 GMT+0700 (Indochina Time),$6480
Sat Aug 07 2021 00:00:00 GMT+0700 (Indochina Time),$6480
Sun Aug 08 2021 00:00:00 GMT+0700 (Indochina Time),$6480
Mon Aug 09 2021 00:00:00 GMT+0700 (Indochina Time),$6480
Tue Aug 10 2021 00:00:00 GMT+0700 (Indochina Time),$6480
Wed Aug 11 2021 00:00:00 GMT+0700 (Indochina Time),$6480
Thu Aug 12 2021 00:00:00 GMT+0700 (Indochina Time),$6480
Fri Aug 13 2021 00:00:00 GMT+0700 (Indochina Time),$6480
Sat Aug 14 2021 00:00:00 GMT+0700 (Indochina Time),$6480
Sun Aug 15 2021 00:00:00 GMT+0700 (Indochina Time),$6480
Mon Aug 16 2021 00:00:00 GMT+0700 (Indochina Time),$6480
Tue Aug 17 2021 00:00:00 GMT+0700 (Indochina Time),$6480
Wed Aug 18 2021 00:00:00 GMT+0700 (Indochina Time),$6480
Thu Aug 19 2021 00:00:00 GMT+0700 (Indochina Time),$6480
Fri Aug 20 2021 00:00:00 GMT+0700 (Indochina Time),$6480
Sat Aug 21 2021 00:00:00 GMT+0700 (Indochina Time),$6480
Sun Aug 22 2021 00:00:00 GMT+0700 (Indochina Time),$6480
Mon Aug 23 2021 00:00:00 GMT+0700 (Indochina Time),$6480
Tue Aug 24 2021 00:00:00 GMT+0700 (Indochina Time),$6480
Wed Aug 25 2021 00:00:00 GMT+0700 (Indochina Time),$6480
Thu Aug 26 2021 00:00:00 GMT+0700 (Indochina Time),$6518
Fri Aug 27 2021 00:00:00 GMT+0700 (Indochina Time),$6518
Sat Aug 28 2021 00:00:00 GMT+0700 (Indochina Time),$6518
Sun Aug 29 2021 00:00:00 GMT+0700 (Indochina Time),$6518
Mon Aug 30 2021 00:00:00 GMT+0700 (Indochina Time),$6518
Tue Aug 31 2021 00:00:00 GMT+0700 (Indochina Time),$6518
Wed Sep 01 2021 00:00:00 GMT+0700 (Indochina Time),$6518
Thu Sep 02 2021 00:00:00 GMT+0700 (Indochina Time),$6518
Fri Sep 03 2021 00:00:00 GMT+0700 (Indochina Time),$6546
Sat Sep 04 2021 00:00:00 GMT+0700 (Indochina Time),$6546
Sun Sep 05 2021 00:00:00 GMT+0700 (Indochina Time),$6546
Mon Sep 06 2021 00:00:00 GMT+0700 (Indochina Time),$6546
Tue Sep 07 2021 00:00:00 GMT+0700 (Indochina Time),$6547
Wed Sep 08 2021 00:00:00 GMT+0700 (Indochina Time),$6547
Thu Sep 09 2021 00:00:00 GMT+0700 (Indochina Time),$6547
Fri Sep 10 2021 00:00:00 GMT+0700 (Indochina Time),$6547
Sat Sep 11 2021 00:00:00 GMT+0700 (Indochina Time),$6547
Sun Sep 12 2021 00:00:00 GMT+0700 (Indochina Time),$6547
Mon Sep 13 2021 00:00:00 GMT+0700 (Indochina Time),$6547
Tue Sep 14 2021 00:00:00 GMT+0700 (Indochina Time),$6547
Wed Sep 15 2021 00:00:00 GMT+0700 (Indochina Time),$6547
Thu Sep 16 2021 00:00:00 GMT+0700 (Indochina Time),$6547
Fri Sep 17 2021 00:00:00 GMT+0700 (Indochina Time),$6547
Sat Sep 18 2021 00:00:00 GMT+0700 (Indochina Time),$6547
Sun Sep 19 2021 00:00:00 GMT+0700 (Indochina Time),$6547
Mon Sep 20 2021 00:00:00 GMT+0700 (Indochina Time),$6547
Tue Sep 21 2021 00:00:00 GMT+0700 (Indochina Time),$6547
Wed Sep 22 2021 00:00:00 GMT+0700 (Indochina Time),$6547
Thu Sep 23 2021 00:00:00 GMT+0700 (Indochina Time),$6547
Fri Sep 24 2021 00:00:00 GMT+0700 (Indochina Time),$6547
Sat Sep 25 2021 00:00:00 GMT+0700 (Indochina Time),$6547
Sun Sep 26 2021 00:00:00 GMT+0700 (Indochina Time),$6520
Mon Sep 27 2021 00:00:00 GMT+0700 (Indochina Time),$6520
Tue Sep 28 2021 00:00:00 GMT+0700 (Indochina Time),$6520
Wed Sep 29 2021 00:00:00 GMT+0700 (Indochina Time),$6520
Thu Sep 30 2021 00:00:00 GMT+0700 (Indochina Time),$6520
Fri Oct 01 2021 00:00:00 GMT+0700 (Indochina Time),$6551
Sat Oct 02 2021 00:00:00 GMT+0700 (Indochina Time),$6551
Sun Oct 03 2021 00:00:00 GMT+0700 (Indochina Time),$6551
Mon Oct 04 2021 00:00:00 GMT+0700 (Indochina Time),$6551
Tue Oct 05 2021 00:00:00 GMT+0700 (Indochina Time),$6551
Wed Oct 06 2021 00:00:00 GMT+0700 (Indochina Time),$6551
Thu Oct 07 2021 00:00:00 GMT+0700 (Indochina Time),$6551
Fri Oct 08 2021 00:00:00 GMT+0700 (Indochina Time),$6551
Sat Oct 09 2021 00:00:00 GMT+0700 (Indochina Time),$6551
Sun Oct 10 2021 00:00:00 GMT+0700 (Indochina Time),$6551
Mon Oct 11 2021 00:00:00 GMT+0700 (Indochina Time),$6551
Tue Oct 12 2021 00:00:00 GMT+0700 (Indochina Time),$6551
Wed Oct 13 2021 00:00:00 GMT+0700 (Indochina Time),$6551
Thu Oct 14 2021 00:00:00 GMT+0700 (Indochina Time),$6603
Fri Oct 15 2021 00:00:00 GMT+0700 (Indochina Time),$6603
Sat Oct 16 2021 00:00:00 GMT+0700 (Indochina Time),$6603
Sun Oct 17 2021 00:00:00 GMT+0700 (Indochina Time),$6603
Mon Oct 18 2021 00:00:00 GMT+0700 (Indochina Time),$6603
Tue Oct 19 2021 00:00:00 GMT+0700 (Indochina Time),$6603
Wed Oct 20 2021 00:00:00 GMT+0700 (Indochina Time),$6636
Thu Oct 21 2021 00:00:00 GMT+0700 (Indochina Time),$6636
Fri Oct 22 2021 00:00:00 GMT+0700 (Indochina Time),$6650
Sat Oct 23 2021 00:00:00 GMT+0700 (Indochina Time),$6650
Sun Oct 24 2021 00:00:00 GMT+0700 (Indochina Time),$6650
Mon Oct 25 2021 00:00:00 GMT+0700 (Indochina Time),$6650
Tue Oct 26 2021 00:00:00 GMT+0700 (Indochina Time),$6650
Wed Oct 27 2021 00:00:00 GMT+0700 (Indochina Time),$6646
Thu Oct 28 2021 00:00:00 GMT+0700 (Indochina Time),$6671
Fri Oct 29 2021 00:00:00 GMT+0700 (Indochina Time),$6671
Sat Oct 30 2021 00:00:00 GMT+0700 (Indochina Time),$6671
Sun Oct 31 2021 00:00:00 GMT+0700 (Indochina Time),$6671
Mon Nov 01 2021 00:00:00 GMT+0700 (Indochina Time),$6671
Tue Nov 02 2021 00:00:00 GMT+0700 (Indochina Time),$6671
Wed Nov 03 2021 00:00:00 GMT+0700 (Indochina Time),$6671
Thu Nov 04 2021 00:00:00 GMT+0700 (Indochina Time),$6671
Fri Nov 05 2021 00:00:00 GMT+0700 (Indochina Time),$6671
Sat Nov 06 2021 00:00:00 GMT+0700 (Indochina Time),$6800
Sun Nov 07 2021 00:00:00 GMT+0700 (Indochina Time),$6800
Mon Nov 08 2021 00:00:00 GMT+0700 (Indochina Time),$6846
Tue Nov 09 2021 00:00:00 GMT+0700 (Indochina Time),$6846
Wed Nov 10 2021 00:00:00 GMT+0700 (Indochina Time),$6846
Thu Nov 11 2021 00:00:00 GMT+0700 (Indochina Time),$6846
Fri Nov 12 2021 00:00:00 GMT+0700 (Indochina Time),$6846
Sat Nov 13 2021 00:00:00 GMT+0700 (Indochina Time),$6846
Sun Nov 14 2021 00:00:00 GMT+0700 (Indochina Time),$6846
Mon Nov 15 2021 00:00:00 GMT+0700 (Indochina Time),$6846
Tue Nov 16 2021 00:00:00 GMT+0700 (Indochina Time),$6890
Wed Nov 17 2021 00:00:00 GMT+0700 (Indochina Time),$6890
Thu Nov 18 2021 00:00:00 GMT+0700 (Indochina Time),$6890
Fri Nov 19 2021 00:00:00 GMT+0700 (Indochina Time),$6918
Sat Nov 20 2021 00:00:00 GMT+0700 (Indochina Time),$6918
Sun Nov 21 2021 00:00:00 GMT+0700 (Indochina Time),$6918
Mon Nov 22 2021 00:00:00 GMT+0700 (Indochina Time),$6918
Tue Nov 23 2021 00:00:00 GMT+0700 (Indochina Time),$6904
Wed Nov 24 2021 00:00:00 GMT+0700 (Indochina Time),$6860
Thu Nov 25 2021 00:00:00 GMT+0700 (Indochina Time),$6905
Fri Nov 26 2021 00:00:00 GMT+0700 (Indochina Time),$6905
Sat Nov 27 2021 00:00:00 GMT+0700 (Indochina Time),$6905
Sun Nov 28 2021 00:00:00 GMT+0700 (Indochina Time),$6905
Mon Nov 29 2021 00:00:00 GMT+0700 (Indochina Time),$6905
Tue Nov 30 2021 00:00:00 GMT+0700 (Indochina Time),$6905
Wed Dec 01 2021 00:00:00 GMT+0700 (Indochina Time),$6905
Thu Dec 02 2021 00:00:00 GMT+0700 (Indochina Time),$6905
Fri Dec 03 2021 00:00:00 GMT+0700 (Indochina Time),$6905
Sat Dec 04 2021 00:00:00 GMT+0700 (Indochina Time),$6905
Sun Dec 05 2021 00:00:00 GMT+0700 (Indochina Time),$6905
Mon Dec 06 2021 00:00:00 GMT+0700 (Indochina Time),$6905
Tue Dec 07 2021 00:00:00 GMT+0700 (Indochina Time),$6905
Wed Dec 08 2021 00:00:00 GMT+0700 (Indochina Time),$6905
Thu Dec 09 2021 00:00:00 GMT+0700 (Indochina Time),$6905
Fri Dec 10 2021 00:00:00 GMT+0700 (Indochina Time),$6905
Sat Dec 11 2021 00:00:00 GMT+0700 (Indochina Time),$6915
Sun Dec 12 2021 00:00:00 GMT+0700 (Indochina Time),$6915
Mon Dec 13 2021 00:00:00 GMT+0700 (Indochina Time),$6915
Tue Dec 14 2021 00:00:00 GMT+0700 (Indochina Time),$6885
Wed Dec 15 2021 00:00:00 GMT+0700 (Indochina Time),$6885
Thu Dec 16 2021 00:00:00 GMT+0700 (Indochina Time),$6885
Fri Dec 17 2021 00:00:00 GMT+0700 (Indochina Time),$6885
Sat Dec 18 2021 00:00:00 GMT+0700 (Indochina Time),$6885
Sun Dec 19 2021 00:00:00 GMT+0700 (Indochina Time),$6885
Mon Dec 20 2021 00:00:00 GMT+0700 (Indochina Time),$6885
Tue Dec 21 2021 00:00:00 GMT+0700 (Indochina Time),$6885
Wed Dec 22 2021 00:00:00 GMT+0700 (Indochina Time),$6868
Thu Dec 23 2021 00:00:00 GMT+0700 (Indochina Time),$6868
Fri Dec 24 2021 00:00:00 GMT+0700 (Indochina Time),$6868
Sat Dec 25 2021 00:00:00 GMT+0700 (Indochina Time),$6868
Sun Dec 26 2021 00:00:00 GMT+0700 (Indochina Time),$6868
Mon Dec 27 2021 00:00:00 GMT+0700 (Indochina Time),$6868
Tue Dec 28 2021 00:00:00 GMT+0700 (Indochina Time),$6868
Wed Dec 29 2021 00:00:00 GMT+0700 (Indochina Time),$6874
Thu Dec 30 2021 00:00:00 GMT+0700 (Indochina Time),$6874
Fri Dec 31 2021 00:00:00 GMT+0700 (Indochina Time),$6874
Sat Jan 01 2022 00:00:00 GMT+0700 (Indochina Time),$6874
Sun Jan 02 2022 00:00:00 GMT+0700 (Indochina Time),$6874
Mon Jan 03 2022 00:00:00 GMT+0700 (Indochina Time),$6923
Tue Jan 04 2022 00:00:00 GMT+0700 (Indochina Time),$6887
Wed Jan 05 2022 00:00:00 GMT+0700 (Indochina Time),$6887
Thu Jan 06 2022 00:00:00 GMT+0700 (Indochina Time),$6846
Fri Jan 07 2022 00:00:00 GMT+0700 (Indochina Time),$6904
Sat Jan 08 2022 00:00:00 GMT+0700 (Indochina Time),$6904
Sun Jan 09 2022 00:00:00 GMT+0700 (Indochina Time),$6904
Mon Jan 10 2022 00:00:00 GMT+0700 (Indochina Time),$6904
Tue Jan 11 2022 00:00:00 GMT+0700 (Indochina Time),$6904
Wed Jan 12 2022 00:00:00 GMT+0700 (Indochina Time),$6904
Thu Jan 13 2022 00:00:00 GMT+0700 (Indochina Time),$6904
Fri Jan 14 2022 00:00:00 GMT+0700 (Indochina Time),$6904
Sat Jan 15 2022 00:00:00 GMT+0700 (Indochina Time),$6904
Sun Jan 16 2022 00:00:00 GMT+0700 (Indochina Time),$6904
Mon Jan 17 2022 00:00:00 GMT+0700 (Indochina Time),$6904
Tue Jan 18 2022 00:00:00 GMT+0700 (Indochina Time),$6904
Wed Jan 19 2022 00:00:00 GMT+0700 (Indochina Time),$6904
Thu Jan 20 2022 00:00:00 GMT+0700 (Indochina Time),$6904
Fri Jan 21 2022 00:00:00 GMT+0700 (Indochina Time),$6904
Sat Jan 22 2022 00:00:00 GMT+0700 (Indochina Time),$6904
Sun Jan 23 2022 00:00:00 GMT+0700 (Indochina Time),$6914
Mon Jan 24 2022 00:00:00 GMT+0700 (Indochina Time),$6914
Tue Jan 25 2022 00:00:00 GMT+0700 (Indochina Time),$6914
Wed Jan 26 2022 00:00:00 GMT+0700 (Indochina Time),$6914
Thu Jan 27 2022 00:00:00 GMT+0700 (Indochina Time),$6914
Fri Jan 28 2022 00:00:00 GMT+0700 (Indochina Time),$6914
Sat Jan 29 2022 00:00:00 GMT+0700 (Indochina Time),$6914
Sun Jan 30 2022 00:00:00 GMT+0700 (Indochina Time),$6914
Mon Jan 31 2022 00:00:00 GMT+0700 (Indochina Time),$6914
Tue Feb 01 2022 00:00:00 GMT+0700 (Indochina Time),$6914
Wed Feb 02 2022 00:00:00 GMT+0700 (Indochina Time),$6914
Thu Feb 03 2022 00:00:00 GMT+0700 (Indochina Time),$6914
Fri Feb 04 2022 00:00:00 GMT+0700 (Indochina Time),$6924
Sat Feb 05 2022 00:00:00 GMT+0700 (Indochina Time),$6924
Sun Feb 06 2022 00:00:00 GMT+0700 (Indochina Time),$6924
Mon Feb 07 2022 00:00:00 GMT+0700 (Indochina Time),$6924
Tue Feb 08 2022 00:00:00 GMT+0700 (Indochina Time),$6924
Wed Feb 09 2022 00:00:00 GMT+0700 (Indochina Time),$6924
Thu Feb 10 2022 00:00:00 GMT+0700 (Indochina Time),$6924
Fri Feb 11 2022 00:00:00 GMT+0700 (Indochina Time),$6960
Sat Feb 12 2022 00:00:00 GMT+0700 (Indochina Time),$6960
Sun Feb 13 2022 00:00:00 GMT+0700 (Indochina Time),$6960
Mon Feb 14 2022 00:00:00 GMT+0700 (Indochina Time),$6982
Tue Feb 15 2022 00:00:00 GMT+0700 (Indochina Time),$6982
Wed Feb 16 2022 00:00:00 GMT+0700 (Indochina Time),$6977
Thu Feb 17 2022 00:00:00 GMT+0700 (Indochina Time),$6977
Fri Feb 18 2022 00:00:00 GMT+0700 (Indochina Time),$6932
Sat Feb 19 2022 00:00:00 GMT+0700 (Indochina Time),$6957
Sun Feb 20 2022 00:00:00 GMT+0700 (Indochina Time),$6957
Mon Feb 21 2022 00:00:00 GMT+0700 (Indochina Time),$7005
Tue Feb 22 2022 00:00:00 GMT+0700 (Indochina Time),$7005
Wed Feb 23 2022 00:00:00 GMT+0700 (Indochina Time),$7002
Thu Feb 24 2022 00:00:00 GMT+0700 (Indochina Time),$7002
Fri Feb 25 2022 00:00:00 GMT+0700 (Indochina Time),$7013
Sat Feb 26 2022 00:00:00 GMT+0700 (Indochina Time),$7013
Sun Feb 27 2022 00:00:00 GMT+0700 (Indochina Time),$7013
Mon Feb 28 2022 00:00:00 GMT+0700 (Indochina Time),$7013
Tue Mar 01 2022 00:00:00 GMT+0700 (Indochina Time),$7013
Wed Mar 02 2022 00:00:00 GMT+0700 (Indochina Time),$6987
Thu Mar 03 2022 00:00:00 GMT+0700 (Indochina Time),$6987
Fri Mar 04 2022 00:00:00 GMT+0700 (Indochina Time),$6987
Sat Mar 05 2022 00:00:00 GMT+0700 (Indochina Time),$6966
Sun Mar 06 2022 00:00:00 GMT+0700 (Indochina Time),$6966
Mon Mar 07 2022 00:00:00 GMT+0700 (Indochina Time),$7003
Tue Mar 08 2022 00:00:00 GMT+0700 (Indochina Time),$7003
