Fri Mar 08 2019 00:00:00 GMT+0700 (Indochina Time),$17738
Sat Mar 09 2019 00:00:00 GMT+0700 (Indochina Time),$17738
Tue Mar 12 2019 00:00:00 GMT+0700 (Indochina Time),$17738
Fri Mar 15 2019 00:00:00 GMT+0700 (Indochina Time),$17738
Wed Mar 20 2019 00:00:00 GMT+0700 (Indochina Time),$17738
Fri Mar 22 2019 00:00:00 GMT+0700 (Indochina Time),$17632
Tue Mar 26 2019 00:00:00 GMT+0700 (Indochina Time),$17632
Wed Mar 27 2019 00:00:00 GMT+0700 (Indochina Time),$17617
Mon Apr 01 2019 00:00:00 GMT+0700 (Indochina Time),$17617
Tue Apr 02 2019 00:00:00 GMT+0700 (Indochina Time),$17567
Fri Apr 05 2019 00:00:00 GMT+0700 (Indochina Time),$17546
Wed Apr 10 2019 00:00:00 GMT+0700 (Indochina Time),$17503
Fri Apr 12 2019 00:00:00 GMT+0700 (Indochina Time),$17605
Tue Apr 16 2019 00:00:00 GMT+0700 (Indochina Time),$17605
Wed Apr 17 2019 00:00:00 GMT+0700 (Indochina Time),$17708
Sun Apr 21 2019 00:00:00 GMT+0700 (Indochina Time),$17708
Wed Apr 24 2019 00:00:00 GMT+0700 (Indochina Time),$17520
Sun Apr 28 2019 00:00:00 GMT+0700 (Indochina Time),$17520
Mon Apr 29 2019 00:00:00 GMT+0700 (Indochina Time),$17546
Thu May 02 2019 00:00:00 GMT+0700 (Indochina Time),$17546
Tue May 07 2019 00:00:00 GMT+0700 (Indochina Time),$17546
Fri May 10 2019 00:00:00 GMT+0700 (Indochina Time),$17561
Mon May 13 2019 00:00:00 GMT+0700 (Indochina Time),$17472
Wed May 15 2019 00:00:00 GMT+0700 (Indochina Time),$16913
Fri May 17 2019 00:00:00 GMT+0700 (Indochina Time),$16641
Tue May 21 2019 00:00:00 GMT+0700 (Indochina Time),$16641
Thu May 23 2019 00:00:00 GMT+0700 (Indochina Time),$16605
Sun May 26 2019 00:00:00 GMT+0700 (Indochina Time),$16607
Wed May 29 2019 00:00:00 GMT+0700 (Indochina Time),$16607
Mon Jun 03 2019 00:00:00 GMT+0700 (Indochina Time),$16607
Thu Jun 06 2019 00:00:00 GMT+0700 (Indochina Time),$16584
Fri Jun 07 2019 00:00:00 GMT+0700 (Indochina Time),$16584
Mon Jun 10 2019 00:00:00 GMT+0700 (Indochina Time),$16584
Thu Jun 13 2019 00:00:00 GMT+0700 (Indochina Time),$16584
Tue Jun 18 2019 00:00:00 GMT+0700 (Indochina Time),$16584
Fri Jun 21 2019 00:00:00 GMT+0700 (Indochina Time),$16644
Sat Jun 22 2019 00:00:00 GMT+0700 (Indochina Time),$16644
Tue Jun 25 2019 00:00:00 GMT+0700 (Indochina Time),$16644
Fri Jun 28 2019 00:00:00 GMT+0700 (Indochina Time),$16644
Mon Jul 01 2019 00:00:00 GMT+0700 (Indochina Time),$16644
Thu Jul 04 2019 00:00:00 GMT+0700 (Indochina Time),$16644
Sun Jul 07 2019 00:00:00 GMT+0700 (Indochina Time),$16644
Fri Jul 12 2019 00:00:00 GMT+0700 (Indochina Time),$16644
Sun Jul 14 2019 00:00:00 GMT+0700 (Indochina Time),$16644
Thu Jul 18 2019 00:00:00 GMT+0700 (Indochina Time),$16714
Sun Jul 21 2019 00:00:00 GMT+0700 (Indochina Time),$16714
Wed Jul 24 2019 00:00:00 GMT+0700 (Indochina Time),$16813
Thu Jul 25 2019 00:00:00 GMT+0700 (Indochina Time),$16795
Tue Jul 30 2019 00:00:00 GMT+0700 (Indochina Time),$16795
Thu Aug 01 2019 00:00:00 GMT+0700 (Indochina Time),$16711
Sun Aug 04 2019 00:00:00 GMT+0700 (Indochina Time),$16840
Thu Aug 08 2019 00:00:00 GMT+0700 (Indochina Time),$16834
Sat Aug 10 2019 00:00:00 GMT+0700 (Indochina Time),$16912
Mon Aug 12 2019 00:00:00 GMT+0700 (Indochina Time),$16912
Thu Aug 15 2019 00:00:00 GMT+0700 (Indochina Time),$16986
Mon Aug 19 2019 00:00:00 GMT+0700 (Indochina Time),$16986
Thu Aug 22 2019 00:00:00 GMT+0700 (Indochina Time),$17042
Sun Aug 25 2019 00:00:00 GMT+0700 (Indochina Time),$16912
Wed Aug 28 2019 00:00:00 GMT+0700 (Indochina Time),$16917
Sun Sep 01 2019 00:00:00 GMT+0700 (Indochina Time),$16917
Tue Sep 03 2019 00:00:00 GMT+0700 (Indochina Time),$16938
Fri Sep 06 2019 00:00:00 GMT+0700 (Indochina Time),$16900
Mon Sep 09 2019 00:00:00 GMT+0700 (Indochina Time),$16900
Wed Sep 11 2019 00:00:00 GMT+0700 (Indochina Time),$16909
Sat Sep 14 2019 00:00:00 GMT+0700 (Indochina Time),$16909
Tue Sep 17 2019 00:00:00 GMT+0700 (Indochina Time),$16909
Fri Sep 20 2019 00:00:00 GMT+0700 (Indochina Time),$16909
Wed Sep 25 2019 00:00:00 GMT+0700 (Indochina Time),$16909
Fri Sep 27 2019 00:00:00 GMT+0700 (Indochina Time),$17607
Mon Sep 30 2019 00:00:00 GMT+0700 (Indochina Time),$18191
Wed Oct 02 2019 00:00:00 GMT+0700 (Indochina Time),$18147
Mon Oct 07 2019 00:00:00 GMT+0700 (Indochina Time),$18147
Wed Oct 09 2019 00:00:00 GMT+0700 (Indochina Time),$18145
Sun Oct 13 2019 00:00:00 GMT+0700 (Indochina Time),$18113
Tue Oct 15 2019 00:00:00 GMT+0700 (Indochina Time),$18113
Sat Oct 19 2019 00:00:00 GMT+0700 (Indochina Time),$17819
Sun Oct 20 2019 00:00:00 GMT+0700 (Indochina Time),$17819
Fri Oct 25 2019 00:00:00 GMT+0700 (Indochina Time),$17819
Sun Oct 27 2019 00:00:00 GMT+0700 (Indochina Time),$17810
Thu Oct 31 2019 00:00:00 GMT+0700 (Indochina Time),$17670
Fri Nov 01 2019 00:00:00 GMT+0700 (Indochina Time),$17721
Wed Nov 06 2019 00:00:00 GMT+0700 (Indochina Time),$17624
Thu Nov 07 2019 00:00:00 GMT+0700 (Indochina Time),$17624
Sun Nov 10 2019 00:00:00 GMT+0700 (Indochina Time),$17624
Wed Nov 13 2019 00:00:00 GMT+0700 (Indochina Time),$17624
Mon Nov 18 2019 00:00:00 GMT+0700 (Indochina Time),$17624
Wed Nov 20 2019 00:00:00 GMT+0700 (Indochina Time),$17541
Sat Nov 23 2019 00:00:00 GMT+0700 (Indochina Time),$17518
Wed Nov 27 2019 00:00:00 GMT+0700 (Indochina Time),$17518
Sat Nov 30 2019 00:00:00 GMT+0700 (Indochina Time),$17483
Sun Dec 01 2019 00:00:00 GMT+0700 (Indochina Time),$17483
Wed Dec 04 2019 00:00:00 GMT+0700 (Indochina Time),$17343
Sun Dec 08 2019 00:00:00 GMT+0700 (Indochina Time),$17331
Thu Dec 12 2019 00:00:00 GMT+0700 (Indochina Time),$17342
Sat Dec 14 2019 00:00:00 GMT+0700 (Indochina Time),$17177
Thu Dec 19 2019 00:00:00 GMT+0700 (Indochina Time),$17177
Sat Dec 21 2019 00:00:00 GMT+0700 (Indochina Time),$17060
Mon Dec 23 2019 00:00:00 GMT+0700 (Indochina Time),$17010
Fri Dec 27 2019 00:00:00 GMT+0700 (Indochina Time),$17010
Sun Dec 29 2019 00:00:00 GMT+0700 (Indochina Time),$16913
Wed Jan 01 2020 00:00:00 GMT+0700 (Indochina Time),$16875
Sat Jan 04 2020 00:00:00 GMT+0700 (Indochina Time),$16875
Thu Jan 09 2020 00:00:00 GMT+0700 (Indochina Time),$16875
Sun Jan 12 2020 00:00:00 GMT+0700 (Indochina Time),$16821
Tue Jan 14 2020 00:00:00 GMT+0700 (Indochina Time),$16823
Sat Jan 18 2020 00:00:00 GMT+0700 (Indochina Time),$16822
Tue Jan 21 2020 00:00:00 GMT+0700 (Indochina Time),$16936
Fri Jan 24 2020 00:00:00 GMT+0700 (Indochina Time),$16936
Sun Jan 26 2020 00:00:00 GMT+0700 (Indochina Time),$16993
Thu Jan 30 2020 00:00:00 GMT+0700 (Indochina Time),$16993
Sun Feb 02 2020 00:00:00 GMT+0700 (Indochina Time),$17017
Wed Feb 05 2020 00:00:00 GMT+0700 (Indochina Time),$16958
Fri Feb 07 2020 00:00:00 GMT+0700 (Indochina Time),$16733
Sun Feb 09 2020 00:00:00 GMT+0700 (Indochina Time),$16841
Thu Feb 13 2020 00:00:00 GMT+0700 (Indochina Time),$16823
Sat Feb 15 2020 00:00:00 GMT+0700 (Indochina Time),$16823
Thu Feb 20 2020 00:00:00 GMT+0700 (Indochina Time),$16823
Sun Feb 23 2020 00:00:00 GMT+0700 (Indochina Time),$16825
Wed Feb 26 2020 00:00:00 GMT+0700 (Indochina Time),$16794
Sat Feb 29 2020 00:00:00 GMT+0700 (Indochina Time),$16859
Mon Mar 02 2020 00:00:00 GMT+0700 (Indochina Time),$16867
Wed Mar 04 2020 00:00:00 GMT+0700 (Indochina Time),$16881
Mon Mar 09 2020 00:00:00 GMT+0700 (Indochina Time),$16857
Wed Mar 11 2020 00:00:00 GMT+0700 (Indochina Time),$16869
Sat Mar 14 2020 00:00:00 GMT+0700 (Indochina Time),$16893
Mon Mar 16 2020 00:00:00 GMT+0700 (Indochina Time),$16830
Sat Mar 21 2020 00:00:00 GMT+0700 (Indochina Time),$16828
Mon Mar 23 2020 00:00:00 GMT+0700 (Indochina Time),$16769
Wed Mar 25 2020 00:00:00 GMT+0700 (Indochina Time),$16791
Sat Mar 28 2020 00:00:00 GMT+0700 (Indochina Time),$16778
Thu Apr 02 2020 00:00:00 GMT+0700 (Indochina Time),$16778
Sun Apr 05 2020 00:00:00 GMT+0700 (Indochina Time),$16752
Wed Apr 08 2020 00:00:00 GMT+0700 (Indochina Time),$16570
Sat Apr 11 2020 00:00:00 GMT+0700 (Indochina Time),$16570
Mon Apr 13 2020 00:00:00 GMT+0700 (Indochina Time),$16570
Thu Apr 16 2020 00:00:00 GMT+0700 (Indochina Time),$16525
Mon Apr 20 2020 00:00:00 GMT+0700 (Indochina Time),$16411
Wed Apr 22 2020 00:00:00 GMT+0700 (Indochina Time),$16388
Fri Apr 24 2020 00:00:00 GMT+0700 (Indochina Time),$16388
Wed Apr 29 2020 00:00:00 GMT+0700 (Indochina Time),$16388
Fri May 01 2020 00:00:00 GMT+0700 (Indochina Time),$16273
Mon May 04 2020 00:00:00 GMT+0700 (Indochina Time),$16273
Wed May 06 2020 00:00:00 GMT+0700 (Indochina Time),$16245
Sat May 09 2020 00:00:00 GMT+0700 (Indochina Time),$16245
Tue May 12 2020 00:00:00 GMT+0700 (Indochina Time),$16245
Sun May 17 2020 00:00:00 GMT+0700 (Indochina Time),$16245
Wed May 20 2020 00:00:00 GMT+0700 (Indochina Time),$16206
Thu May 21 2020 00:00:00 GMT+0700 (Indochina Time),$16001
Tue May 26 2020 00:00:00 GMT+0700 (Indochina Time),$15945
Wed May 27 2020 00:00:00 GMT+0700 (Indochina Time),$15599
Sun May 31 2020 00:00:00 GMT+0700 (Indochina Time),$15419
Wed Jun 03 2020 00:00:00 GMT+0700 (Indochina Time),$14952
Sat Jun 06 2020 00:00:00 GMT+0700 (Indochina Time),$14952
Mon Jun 08 2020 00:00:00 GMT+0700 (Indochina Time),$15357
Sat Jun 13 2020 00:00:00 GMT+0700 (Indochina Time),$15361
Mon Jun 15 2020 00:00:00 GMT+0700 (Indochina Time),$15396
Wed Jun 17 2020 00:00:00 GMT+0700 (Indochina Time),$15688
Sat Jun 20 2020 00:00:00 GMT+0700 (Indochina Time),$15657
Tue Jun 23 2020 00:00:00 GMT+0700 (Indochina Time),$15657
Fri Jun 26 2020 00:00:00 GMT+0700 (Indochina Time),$15657
Wed Jul 01 2020 00:00:00 GMT+0700 (Indochina Time),$15657
Fri Jul 03 2020 00:00:00 GMT+0700 (Indochina Time),$15750
Tue Jul 07 2020 00:00:00 GMT+0700 (Indochina Time),$15621
Thu Jul 09 2020 00:00:00 GMT+0700 (Indochina Time),$15621
Sat Jul 11 2020 00:00:00 GMT+0700 (Indochina Time),$15729
Thu Jul 16 2020 00:00:00 GMT+0700 (Indochina Time),$15562
Fri Jul 17 2020 00:00:00 GMT+0700 (Indochina Time),$15562
Tue Jul 21 2020 00:00:00 GMT+0700 (Indochina Time),$15840
Fri Jul 24 2020 00:00:00 GMT+0700 (Indochina Time),$15840
Sun Jul 26 2020 00:00:00 GMT+0700 (Indochina Time),$15899
Thu Jul 30 2020 00:00:00 GMT+0700 (Indochina Time),$15935
Sat Aug 01 2020 00:00:00 GMT+0700 (Indochina Time),$16310
Thu Aug 06 2020 00:00:00 GMT+0700 (Indochina Time),$16714
Fri Aug 07 2020 00:00:00 GMT+0700 (Indochina Time),$16714
Mon Aug 10 2020 00:00:00 GMT+0700 (Indochina Time),$16714
Sat Aug 15 2020 00:00:00 GMT+0700 (Indochina Time),$16714
Mon Aug 17 2020 00:00:00 GMT+0700 (Indochina Time),$16763
Thu Aug 20 2020 00:00:00 GMT+0700 (Indochina Time),$16763
Sat Aug 22 2020 00:00:00 GMT+0700 (Indochina Time),$16833
Thu Aug 27 2020 00:00:00 GMT+0700 (Indochina Time),$16833
Sat Aug 29 2020 00:00:00 GMT+0700 (Indochina Time),$16833
Tue Sep 01 2020 00:00:00 GMT+0700 (Indochina Time),$17137
Thu Sep 03 2020 00:00:00 GMT+0700 (Indochina Time),$17137
Wed Sep 09 2020 00:00:00 GMT+0700 (Indochina Time),$17600
Sat Sep 12 2020 00:00:00 GMT+0700 (Indochina Time),$17600
Tue Sep 15 2020 00:00:00 GMT+0700 (Indochina Time),$17579
Thu Sep 17 2020 00:00:00 GMT+0700 (Indochina Time),$17648
Sun Sep 20 2020 00:00:00 GMT+0700 (Indochina Time),$17648
Wed Sep 23 2020 00:00:00 GMT+0700 (Indochina Time),$17751
Sun Sep 27 2020 00:00:00 GMT+0700 (Indochina Time),$17744
Tue Sep 29 2020 00:00:00 GMT+0700 (Indochina Time),$17773
Thu Oct 01 2020 00:00:00 GMT+0700 (Indochina Time),$17772
Sun Oct 04 2020 00:00:00 GMT+0700 (Indochina Time),$17772
Fri Oct 09 2020 00:00:00 GMT+0700 (Indochina Time),$17772
Mon Oct 12 2020 00:00:00 GMT+0700 (Indochina Time),$18183
Thu Oct 15 2020 00:00:00 GMT+0700 (Indochina Time),$18195
Sun Oct 18 2020 00:00:00 GMT+0700 (Indochina Time),$18208
Tue Oct 20 2020 00:00:00 GMT+0700 (Indochina Time),$18340
Sat Oct 24 2020 00:00:00 GMT+0700 (Indochina Time),$18340
Tue Oct 27 2020 00:00:00 GMT+0700 (Indochina Time),$18323
Thu Oct 29 2020 00:00:00 GMT+0700 (Indochina Time),$18308
Sat Oct 31 2020 00:00:00 GMT+0700 (Indochina Time),$18391
Tue Nov 03 2020 00:00:00 GMT+0700 (Indochina Time),$18412
Fri Nov 06 2020 00:00:00 GMT+0700 (Indochina Time),$18365
Wed Nov 11 2020 00:00:00 GMT+0700 (Indochina Time),$18365
Sat Nov 14 2020 00:00:00 GMT+0700 (Indochina Time),$18303
Mon Nov 16 2020 00:00:00 GMT+0700 (Indochina Time),$18234
Wed Nov 18 2020 00:00:00 GMT+0700 (Indochina Time),$19151
Sat Nov 21 2020 00:00:00 GMT+0700 (Indochina Time),$19067
Thu Nov 26 2020 00:00:00 GMT+0700 (Indochina Time),$19091
Fri Nov 27 2020 00:00:00 GMT+0700 (Indochina Time),$19095
Wed Dec 02 2020 00:00:00 GMT+0700 (Indochina Time),$19086
Thu Dec 03 2020 00:00:00 GMT+0700 (Indochina Time),$19105
Mon Dec 07 2020 00:00:00 GMT+0700 (Indochina Time),$19108
Thu Dec 10 2020 00:00:00 GMT+0700 (Indochina Time),$19125
Sun Dec 13 2020 00:00:00 GMT+0700 (Indochina Time),$19157
Tue Dec 15 2020 00:00:00 GMT+0700 (Indochina Time),$19177
Fri Dec 18 2020 00:00:00 GMT+0700 (Indochina Time),$19259
Wed Dec 23 2020 00:00:00 GMT+0700 (Indochina Time),$19181
Fri Dec 25 2020 00:00:00 GMT+0700 (Indochina Time),$19311
Tue Dec 29 2020 00:00:00 GMT+0700 (Indochina Time),$19345
Wed Dec 30 2020 00:00:00 GMT+0700 (Indochina Time),$19409
Sat Jan 02 2021 00:00:00 GMT+0700 (Indochina Time),$19421
Wed Jan 06 2021 00:00:00 GMT+0700 (Indochina Time),$19593
Fri Jan 08 2021 00:00:00 GMT+0700 (Indochina Time),$19545
Mon Jan 11 2021 00:00:00 GMT+0700 (Indochina Time),$19591
Sat Jan 16 2021 00:00:00 GMT+0700 (Indochina Time),$19607
Mon Jan 18 2021 00:00:00 GMT+0700 (Indochina Time),$19570
Thu Jan 21 2021 00:00:00 GMT+0700 (Indochina Time),$19610
Sun Jan 24 2021 00:00:00 GMT+0700 (Indochina Time),$19560
Wed Jan 27 2021 00:00:00 GMT+0700 (Indochina Time),$19563
Sat Jan 30 2021 00:00:00 GMT+0700 (Indochina Time),$19562
Wed Feb 03 2021 00:00:00 GMT+0700 (Indochina Time),$19421
Sat Feb 06 2021 00:00:00 GMT+0700 (Indochina Time),$19405
Sun Feb 07 2021 00:00:00 GMT+0700 (Indochina Time),$19484
Wed Feb 10 2021 00:00:00 GMT+0700 (Indochina Time),$19496
Sat Feb 13 2021 00:00:00 GMT+0700 (Indochina Time),$19536
Thu Feb 18 2021 00:00:00 GMT+0700 (Indochina Time),$19566
Sun Feb 21 2021 00:00:00 GMT+0700 (Indochina Time),$19498
Mon Feb 22 2021 00:00:00 GMT+0700 (Indochina Time),$19516
Fri Feb 26 2021 00:00:00 GMT+0700 (Indochina Time),$19533
Sun Feb 28 2021 00:00:00 GMT+0700 (Indochina Time),$19613
Wed Mar 03 2021 00:00:00 GMT+0700 (Indochina Time),$19606
Mon Mar 08 2021 00:00:00 GMT+0700 (Indochina Time),$19632
Wed Mar 10 2021 00:00:00 GMT+0700 (Indochina Time),$19725
Sun Mar 14 2021 00:00:00 GMT+0700 (Indochina Time),$19746
Wed Mar 17 2021 00:00:00 GMT+0700 (Indochina Time),$19688
Fri Mar 19 2021 00:00:00 GMT+0700 (Indochina Time),$19724
Sun Mar 21 2021 00:00:00 GMT+0700 (Indochina Time),$19872
Thu Mar 25 2021 00:00:00 GMT+0700 (Indochina Time),$20054
Sat Mar 27 2021 00:00:00 GMT+0700 (Indochina Time),$19904
Thu Apr 01 2021 00:00:00 GMT+0700 (Indochina Time),$19906
Fri Apr 02 2021 00:00:00 GMT+0700 (Indochina Time),$19802
Wed Apr 07 2021 00:00:00 GMT+0700 (Indochina Time),$19839
Thu Apr 08 2021 00:00:00 GMT+0700 (Indochina Time),$19817
Mon Apr 12 2021 00:00:00 GMT+0700 (Indochina Time),$19810
Wed Apr 14 2021 00:00:00 GMT+0700 (Indochina Time),$19813
Sat Apr 17 2021 00:00:00 GMT+0700 (Indochina Time),$19995
Tue Apr 20 2021 00:00:00 GMT+0700 (Indochina Time),$20015
Sat Apr 24 2021 00:00:00 GMT+0700 (Indochina Time),$20110
Mon Apr 26 2021 00:00:00 GMT+0700 (Indochina Time),$20117
Sat May 01 2021 00:00:00 GMT+0700 (Indochina Time),$20203
Mon May 03 2021 00:00:00 GMT+0700 (Indochina Time),$20349
Wed May 05 2021 00:00:00 GMT+0700 (Indochina Time),$20387
Sun May 09 2021 00:00:00 GMT+0700 (Indochina Time),$20621
Tue May 11 2021 00:00:00 GMT+0700 (Indochina Time),$20636
Fri May 14 2021 00:00:00 GMT+0700 (Indochina Time),$20874
Wed May 19 2021 00:00:00 GMT+0700 (Indochina Time),$20957
Sat May 22 2021 00:00:00 GMT+0700 (Indochina Time),$21031
Tue May 25 2021 00:00:00 GMT+0700 (Indochina Time),$21176
Wed May 26 2021 00:00:00 GMT+0700 (Indochina Time),$21123
Sun May 30 2021 00:00:00 GMT+0700 (Indochina Time),$21253
Wed Jun 02 2021 00:00:00 GMT+0700 (Indochina Time),$21318
Sun Jun 06 2021 00:00:00 GMT+0700 (Indochina Time),$21355
Thu Jun 10 2021 00:00:00 GMT+0700 (Indochina Time),$21518
Sat Jun 12 2021 00:00:00 GMT+0700 (Indochina Time),$21575
Mon Jun 14 2021 00:00:00 GMT+0700 (Indochina Time),$21611
Fri Jun 18 2021 00:00:00 GMT+0700 (Indochina Time),$21664
Sun Jun 20 2021 00:00:00 GMT+0700 (Indochina Time),$21671
Wed Jun 23 2021 00:00:00 GMT+0700 (Indochina Time),$21633
Sun Jun 27 2021 00:00:00 GMT+0700 (Indochina Time),$21703
Tue Jun 29 2021 00:00:00 GMT+0700 (Indochina Time),$21593
Fri Jul 02 2021 00:00:00 GMT+0700 (Indochina Time),$21617
Mon Jul 05 2021 00:00:00 GMT+0700 (Indochina Time),$21547
Thu Jul 08 2021 00:00:00 GMT+0700 (Indochina Time),$21552
Sun Jul 11 2021 00:00:00 GMT+0700 (Indochina Time),$21497
Thu Jul 15 2021 00:00:00 GMT+0700 (Indochina Time),$21560
Mon Jul 19 2021 00:00:00 GMT+0700 (Indochina Time),$21532
Tue Jul 20 2021 00:00:00 GMT+0700 (Indochina Time),$21570
Sat Jul 24 2021 00:00:00 GMT+0700 (Indochina Time),$21480
Tue Jul 27 2021 00:00:00 GMT+0700 (Indochina Time),$21543
Sat Jul 31 2021 00:00:00 GMT+0700 (Indochina Time),$21457
Sun Aug 01 2021 00:00:00 GMT+0700 (Indochina Time),$21546
Thu Aug 05 2021 00:00:00 GMT+0700 (Indochina Time),$21533
Sun Aug 08 2021 00:00:00 GMT+0700 (Indochina Time),$21562
Wed Aug 11 2021 00:00:00 GMT+0700 (Indochina Time),$21588
Sun Aug 15 2021 00:00:00 GMT+0700 (Indochina Time),$21591
Wed Aug 18 2021 00:00:00 GMT+0700 (Indochina Time),$21640
Thu Aug 19 2021 00:00:00 GMT+0700 (Indochina Time),$21575
Mon Aug 23 2021 00:00:00 GMT+0700 (Indochina Time),$21621
Thu Aug 26 2021 00:00:00 GMT+0700 (Indochina Time),$21584
Mon Aug 30 2021 00:00:00 GMT+0700 (Indochina Time),$21591
Wed Sep 01 2021 00:00:00 GMT+0700 (Indochina Time),$21644
Sat Sep 04 2021 00:00:00 GMT+0700 (Indochina Time),$21650
Tue Sep 07 2021 00:00:00 GMT+0700 (Indochina Time),$21564
Fri Sep 10 2021 00:00:00 GMT+0700 (Indochina Time),$21602
Sun Sep 12 2021 00:00:00 GMT+0700 (Indochina Time),$21589
Thu Sep 16 2021 00:00:00 GMT+0700 (Indochina Time),$21600
Mon Sep 20 2021 00:00:00 GMT+0700 (Indochina Time),$21697
Thu Sep 23 2021 00:00:00 GMT+0700 (Indochina Time),$21665
Fri Sep 24 2021 00:00:00 GMT+0700 (Indochina Time),$21729
Tue Sep 28 2021 00:00:00 GMT+0700 (Indochina Time),$21750
Sat Oct 02 2021 00:00:00 GMT+0700 (Indochina Time),$21731
Tue Oct 05 2021 00:00:00 GMT+0700 (Indochina Time),$21825
Fri Oct 08 2021 00:00:00 GMT+0700 (Indochina Time),$21850
Mon Oct 11 2021 00:00:00 GMT+0700 (Indochina Time),$21800
Wed Oct 13 2021 00:00:00 GMT+0700 (Indochina Time),$21819
Fri Oct 15 2021 00:00:00 GMT+0700 (Indochina Time),$21884
Tue Oct 19 2021 00:00:00 GMT+0700 (Indochina Time),$21940
Sat Oct 23 2021 00:00:00 GMT+0700 (Indochina Time),$21884
Tue Oct 26 2021 00:00:00 GMT+0700 (Indochina Time),$21920
Thu Oct 28 2021 00:00:00 GMT+0700 (Indochina Time),$21897
Sat Oct 30 2021 00:00:00 GMT+0700 (Indochina Time),$21958
Wed Nov 03 2021 00:00:00 GMT+0700 (Indochina Time),$21971
Sat Nov 06 2021 00:00:00 GMT+0700 (Indochina Time),$21994
Tue Nov 09 2021 00:00:00 GMT+0700 (Indochina Time),$22115
Sat Nov 13 2021 00:00:00 GMT+0700 (Indochina Time),$22145
Sun Nov 14 2021 00:00:00 GMT+0700 (Indochina Time),$22253
Wed Nov 17 2021 00:00:00 GMT+0700 (Indochina Time),$22264
Mon Nov 22 2021 00:00:00 GMT+0700 (Indochina Time),$22431
Tue Nov 23 2021 00:00:00 GMT+0700 (Indochina Time),$22406
Sat Nov 27 2021 00:00:00 GMT+0700 (Indochina Time),$22516
Mon Nov 29 2021 00:00:00 GMT+0700 (Indochina Time),$22545
Fri Dec 03 2021 00:00:00 GMT+0700 (Indochina Time),$22549
Sun Dec 05 2021 00:00:00 GMT+0700 (Indochina Time),$22608
Thu Dec 09 2021 00:00:00 GMT+0700 (Indochina Time),$22677
Sat Dec 11 2021 00:00:00 GMT+0700 (Indochina Time),$22682
Thu Dec 16 2021 00:00:00 GMT+0700 (Indochina Time),$22774
Sat Dec 18 2021 00:00:00 GMT+0700 (Indochina Time),$22863
Mon Dec 20 2021 00:00:00 GMT+0700 (Indochina Time),$22929
Thu Dec 23 2021 00:00:00 GMT+0700 (Indochina Time),$23040
Sun Dec 26 2021 00:00:00 GMT+0700 (Indochina Time),$23201
Thu Dec 30 2021 00:00:00 GMT+0700 (Indochina Time),$23372
Mon Jan 03 2022 00:00:00 GMT+0700 (Indochina Time),$23635
Wed Jan 05 2022 00:00:00 GMT+0700 (Indochina Time),$23690
Fri Jan 07 2022 00:00:00 GMT+0700 (Indochina Time),$23799
Tue Jan 11 2022 00:00:00 GMT+0700 (Indochina Time),$24181
Sat Jan 15 2022 00:00:00 GMT+0700 (Indochina Time),$24662
Mon Jan 17 2022 00:00:00 GMT+0700 (Indochina Time),$24768
Fri Jan 21 2022 00:00:00 GMT+0700 (Indochina Time),$24880
Mon Jan 24 2022 00:00:00 GMT+0700 (Indochina Time),$25302
Tue Jan 25 2022 00:00:00 GMT+0700 (Indochina Time),$25460
Fri Jan 28 2022 00:00:00 GMT+0700 (Indochina Time),$25509
Mon Jan 31 2022 00:00:00 GMT+0700 (Indochina Time),$25736
Thu Feb 03 2022 00:00:00 GMT+0700 (Indochina Time),$26149
Tue Feb 08 2022 00:00:00 GMT+0700 (Indochina Time),$26518
Fri Feb 11 2022 00:00:00 GMT+0700 (Indochina Time),$27090
Sat Feb 12 2022 00:00:00 GMT+0700 (Indochina Time),$27308
Tue Feb 15 2022 00:00:00 GMT+0700 (Indochina Time),$27462
Fri Feb 18 2022 00:00:00 GMT+0700 (Indochina Time),$27984
Wed Feb 23 2022 00:00:00 GMT+0700 (Indochina Time),$28310
Sat Feb 26 2022 00:00:00 GMT+0700 (Indochina Time),$28461
Mon Feb 28 2022 00:00:00 GMT+0700 (Indochina Time),$28511
Wed Mar 02 2022 00:00:00 GMT+0700 (Indochina Time),$29266
Sun Mar 06 2022 00:00:00 GMT+0700 (Indochina Time),$29303
