Wed Sep 08 2021 00:00:00 GMT+0700 (Indochina Time),$5114
Thu Sep 09 2021 00:00:00 GMT+0700 (Indochina Time),$5103
Fri Sep 10 2021 00:00:00 GMT+0700 (Indochina Time),$5081
Sat Sep 11 2021 00:00:00 GMT+0700 (Indochina Time),$5047
Sun Sep 12 2021 00:00:00 GMT+0700 (Indochina Time),$5034
Mon Sep 13 2021 00:00:00 GMT+0700 (Indochina Time),$5036
Tue Sep 14 2021 00:00:00 GMT+0700 (Indochina Time),$5035
Wed Sep 15 2021 00:00:00 GMT+0700 (Indochina Time),$5010
Thu Sep 16 2021 00:00:00 GMT+0700 (Indochina Time),$5017
Fri Sep 17 2021 00:00:00 GMT+0700 (Indochina Time),$4986
Sat Sep 18 2021 00:00:00 GMT+0700 (Indochina Time),$4987
Sun Sep 19 2021 00:00:00 GMT+0700 (Indochina Time),$4987
Mon Sep 20 2021 00:00:00 GMT+0700 (Indochina Time),$4994
Tue Sep 21 2021 00:00:00 GMT+0700 (Indochina Time),$5013
Wed Sep 22 2021 00:00:00 GMT+0700 (Indochina Time),$5019
Thu Sep 23 2021 00:00:00 GMT+0700 (Indochina Time),$5024
Fri Sep 24 2021 00:00:00 GMT+0700 (Indochina Time),$5038
Sat Sep 25 2021 00:00:00 GMT+0700 (Indochina Time),$5035
Sun Sep 26 2021 00:00:00 GMT+0700 (Indochina Time),$5011
Mon Sep 27 2021 00:00:00 GMT+0700 (Indochina Time),$5031
Tue Sep 28 2021 00:00:00 GMT+0700 (Indochina Time),$5038
Wed Sep 29 2021 00:00:00 GMT+0700 (Indochina Time),$5042
Thu Sep 30 2021 00:00:00 GMT+0700 (Indochina Time),$5035
Fri Oct 01 2021 00:00:00 GMT+0700 (Indochina Time),$5034
Sat Oct 02 2021 00:00:00 GMT+0700 (Indochina Time),$5042
Sun Oct 03 2021 00:00:00 GMT+0700 (Indochina Time),$5037
Mon Oct 04 2021 00:00:00 GMT+0700 (Indochina Time),$5048
Tue Oct 05 2021 00:00:00 GMT+0700 (Indochina Time),$5058
Wed Oct 06 2021 00:00:00 GMT+0700 (Indochina Time),$5058
Thu Oct 07 2021 00:00:00 GMT+0700 (Indochina Time),$5033
Fri Oct 08 2021 00:00:00 GMT+0700 (Indochina Time),$5068
Sat Oct 09 2021 00:00:00 GMT+0700 (Indochina Time),$5093
Sun Oct 10 2021 00:00:00 GMT+0700 (Indochina Time),$5077
Mon Oct 11 2021 00:00:00 GMT+0700 (Indochina Time),$5067
Tue Oct 12 2021 00:00:00 GMT+0700 (Indochina Time),$5100
Wed Oct 13 2021 00:00:00 GMT+0700 (Indochina Time),$5075
Thu Oct 14 2021 00:00:00 GMT+0700 (Indochina Time),$5074
Fri Oct 15 2021 00:00:00 GMT+0700 (Indochina Time),$5089
Sat Oct 16 2021 00:00:00 GMT+0700 (Indochina Time),$5121
Sun Oct 17 2021 00:00:00 GMT+0700 (Indochina Time),$5129
Mon Oct 18 2021 00:00:00 GMT+0700 (Indochina Time),$5127
Tue Oct 19 2021 00:00:00 GMT+0700 (Indochina Time),$5114
Wed Oct 20 2021 00:00:00 GMT+0700 (Indochina Time),$5082
Thu Oct 21 2021 00:00:00 GMT+0700 (Indochina Time),$5089
Fri Oct 22 2021 00:00:00 GMT+0700 (Indochina Time),$5097
Sat Oct 23 2021 00:00:00 GMT+0700 (Indochina Time),$5116
Sun Oct 24 2021 00:00:00 GMT+0700 (Indochina Time),$5101
Mon Oct 25 2021 00:00:00 GMT+0700 (Indochina Time),$5113
Tue Oct 26 2021 00:00:00 GMT+0700 (Indochina Time),$5083
Wed Oct 27 2021 00:00:00 GMT+0700 (Indochina Time),$5079
Thu Oct 28 2021 00:00:00 GMT+0700 (Indochina Time),$5075
Fri Oct 29 2021 00:00:00 GMT+0700 (Indochina Time),$5070
Sat Oct 30 2021 00:00:00 GMT+0700 (Indochina Time),$5089
Sun Oct 31 2021 00:00:00 GMT+0700 (Indochina Time),$5090
Mon Nov 01 2021 00:00:00 GMT+0700 (Indochina Time),$5086
Tue Nov 02 2021 00:00:00 GMT+0700 (Indochina Time),$5094
Wed Nov 03 2021 00:00:00 GMT+0700 (Indochina Time),$5088
Thu Nov 04 2021 00:00:00 GMT+0700 (Indochina Time),$5095
Fri Nov 05 2021 00:00:00 GMT+0700 (Indochina Time),$5086
Sat Nov 06 2021 00:00:00 GMT+0700 (Indochina Time),$5081
Sun Nov 07 2021 00:00:00 GMT+0700 (Indochina Time),$5069
Mon Nov 08 2021 00:00:00 GMT+0700 (Indochina Time),$5060
Tue Nov 09 2021 00:00:00 GMT+0700 (Indochina Time),$5067
Wed Nov 10 2021 00:00:00 GMT+0700 (Indochina Time),$5074
Thu Nov 11 2021 00:00:00 GMT+0700 (Indochina Time),$5074
Fri Nov 12 2021 00:00:00 GMT+0700 (Indochina Time),$5052
Sat Nov 13 2021 00:00:00 GMT+0700 (Indochina Time),$5076
Sun Nov 14 2021 00:00:00 GMT+0700 (Indochina Time),$5071
Mon Nov 15 2021 00:00:00 GMT+0700 (Indochina Time),$5051
Tue Nov 16 2021 00:00:00 GMT+0700 (Indochina Time),$5027
Wed Nov 17 2021 00:00:00 GMT+0700 (Indochina Time),$5000
Thu Nov 18 2021 00:00:00 GMT+0700 (Indochina Time),$5007
Fri Nov 19 2021 00:00:00 GMT+0700 (Indochina Time),$5030
Sat Nov 20 2021 00:00:00 GMT+0700 (Indochina Time),$5053
Sun Nov 21 2021 00:00:00 GMT+0700 (Indochina Time),$5051
Mon Nov 22 2021 00:00:00 GMT+0700 (Indochina Time),$5036
Tue Nov 23 2021 00:00:00 GMT+0700 (Indochina Time),$5021
Wed Nov 24 2021 00:00:00 GMT+0700 (Indochina Time),$5030
Thu Nov 25 2021 00:00:00 GMT+0700 (Indochina Time),$5029
Fri Nov 26 2021 00:00:00 GMT+0700 (Indochina Time),$5074
Sat Nov 27 2021 00:00:00 GMT+0700 (Indochina Time),$5087
Sun Nov 28 2021 00:00:00 GMT+0700 (Indochina Time),$5087
Mon Nov 29 2021 00:00:00 GMT+0700 (Indochina Time),$5087
Tue Nov 30 2021 00:00:00 GMT+0700 (Indochina Time),$5081
Wed Dec 01 2021 00:00:00 GMT+0700 (Indochina Time),$5102
Thu Dec 02 2021 00:00:00 GMT+0700 (Indochina Time),$5112
Fri Dec 03 2021 00:00:00 GMT+0700 (Indochina Time),$5138
Sat Dec 04 2021 00:00:00 GMT+0700 (Indochina Time),$5135
Sun Dec 05 2021 00:00:00 GMT+0700 (Indochina Time),$5144
Mon Dec 06 2021 00:00:00 GMT+0700 (Indochina Time),$5138
Tue Dec 07 2021 00:00:00 GMT+0700 (Indochina Time),$5113
Wed Dec 08 2021 00:00:00 GMT+0700 (Indochina Time),$5120
Thu Dec 09 2021 00:00:00 GMT+0700 (Indochina Time),$5138
Fri Dec 10 2021 00:00:00 GMT+0700 (Indochina Time),$5152
Sat Dec 11 2021 00:00:00 GMT+0700 (Indochina Time),$5160
Sun Dec 12 2021 00:00:00 GMT+0700 (Indochina Time),$5148
Mon Dec 13 2021 00:00:00 GMT+0700 (Indochina Time),$5153
Tue Dec 14 2021 00:00:00 GMT+0700 (Indochina Time),$5156
Wed Dec 15 2021 00:00:00 GMT+0700 (Indochina Time),$5162
Thu Dec 16 2021 00:00:00 GMT+0700 (Indochina Time),$5166
Fri Dec 17 2021 00:00:00 GMT+0700 (Indochina Time),$5180
Sat Dec 18 2021 00:00:00 GMT+0700 (Indochina Time),$5184
Sun Dec 19 2021 00:00:00 GMT+0700 (Indochina Time),$5221
Mon Dec 20 2021 00:00:00 GMT+0700 (Indochina Time),$5236
Tue Dec 21 2021 00:00:00 GMT+0700 (Indochina Time),$5225
Wed Dec 22 2021 00:00:00 GMT+0700 (Indochina Time),$5201
Thu Dec 23 2021 00:00:00 GMT+0700 (Indochina Time),$5179
Fri Dec 24 2021 00:00:00 GMT+0700 (Indochina Time),$5189
Sat Dec 25 2021 00:00:00 GMT+0700 (Indochina Time),$5191
Sun Dec 26 2021 00:00:00 GMT+0700 (Indochina Time),$5195
Mon Dec 27 2021 00:00:00 GMT+0700 (Indochina Time),$5189
Tue Dec 28 2021 00:00:00 GMT+0700 (Indochina Time),$5196
Wed Dec 29 2021 00:00:00 GMT+0700 (Indochina Time),$5178
Thu Dec 30 2021 00:00:00 GMT+0700 (Indochina Time),$5179
Fri Dec 31 2021 00:00:00 GMT+0700 (Indochina Time),$5179
Sat Jan 01 2022 00:00:00 GMT+0700 (Indochina Time),$5157
Sun Jan 02 2022 00:00:00 GMT+0700 (Indochina Time),$5134
Mon Jan 03 2022 00:00:00 GMT+0700 (Indochina Time),$5149
Tue Jan 04 2022 00:00:00 GMT+0700 (Indochina Time),$5149
Wed Jan 05 2022 00:00:00 GMT+0700 (Indochina Time),$5157
Thu Jan 06 2022 00:00:00 GMT+0700 (Indochina Time),$5176
Fri Jan 07 2022 00:00:00 GMT+0700 (Indochina Time),$5171
Sat Jan 08 2022 00:00:00 GMT+0700 (Indochina Time),$5146
Sun Jan 09 2022 00:00:00 GMT+0700 (Indochina Time),$5120
Mon Jan 10 2022 00:00:00 GMT+0700 (Indochina Time),$5119
Tue Jan 11 2022 00:00:00 GMT+0700 (Indochina Time),$5143
Wed Jan 12 2022 00:00:00 GMT+0700 (Indochina Time),$5146
Thu Jan 13 2022 00:00:00 GMT+0700 (Indochina Time),$5151
Fri Jan 14 2022 00:00:00 GMT+0700 (Indochina Time),$5146
Sat Jan 15 2022 00:00:00 GMT+0700 (Indochina Time),$5137
Sun Jan 16 2022 00:00:00 GMT+0700 (Indochina Time),$5122
Mon Jan 17 2022 00:00:00 GMT+0700 (Indochina Time),$5134
Tue Jan 18 2022 00:00:00 GMT+0700 (Indochina Time),$5117
Wed Jan 19 2022 00:00:00 GMT+0700 (Indochina Time),$5117
Thu Jan 20 2022 00:00:00 GMT+0700 (Indochina Time),$5117
Fri Jan 21 2022 00:00:00 GMT+0700 (Indochina Time),$5099
Sat Jan 22 2022 00:00:00 GMT+0700 (Indochina Time),$5099
Sun Jan 23 2022 00:00:00 GMT+0700 (Indochina Time),$5101
Mon Jan 24 2022 00:00:00 GMT+0700 (Indochina Time),$5114
Tue Jan 25 2022 00:00:00 GMT+0700 (Indochina Time),$5114
Wed Jan 26 2022 00:00:00 GMT+0700 (Indochina Time),$5144
Thu Jan 27 2022 00:00:00 GMT+0700 (Indochina Time),$5140
Fri Jan 28 2022 00:00:00 GMT+0700 (Indochina Time),$5140
Sat Jan 29 2022 00:00:00 GMT+0700 (Indochina Time),$5145
Sun Jan 30 2022 00:00:00 GMT+0700 (Indochina Time),$5147
Mon Jan 31 2022 00:00:00 GMT+0700 (Indochina Time),$5176
Tue Feb 01 2022 00:00:00 GMT+0700 (Indochina Time),$5180
Wed Feb 02 2022 00:00:00 GMT+0700 (Indochina Time),$5218
Thu Feb 03 2022 00:00:00 GMT+0700 (Indochina Time),$5191
Fri Feb 04 2022 00:00:00 GMT+0700 (Indochina Time),$5192
Sat Feb 05 2022 00:00:00 GMT+0700 (Indochina Time),$5208
Sun Feb 06 2022 00:00:00 GMT+0700 (Indochina Time),$5208
Mon Feb 07 2022 00:00:00 GMT+0700 (Indochina Time),$5208
Tue Feb 08 2022 00:00:00 GMT+0700 (Indochina Time),$5198
Wed Feb 09 2022 00:00:00 GMT+0700 (Indochina Time),$5198
Thu Feb 10 2022 00:00:00 GMT+0700 (Indochina Time),$5195
Fri Feb 11 2022 00:00:00 GMT+0700 (Indochina Time),$5194
Sat Feb 12 2022 00:00:00 GMT+0700 (Indochina Time),$5188
Sun Feb 13 2022 00:00:00 GMT+0700 (Indochina Time),$5188
Mon Feb 14 2022 00:00:00 GMT+0700 (Indochina Time),$5188
Tue Feb 15 2022 00:00:00 GMT+0700 (Indochina Time),$5200
Wed Feb 16 2022 00:00:00 GMT+0700 (Indochina Time),$5201
Thu Feb 17 2022 00:00:00 GMT+0700 (Indochina Time),$5198
Fri Feb 18 2022 00:00:00 GMT+0700 (Indochina Time),$5192
Sat Feb 19 2022 00:00:00 GMT+0700 (Indochina Time),$5179
Sun Feb 20 2022 00:00:00 GMT+0700 (Indochina Time),$5163
Mon Feb 21 2022 00:00:00 GMT+0700 (Indochina Time),$5163
Tue Feb 22 2022 00:00:00 GMT+0700 (Indochina Time),$5164
Wed Feb 23 2022 00:00:00 GMT+0700 (Indochina Time),$5169
Thu Feb 24 2022 00:00:00 GMT+0700 (Indochina Time),$5162
Fri Feb 25 2022 00:00:00 GMT+0700 (Indochina Time),$5157
Sat Feb 26 2022 00:00:00 GMT+0700 (Indochina Time),$5164
Sun Feb 27 2022 00:00:00 GMT+0700 (Indochina Time),$5154
Mon Feb 28 2022 00:00:00 GMT+0700 (Indochina Time),$5155
Tue Mar 01 2022 00:00:00 GMT+0700 (Indochina Time),$5165
Wed Mar 02 2022 00:00:00 GMT+0700 (Indochina Time),$5170
Thu Mar 03 2022 00:00:00 GMT+0700 (Indochina Time),$5156
Fri Mar 04 2022 00:00:00 GMT+0700 (Indochina Time),$5151
Sat Mar 05 2022 00:00:00 GMT+0700 (Indochina Time),$5133
Sun Mar 06 2022 00:00:00 GMT+0700 (Indochina Time),$5113
