Fri Mar 08 2019 00:00:00 GMT+0700 (Indochina Time),$3158
Mon Mar 11 2019 00:00:00 GMT+0700 (Indochina Time),$3158
Tue Mar 12 2019 00:00:00 GMT+0700 (Indochina Time),$3177
Fri Mar 15 2019 00:00:00 GMT+0700 (Indochina Time),$3186
Wed Mar 20 2019 00:00:00 GMT+0700 (Indochina Time),$3188
Fri Mar 22 2019 00:00:00 GMT+0700 (Indochina Time),$3209
Tue Mar 26 2019 00:00:00 GMT+0700 (Indochina Time),$3209
Fri Mar 29 2019 00:00:00 GMT+0700 (Indochina Time),$3268
Sat Mar 30 2019 00:00:00 GMT+0700 (Indochina Time),$3278
Thu Apr 04 2019 00:00:00 GMT+0700 (Indochina Time),$3278
Fri Apr 05 2019 00:00:00 GMT+0700 (Indochina Time),$3288
Mon Apr 08 2019 00:00:00 GMT+0700 (Indochina Time),$3312
Thu Apr 11 2019 00:00:00 GMT+0700 (Indochina Time),$3298
Tue Apr 16 2019 00:00:00 GMT+0700 (Indochina Time),$3293
Thu Apr 18 2019 00:00:00 GMT+0700 (Indochina Time),$3266
Sat Apr 20 2019 00:00:00 GMT+0700 (Indochina Time),$3266
Tue Apr 23 2019 00:00:00 GMT+0700 (Indochina Time),$3291
Sat Apr 27 2019 00:00:00 GMT+0700 (Indochina Time),$3291
Mon Apr 29 2019 00:00:00 GMT+0700 (Indochina Time),$3345
Thu May 02 2019 00:00:00 GMT+0700 (Indochina Time),$3345
Tue May 07 2019 00:00:00 GMT+0700 (Indochina Time),$3375
Wed May 08 2019 00:00:00 GMT+0700 (Indochina Time),$3400
Sat May 11 2019 00:00:00 GMT+0700 (Indochina Time),$3400
Thu May 16 2019 00:00:00 GMT+0700 (Indochina Time),$3400
Sat May 18 2019 00:00:00 GMT+0700 (Indochina Time),$3422
Wed May 22 2019 00:00:00 GMT+0700 (Indochina Time),$3422
Fri May 24 2019 00:00:00 GMT+0700 (Indochina Time),$3440
Mon May 27 2019 00:00:00 GMT+0700 (Indochina Time),$3440
Wed May 29 2019 00:00:00 GMT+0700 (Indochina Time),$3438
Sat Jun 01 2019 00:00:00 GMT+0700 (Indochina Time),$3453
Wed Jun 05 2019 00:00:00 GMT+0700 (Indochina Time),$3453
Fri Jun 07 2019 00:00:00 GMT+0700 (Indochina Time),$3447
Wed Jun 12 2019 00:00:00 GMT+0700 (Indochina Time),$3446
Thu Jun 13 2019 00:00:00 GMT+0700 (Indochina Time),$3464
Tue Jun 18 2019 00:00:00 GMT+0700 (Indochina Time),$3458
Wed Jun 19 2019 00:00:00 GMT+0700 (Indochina Time),$3466
Sun Jun 23 2019 00:00:00 GMT+0700 (Indochina Time),$3466
Wed Jun 26 2019 00:00:00 GMT+0700 (Indochina Time),$3451
Fri Jun 28 2019 00:00:00 GMT+0700 (Indochina Time),$3479
Wed Jul 03 2019 00:00:00 GMT+0700 (Indochina Time),$3480
Sat Jul 06 2019 00:00:00 GMT+0700 (Indochina Time),$3492
Tue Jul 09 2019 00:00:00 GMT+0700 (Indochina Time),$3476
Fri Jul 12 2019 00:00:00 GMT+0700 (Indochina Time),$3523
Sat Jul 13 2019 00:00:00 GMT+0700 (Indochina Time),$3523
Tue Jul 16 2019 00:00:00 GMT+0700 (Indochina Time),$3507
Sun Jul 21 2019 00:00:00 GMT+0700 (Indochina Time),$3513
Tue Jul 23 2019 00:00:00 GMT+0700 (Indochina Time),$3507
Sat Jul 27 2019 00:00:00 GMT+0700 (Indochina Time),$3511
Tue Jul 30 2019 00:00:00 GMT+0700 (Indochina Time),$3565
Thu Aug 01 2019 00:00:00 GMT+0700 (Indochina Time),$3542
Sun Aug 04 2019 00:00:00 GMT+0700 (Indochina Time),$3549
Thu Aug 08 2019 00:00:00 GMT+0700 (Indochina Time),$3535
Fri Aug 09 2019 00:00:00 GMT+0700 (Indochina Time),$3564
Tue Aug 13 2019 00:00:00 GMT+0700 (Indochina Time),$3587
Sat Aug 17 2019 00:00:00 GMT+0700 (Indochina Time),$3544
Tue Aug 20 2019 00:00:00 GMT+0700 (Indochina Time),$3557
Fri Aug 23 2019 00:00:00 GMT+0700 (Indochina Time),$3475
Sat Aug 24 2019 00:00:00 GMT+0700 (Indochina Time),$3481
Wed Aug 28 2019 00:00:00 GMT+0700 (Indochina Time),$3477
Sun Sep 01 2019 00:00:00 GMT+0700 (Indochina Time),$3477
Tue Sep 03 2019 00:00:00 GMT+0700 (Indochina Time),$3477
Thu Sep 05 2019 00:00:00 GMT+0700 (Indochina Time),$3459
Mon Sep 09 2019 00:00:00 GMT+0700 (Indochina Time),$3451
Thu Sep 12 2019 00:00:00 GMT+0700 (Indochina Time),$3451
Sun Sep 15 2019 00:00:00 GMT+0700 (Indochina Time),$3461
Thu Sep 19 2019 00:00:00 GMT+0700 (Indochina Time),$3461
Fri Sep 20 2019 00:00:00 GMT+0700 (Indochina Time),$3463
Wed Sep 25 2019 00:00:00 GMT+0700 (Indochina Time),$3463
Sat Sep 28 2019 00:00:00 GMT+0700 (Indochina Time),$3463
Tue Oct 01 2019 00:00:00 GMT+0700 (Indochina Time),$3493
Wed Oct 02 2019 00:00:00 GMT+0700 (Indochina Time),$3482
Sat Oct 05 2019 00:00:00 GMT+0700 (Indochina Time),$3477
Thu Oct 10 2019 00:00:00 GMT+0700 (Indochina Time),$3477
Sat Oct 12 2019 00:00:00 GMT+0700 (Indochina Time),$3478
Tue Oct 15 2019 00:00:00 GMT+0700 (Indochina Time),$3463
Thu Oct 17 2019 00:00:00 GMT+0700 (Indochina Time),$3463
Tue Oct 22 2019 00:00:00 GMT+0700 (Indochina Time),$3463
Thu Oct 24 2019 00:00:00 GMT+0700 (Indochina Time),$3463
Sat Oct 26 2019 00:00:00 GMT+0700 (Indochina Time),$3434
Thu Oct 31 2019 00:00:00 GMT+0700 (Indochina Time),$3434
Sun Nov 03 2019 00:00:00 GMT+0700 (Indochina Time),$3486
Mon Nov 04 2019 00:00:00 GMT+0700 (Indochina Time),$3471
Sat Nov 09 2019 00:00:00 GMT+0700 (Indochina Time),$3471
Sun Nov 10 2019 00:00:00 GMT+0700 (Indochina Time),$3529
Fri Nov 15 2019 00:00:00 GMT+0700 (Indochina Time),$3565
Mon Nov 18 2019 00:00:00 GMT+0700 (Indochina Time),$3547
Wed Nov 20 2019 00:00:00 GMT+0700 (Indochina Time),$3573
Sat Nov 23 2019 00:00:00 GMT+0700 (Indochina Time),$3570
Mon Nov 25 2019 00:00:00 GMT+0700 (Indochina Time),$3578
Sat Nov 30 2019 00:00:00 GMT+0700 (Indochina Time),$3575
Tue Dec 03 2019 00:00:00 GMT+0700 (Indochina Time),$3582
Thu Dec 05 2019 00:00:00 GMT+0700 (Indochina Time),$3601
Tue Dec 10 2019 00:00:00 GMT+0700 (Indochina Time),$3602
Fri Dec 13 2019 00:00:00 GMT+0700 (Indochina Time),$3569
Sat Dec 14 2019 00:00:00 GMT+0700 (Indochina Time),$3593
Wed Dec 18 2019 00:00:00 GMT+0700 (Indochina Time),$3599
Sat Dec 21 2019 00:00:00 GMT+0700 (Indochina Time),$3599
Wed Dec 25 2019 00:00:00 GMT+0700 (Indochina Time),$3594
Fri Dec 27 2019 00:00:00 GMT+0700 (Indochina Time),$3608
Sun Dec 29 2019 00:00:00 GMT+0700 (Indochina Time),$3568
Thu Jan 02 2020 00:00:00 GMT+0700 (Indochina Time),$3547
Sat Jan 04 2020 00:00:00 GMT+0700 (Indochina Time),$3562
Tue Jan 07 2020 00:00:00 GMT+0700 (Indochina Time),$3562
Sat Jan 11 2020 00:00:00 GMT+0700 (Indochina Time),$3578
Mon Jan 13 2020 00:00:00 GMT+0700 (Indochina Time),$3636
Sat Jan 18 2020 00:00:00 GMT+0700 (Indochina Time),$3635
Tue Jan 21 2020 00:00:00 GMT+0700 (Indochina Time),$3617
Fri Jan 24 2020 00:00:00 GMT+0700 (Indochina Time),$3698
Mon Jan 27 2020 00:00:00 GMT+0700 (Indochina Time),$3698
Wed Jan 29 2020 00:00:00 GMT+0700 (Indochina Time),$3685
Sat Feb 01 2020 00:00:00 GMT+0700 (Indochina Time),$3684
Wed Feb 05 2020 00:00:00 GMT+0700 (Indochina Time),$3699
Fri Feb 07 2020 00:00:00 GMT+0700 (Indochina Time),$3733
Tue Feb 11 2020 00:00:00 GMT+0700 (Indochina Time),$3711
Fri Feb 14 2020 00:00:00 GMT+0700 (Indochina Time),$3760
Sat Feb 15 2020 00:00:00 GMT+0700 (Indochina Time),$3716
Tue Feb 18 2020 00:00:00 GMT+0700 (Indochina Time),$3702
Sun Feb 23 2020 00:00:00 GMT+0700 (Indochina Time),$3727
Tue Feb 25 2020 00:00:00 GMT+0700 (Indochina Time),$3811
Thu Feb 27 2020 00:00:00 GMT+0700 (Indochina Time),$3793
Tue Mar 03 2020 00:00:00 GMT+0700 (Indochina Time),$3799
Wed Mar 04 2020 00:00:00 GMT+0700 (Indochina Time),$3778
Sat Mar 07 2020 00:00:00 GMT+0700 (Indochina Time),$3756
Tue Mar 10 2020 00:00:00 GMT+0700 (Indochina Time),$3769
Fri Mar 13 2020 00:00:00 GMT+0700 (Indochina Time),$3725
Tue Mar 17 2020 00:00:00 GMT+0700 (Indochina Time),$3723
Fri Mar 20 2020 00:00:00 GMT+0700 (Indochina Time),$3702
Sun Mar 22 2020 00:00:00 GMT+0700 (Indochina Time),$3690
Fri Mar 27 2020 00:00:00 GMT+0700 (Indochina Time),$3675
Mon Mar 30 2020 00:00:00 GMT+0700 (Indochina Time),$3696
Tue Mar 31 2020 00:00:00 GMT+0700 (Indochina Time),$3750
Fri Apr 03 2020 00:00:00 GMT+0700 (Indochina Time),$3728
Wed Apr 08 2020 00:00:00 GMT+0700 (Indochina Time),$3723
Fri Apr 10 2020 00:00:00 GMT+0700 (Indochina Time),$3683
Sun Apr 12 2020 00:00:00 GMT+0700 (Indochina Time),$3683
Fri Apr 17 2020 00:00:00 GMT+0700 (Indochina Time),$3683
Sun Apr 19 2020 00:00:00 GMT+0700 (Indochina Time),$3683
Tue Apr 21 2020 00:00:00 GMT+0700 (Indochina Time),$3643
Sun Apr 26 2020 00:00:00 GMT+0700 (Indochina Time),$3643
Mon Apr 27 2020 00:00:00 GMT+0700 (Indochina Time),$3599
Thu Apr 30 2020 00:00:00 GMT+0700 (Indochina Time),$3629
Mon May 04 2020 00:00:00 GMT+0700 (Indochina Time),$3628
Thu May 07 2020 00:00:00 GMT+0700 (Indochina Time),$3632
Sat May 09 2020 00:00:00 GMT+0700 (Indochina Time),$3678
Wed May 13 2020 00:00:00 GMT+0700 (Indochina Time),$3693
Sat May 16 2020 00:00:00 GMT+0700 (Indochina Time),$3693
Wed May 20 2020 00:00:00 GMT+0700 (Indochina Time),$3663
Thu May 21 2020 00:00:00 GMT+0700 (Indochina Time),$3609
Tue May 26 2020 00:00:00 GMT+0700 (Indochina Time),$3609
Wed May 27 2020 00:00:00 GMT+0700 (Indochina Time),$3599
Sat May 30 2020 00:00:00 GMT+0700 (Indochina Time),$3605
Tue Jun 02 2020 00:00:00 GMT+0700 (Indochina Time),$3623
Sat Jun 06 2020 00:00:00 GMT+0700 (Indochina Time),$3659
Wed Jun 10 2020 00:00:00 GMT+0700 (Indochina Time),$3732
Sat Jun 13 2020 00:00:00 GMT+0700 (Indochina Time),$3724
Tue Jun 16 2020 00:00:00 GMT+0700 (Indochina Time),$3806
Fri Jun 19 2020 00:00:00 GMT+0700 (Indochina Time),$3848
Sat Jun 20 2020 00:00:00 GMT+0700 (Indochina Time),$3768
Wed Jun 24 2020 00:00:00 GMT+0700 (Indochina Time),$3848
Sat Jun 27 2020 00:00:00 GMT+0700 (Indochina Time),$3858
Wed Jul 01 2020 00:00:00 GMT+0700 (Indochina Time),$3915
Fri Jul 03 2020 00:00:00 GMT+0700 (Indochina Time),$3894
Mon Jul 06 2020 00:00:00 GMT+0700 (Indochina Time),$3894
Fri Jul 10 2020 00:00:00 GMT+0700 (Indochina Time),$3884
Sat Jul 11 2020 00:00:00 GMT+0700 (Indochina Time),$3834
Tue Jul 14 2020 00:00:00 GMT+0700 (Indochina Time),$3852
Sun Jul 19 2020 00:00:00 GMT+0700 (Indochina Time),$3840
Wed Jul 22 2020 00:00:00 GMT+0700 (Indochina Time),$3823
Fri Jul 24 2020 00:00:00 GMT+0700 (Indochina Time),$3898
Tue Jul 28 2020 00:00:00 GMT+0700 (Indochina Time),$3898
Thu Jul 30 2020 00:00:00 GMT+0700 (Indochina Time),$3898
Sat Aug 01 2020 00:00:00 GMT+0700 (Indochina Time),$3921
Thu Aug 06 2020 00:00:00 GMT+0700 (Indochina Time),$3923
Fri Aug 07 2020 00:00:00 GMT+0700 (Indochina Time),$3916
Wed Aug 12 2020 00:00:00 GMT+0700 (Indochina Time),$3916
Fri Aug 14 2020 00:00:00 GMT+0700 (Indochina Time),$3916
Mon Aug 17 2020 00:00:00 GMT+0700 (Indochina Time),$3843
Thu Aug 20 2020 00:00:00 GMT+0700 (Indochina Time),$3865
Sun Aug 23 2020 00:00:00 GMT+0700 (Indochina Time),$3846
Thu Aug 27 2020 00:00:00 GMT+0700 (Indochina Time),$3846
Sun Aug 30 2020 00:00:00 GMT+0700 (Indochina Time),$3852
Mon Aug 31 2020 00:00:00 GMT+0700 (Indochina Time),$3954
Thu Sep 03 2020 00:00:00 GMT+0700 (Indochina Time),$3982
Tue Sep 08 2020 00:00:00 GMT+0700 (Indochina Time),$3972
Fri Sep 11 2020 00:00:00 GMT+0700 (Indochina Time),$3932
Sun Sep 13 2020 00:00:00 GMT+0700 (Indochina Time),$3947
Fri Sep 18 2020 00:00:00 GMT+0700 (Indochina Time),$3947
Mon Sep 21 2020 00:00:00 GMT+0700 (Indochina Time),$3938
Tue Sep 22 2020 00:00:00 GMT+0700 (Indochina Time),$3970
Sun Sep 27 2020 00:00:00 GMT+0700 (Indochina Time),$3983
Tue Sep 29 2020 00:00:00 GMT+0700 (Indochina Time),$3964
Thu Oct 01 2020 00:00:00 GMT+0700 (Indochina Time),$3985
Tue Oct 06 2020 00:00:00 GMT+0700 (Indochina Time),$3985
Fri Oct 09 2020 00:00:00 GMT+0700 (Indochina Time),$4010
Mon Oct 12 2020 00:00:00 GMT+0700 (Indochina Time),$4010
Wed Oct 14 2020 00:00:00 GMT+0700 (Indochina Time),$3992
Sun Oct 18 2020 00:00:00 GMT+0700 (Indochina Time),$3984
Tue Oct 20 2020 00:00:00 GMT+0700 (Indochina Time),$3992
Fri Oct 23 2020 00:00:00 GMT+0700 (Indochina Time),$4055
Sun Oct 25 2020 00:00:00 GMT+0700 (Indochina Time),$4070
Wed Oct 28 2020 00:00:00 GMT+0700 (Indochina Time),$4019
Mon Nov 02 2020 00:00:00 GMT+0700 (Indochina Time),$4029
Tue Nov 03 2020 00:00:00 GMT+0700 (Indochina Time),$4008
Sat Nov 07 2020 00:00:00 GMT+0700 (Indochina Time),$4016
Mon Nov 09 2020 00:00:00 GMT+0700 (Indochina Time),$3983
Sat Nov 14 2020 00:00:00 GMT+0700 (Indochina Time),$3995
Mon Nov 16 2020 00:00:00 GMT+0700 (Indochina Time),$4207
Thu Nov 19 2020 00:00:00 GMT+0700 (Indochina Time),$4207
Sun Nov 22 2020 00:00:00 GMT+0700 (Indochina Time),$4181
Thu Nov 26 2020 00:00:00 GMT+0700 (Indochina Time),$4248
Sun Nov 29 2020 00:00:00 GMT+0700 (Indochina Time),$4255
Tue Dec 01 2020 00:00:00 GMT+0700 (Indochina Time),$4244
Fri Dec 04 2020 00:00:00 GMT+0700 (Indochina Time),$4293
Sun Dec 06 2020 00:00:00 GMT+0700 (Indochina Time),$4285
Thu Dec 10 2020 00:00:00 GMT+0700 (Indochina Time),$4298
Sat Dec 12 2020 00:00:00 GMT+0700 (Indochina Time),$4334
Thu Dec 17 2020 00:00:00 GMT+0700 (Indochina Time),$4402
Sat Dec 19 2020 00:00:00 GMT+0700 (Indochina Time),$4398
Tue Dec 22 2020 00:00:00 GMT+0700 (Indochina Time),$4447
Sat Dec 26 2020 00:00:00 GMT+0700 (Indochina Time),$4454
Mon Dec 28 2020 00:00:00 GMT+0700 (Indochina Time),$4465
Fri Jan 01 2021 00:00:00 GMT+0700 (Indochina Time),$4434
Sat Jan 02 2021 00:00:00 GMT+0700 (Indochina Time),$4432
Thu Jan 07 2021 00:00:00 GMT+0700 (Indochina Time),$4465
Sat Jan 09 2021 00:00:00 GMT+0700 (Indochina Time),$4414
Tue Jan 12 2021 00:00:00 GMT+0700 (Indochina Time),$4438
Sat Jan 16 2021 00:00:00 GMT+0700 (Indochina Time),$4439
Tue Jan 19 2021 00:00:00 GMT+0700 (Indochina Time),$4414
Thu Jan 21 2021 00:00:00 GMT+0700 (Indochina Time),$4473
Sun Jan 24 2021 00:00:00 GMT+0700 (Indochina Time),$4462
Thu Jan 28 2021 00:00:00 GMT+0700 (Indochina Time),$4494
Sat Jan 30 2021 00:00:00 GMT+0700 (Indochina Time),$4542
Wed Feb 03 2021 00:00:00 GMT+0700 (Indochina Time),$4590
Fri Feb 05 2021 00:00:00 GMT+0700 (Indochina Time),$4620
Tue Feb 09 2021 00:00:00 GMT+0700 (Indochina Time),$4735
Thu Feb 11 2021 00:00:00 GMT+0700 (Indochina Time),$4748
Sun Feb 14 2021 00:00:00 GMT+0700 (Indochina Time),$4757
Thu Feb 18 2021 00:00:00 GMT+0700 (Indochina Time),$4751
Sat Feb 20 2021 00:00:00 GMT+0700 (Indochina Time),$4774
Mon Feb 22 2021 00:00:00 GMT+0700 (Indochina Time),$4755
Fri Feb 26 2021 00:00:00 GMT+0700 (Indochina Time),$4770
Tue Mar 02 2021 00:00:00 GMT+0700 (Indochina Time),$4904
Fri Mar 05 2021 00:00:00 GMT+0700 (Indochina Time),$4912
Sun Mar 07 2021 00:00:00 GMT+0700 (Indochina Time),$4955
Tue Mar 09 2021 00:00:00 GMT+0700 (Indochina Time),$4904
Sun Mar 14 2021 00:00:00 GMT+0700 (Indochina Time),$4899
Mon Mar 15 2021 00:00:00 GMT+0700 (Indochina Time),$4949
Fri Mar 19 2021 00:00:00 GMT+0700 (Indochina Time),$5003
Sun Mar 21 2021 00:00:00 GMT+0700 (Indochina Time),$4979
Fri Mar 26 2021 00:00:00 GMT+0700 (Indochina Time),$4971
Mon Mar 29 2021 00:00:00 GMT+0700 (Indochina Time),$5005
Thu Apr 01 2021 00:00:00 GMT+0700 (Indochina Time),$4919
Sun Apr 04 2021 00:00:00 GMT+0700 (Indochina Time),$4937
Tue Apr 06 2021 00:00:00 GMT+0700 (Indochina Time),$4912
Fri Apr 09 2021 00:00:00 GMT+0700 (Indochina Time),$4841
Mon Apr 12 2021 00:00:00 GMT+0700 (Indochina Time),$4921
Thu Apr 15 2021 00:00:00 GMT+0700 (Indochina Time),$4893
Mon Apr 19 2021 00:00:00 GMT+0700 (Indochina Time),$4975
Tue Apr 20 2021 00:00:00 GMT+0700 (Indochina Time),$4966
Sun Apr 25 2021 00:00:00 GMT+0700 (Indochina Time),$5029
Wed Apr 28 2021 00:00:00 GMT+0700 (Indochina Time),$4982
Sat May 01 2021 00:00:00 GMT+0700 (Indochina Time),$4993
Sun May 02 2021 00:00:00 GMT+0700 (Indochina Time),$5018
Wed May 05 2021 00:00:00 GMT+0700 (Indochina Time),$4983
Mon May 10 2021 00:00:00 GMT+0700 (Indochina Time),$5099
Tue May 11 2021 00:00:00 GMT+0700 (Indochina Time),$5058
Sat May 15 2021 00:00:00 GMT+0700 (Indochina Time),$5079
Wed May 19 2021 00:00:00 GMT+0700 (Indochina Time),$5021
Thu May 20 2021 00:00:00 GMT+0700 (Indochina Time),$5001
Sun May 23 2021 00:00:00 GMT+0700 (Indochina Time),$5072
Thu May 27 2021 00:00:00 GMT+0700 (Indochina Time),$5119
Sat May 29 2021 00:00:00 GMT+0700 (Indochina Time),$5108
Tue Jun 01 2021 00:00:00 GMT+0700 (Indochina Time),$5111
Sun Jun 06 2021 00:00:00 GMT+0700 (Indochina Time),$5163
Thu Jun 10 2021 00:00:00 GMT+0700 (Indochina Time),$5171
Sat Jun 12 2021 00:00:00 GMT+0700 (Indochina Time),$5104
Mon Jun 14 2021 00:00:00 GMT+0700 (Indochina Time),$5098
Sat Jun 19 2021 00:00:00 GMT+0700 (Indochina Time),$5167
Mon Jun 21 2021 00:00:00 GMT+0700 (Indochina Time),$5124
Wed Jun 23 2021 00:00:00 GMT+0700 (Indochina Time),$5137
Sat Jun 26 2021 00:00:00 GMT+0700 (Indochina Time),$5106
Thu Jul 01 2021 00:00:00 GMT+0700 (Indochina Time),$5124
Fri Jul 02 2021 00:00:00 GMT+0700 (Indochina Time),$5080
Tue Jul 06 2021 00:00:00 GMT+0700 (Indochina Time),$5096
Thu Jul 08 2021 00:00:00 GMT+0700 (Indochina Time),$5061
Mon Jul 12 2021 00:00:00 GMT+0700 (Indochina Time),$5036
Thu Jul 15 2021 00:00:00 GMT+0700 (Indochina Time),$5080
Sun Jul 18 2021 00:00:00 GMT+0700 (Indochina Time),$5059
Tue Jul 20 2021 00:00:00 GMT+0700 (Indochina Time),$5092
Sun Jul 25 2021 00:00:00 GMT+0700 (Indochina Time),$5011
Wed Jul 28 2021 00:00:00 GMT+0700 (Indochina Time),$5042
Fri Jul 30 2021 00:00:00 GMT+0700 (Indochina Time),$5020
Sun Aug 01 2021 00:00:00 GMT+0700 (Indochina Time),$5054
Fri Aug 06 2021 00:00:00 GMT+0700 (Indochina Time),$5089
Sun Aug 08 2021 00:00:00 GMT+0700 (Indochina Time),$5139
Wed Aug 11 2021 00:00:00 GMT+0700 (Indochina Time),$5166
Sun Aug 15 2021 00:00:00 GMT+0700 (Indochina Time),$5202
Wed Aug 18 2021 00:00:00 GMT+0700 (Indochina Time),$5161
Thu Aug 19 2021 00:00:00 GMT+0700 (Indochina Time),$5178
Tue Aug 24 2021 00:00:00 GMT+0700 (Indochina Time),$5147
Thu Aug 26 2021 00:00:00 GMT+0700 (Indochina Time),$5161
Mon Aug 30 2021 00:00:00 GMT+0700 (Indochina Time),$5125
Thu Sep 02 2021 00:00:00 GMT+0700 (Indochina Time),$5159
Fri Sep 03 2021 00:00:00 GMT+0700 (Indochina Time),$5146
Mon Sep 06 2021 00:00:00 GMT+0700 (Indochina Time),$5153
Sat Sep 11 2021 00:00:00 GMT+0700 (Indochina Time),$5047
Tue Sep 14 2021 00:00:00 GMT+0700 (Indochina Time),$5035
Fri Sep 17 2021 00:00:00 GMT+0700 (Indochina Time),$4986
Sun Sep 19 2021 00:00:00 GMT+0700 (Indochina Time),$4987
Tue Sep 21 2021 00:00:00 GMT+0700 (Indochina Time),$5013
Sun Sep 26 2021 00:00:00 GMT+0700 (Indochina Time),$5011
Tue Sep 28 2021 00:00:00 GMT+0700 (Indochina Time),$5038
Fri Oct 01 2021 00:00:00 GMT+0700 (Indochina Time),$5034
Tue Oct 05 2021 00:00:00 GMT+0700 (Indochina Time),$5058
Thu Oct 07 2021 00:00:00 GMT+0700 (Indochina Time),$5033
Sat Oct 09 2021 00:00:00 GMT+0700 (Indochina Time),$5093
Thu Oct 14 2021 00:00:00 GMT+0700 (Indochina Time),$5074
Sun Oct 17 2021 00:00:00 GMT+0700 (Indochina Time),$5129
Wed Oct 20 2021 00:00:00 GMT+0700 (Indochina Time),$5082
Sat Oct 23 2021 00:00:00 GMT+0700 (Indochina Time),$5116
Mon Oct 25 2021 00:00:00 GMT+0700 (Indochina Time),$5113
Fri Oct 29 2021 00:00:00 GMT+0700 (Indochina Time),$5070
Sat Oct 30 2021 00:00:00 GMT+0700 (Indochina Time),$5089
Thu Nov 04 2021 00:00:00 GMT+0700 (Indochina Time),$5095
Sun Nov 07 2021 00:00:00 GMT+0700 (Indochina Time),$5069
Mon Nov 08 2021 00:00:00 GMT+0700 (Indochina Time),$5060
Sat Nov 13 2021 00:00:00 GMT+0700 (Indochina Time),$5076
Tue Nov 16 2021 00:00:00 GMT+0700 (Indochina Time),$5027
Wed Nov 17 2021 00:00:00 GMT+0700 (Indochina Time),$5000
Sat Nov 20 2021 00:00:00 GMT+0700 (Indochina Time),$5053
Thu Nov 25 2021 00:00:00 GMT+0700 (Indochina Time),$5029
Sat Nov 27 2021 00:00:00 GMT+0700 (Indochina Time),$5087
Tue Nov 30 2021 00:00:00 GMT+0700 (Indochina Time),$5081
Fri Dec 03 2021 00:00:00 GMT+0700 (Indochina Time),$5138
Tue Dec 07 2021 00:00:00 GMT+0700 (Indochina Time),$5113
Fri Dec 10 2021 00:00:00 GMT+0700 (Indochina Time),$5152
Sun Dec 12 2021 00:00:00 GMT+0700 (Indochina Time),$5148
Thu Dec 16 2021 00:00:00 GMT+0700 (Indochina Time),$5166
Sun Dec 19 2021 00:00:00 GMT+0700 (Indochina Time),$5221
Mon Dec 20 2021 00:00:00 GMT+0700 (Indochina Time),$5236
Thu Dec 23 2021 00:00:00 GMT+0700 (Indochina Time),$5179
Tue Dec 28 2021 00:00:00 GMT+0700 (Indochina Time),$5196
Fri Dec 31 2021 00:00:00 GMT+0700 (Indochina Time),$5179
Sun Jan 02 2022 00:00:00 GMT+0700 (Indochina Time),$5134
Thu Jan 06 2022 00:00:00 GMT+0700 (Indochina Time),$5176
Sun Jan 09 2022 00:00:00 GMT+0700 (Indochina Time),$5120
Tue Jan 11 2022 00:00:00 GMT+0700 (Indochina Time),$5143
Thu Jan 13 2022 00:00:00 GMT+0700 (Indochina Time),$5151
Sun Jan 16 2022 00:00:00 GMT+0700 (Indochina Time),$5122
Fri Jan 21 2022 00:00:00 GMT+0700 (Indochina Time),$5099
Sun Jan 23 2022 00:00:00 GMT+0700 (Indochina Time),$5101
Wed Jan 26 2022 00:00:00 GMT+0700 (Indochina Time),$5144
Sun Jan 30 2022 00:00:00 GMT+0700 (Indochina Time),$5147
Wed Feb 02 2022 00:00:00 GMT+0700 (Indochina Time),$5218
Thu Feb 03 2022 00:00:00 GMT+0700 (Indochina Time),$5191
Sun Feb 06 2022 00:00:00 GMT+0700 (Indochina Time),$5208
Thu Feb 10 2022 00:00:00 GMT+0700 (Indochina Time),$5195
Mon Feb 14 2022 00:00:00 GMT+0700 (Indochina Time),$5188
Wed Feb 16 2022 00:00:00 GMT+0700 (Indochina Time),$5201
Sun Feb 20 2022 00:00:00 GMT+0700 (Indochina Time),$5163
Wed Feb 23 2022 00:00:00 GMT+0700 (Indochina Time),$5169
Fri Feb 25 2022 00:00:00 GMT+0700 (Indochina Time),$5157
Tue Mar 01 2022 00:00:00 GMT+0700 (Indochina Time),$5165
Fri Mar 04 2022 00:00:00 GMT+0700 (Indochina Time),$5151
Sun Mar 06 2022 00:00:00 GMT+0700 (Indochina Time),$5113
