Sun Mar 07 2021 00:00:00 GMT+0700 (Indochina Time),$25656
Mon Mar 08 2021 00:00:00 GMT+0700 (Indochina Time),$25656
Tue Mar 09 2021 00:00:00 GMT+0700 (Indochina Time),$25656
Wed Mar 10 2021 00:00:00 GMT+0700 (Indochina Time),$25656
Thu Mar 11 2021 00:00:00 GMT+0700 (Indochina Time),$25656
Fri Mar 12 2021 00:00:00 GMT+0700 (Indochina Time),$25656
Sat Mar 13 2021 00:00:00 GMT+0700 (Indochina Time),$25656
Sun Mar 14 2021 00:00:00 GMT+0700 (Indochina Time),$25656
Mon Mar 15 2021 00:00:00 GMT+0700 (Indochina Time),$25656
Tue Mar 16 2021 00:00:00 GMT+0700 (Indochina Time),$25656
Wed Mar 17 2021 00:00:00 GMT+0700 (Indochina Time),$25735
Thu Mar 18 2021 00:00:00 GMT+0700 (Indochina Time),$25735
Fri Mar 19 2021 00:00:00 GMT+0700 (Indochina Time),$25735
Sat Mar 20 2021 00:00:00 GMT+0700 (Indochina Time),$25735
Sun Mar 21 2021 00:00:00 GMT+0700 (Indochina Time),$25735
Mon Mar 22 2021 00:00:00 GMT+0700 (Indochina Time),$25735
Tue Mar 23 2021 00:00:00 GMT+0700 (Indochina Time),$25735
Wed Mar 24 2021 00:00:00 GMT+0700 (Indochina Time),$25735
Thu Mar 25 2021 00:00:00 GMT+0700 (Indochina Time),$25735
Fri Mar 26 2021 00:00:00 GMT+0700 (Indochina Time),$25735
Sat Mar 27 2021 00:00:00 GMT+0700 (Indochina Time),$25735
Sun Mar 28 2021 00:00:00 GMT+0700 (Indochina Time),$25735
Mon Mar 29 2021 00:00:00 GMT+0700 (Indochina Time),$25735
Tue Mar 30 2021 00:00:00 GMT+0700 (Indochina Time),$25735
Wed Mar 31 2021 00:00:00 GMT+0700 (Indochina Time),$25942
Thu Apr 01 2021 00:00:00 GMT+0700 (Indochina Time),$25942
Fri Apr 02 2021 00:00:00 GMT+0700 (Indochina Time),$25942
Sat Apr 03 2021 00:00:00 GMT+0700 (Indochina Time),$25942
Sun Apr 04 2021 00:00:00 GMT+0700 (Indochina Time),$25942
Mon Apr 05 2021 00:00:00 GMT+0700 (Indochina Time),$25942
Tue Apr 06 2021 00:00:00 GMT+0700 (Indochina Time),$25942
Wed Apr 07 2021 00:00:00 GMT+0700 (Indochina Time),$25942
Thu Apr 08 2021 00:00:00 GMT+0700 (Indochina Time),$25941
Fri Apr 09 2021 00:00:00 GMT+0700 (Indochina Time),$25941
Sat Apr 10 2021 00:00:00 GMT+0700 (Indochina Time),$26176
Sun Apr 11 2021 00:00:00 GMT+0700 (Indochina Time),$26176
Mon Apr 12 2021 00:00:00 GMT+0700 (Indochina Time),$26176
Tue Apr 13 2021 00:00:00 GMT+0700 (Indochina Time),$26176
Wed Apr 14 2021 00:00:00 GMT+0700 (Indochina Time),$26176
Thu Apr 15 2021 00:00:00 GMT+0700 (Indochina Time),$26176
Fri Apr 16 2021 00:00:00 GMT+0700 (Indochina Time),$26176
Sat Apr 17 2021 00:00:00 GMT+0700 (Indochina Time),$26176
Sun Apr 18 2021 00:00:00 GMT+0700 (Indochina Time),$26176
Mon Apr 19 2021 00:00:00 GMT+0700 (Indochina Time),$26176
Tue Apr 20 2021 00:00:00 GMT+0700 (Indochina Time),$26172
Wed Apr 21 2021 00:00:00 GMT+0700 (Indochina Time),$26172
Thu Apr 22 2021 00:00:00 GMT+0700 (Indochina Time),$26172
Fri Apr 23 2021 00:00:00 GMT+0700 (Indochina Time),$26306
Sat Apr 24 2021 00:00:00 GMT+0700 (Indochina Time),$26306
Sun Apr 25 2021 00:00:00 GMT+0700 (Indochina Time),$26306
Mon Apr 26 2021 00:00:00 GMT+0700 (Indochina Time),$26306
Tue Apr 27 2021 00:00:00 GMT+0700 (Indochina Time),$26306
Wed Apr 28 2021 00:00:00 GMT+0700 (Indochina Time),$26409
Thu Apr 29 2021 00:00:00 GMT+0700 (Indochina Time),$26409
Fri Apr 30 2021 00:00:00 GMT+0700 (Indochina Time),$26646
Sat May 01 2021 00:00:00 GMT+0700 (Indochina Time),$26646
Sun May 02 2021 00:00:00 GMT+0700 (Indochina Time),$26646
Mon May 03 2021 00:00:00 GMT+0700 (Indochina Time),$26646
Tue May 04 2021 00:00:00 GMT+0700 (Indochina Time),$26646
Wed May 05 2021 00:00:00 GMT+0700 (Indochina Time),$26646
Thu May 06 2021 00:00:00 GMT+0700 (Indochina Time),$26646
Fri May 07 2021 00:00:00 GMT+0700 (Indochina Time),$26646
Sat May 08 2021 00:00:00 GMT+0700 (Indochina Time),$26646
Sun May 09 2021 00:00:00 GMT+0700 (Indochina Time),$26646
Mon May 10 2021 00:00:00 GMT+0700 (Indochina Time),$26646
Tue May 11 2021 00:00:00 GMT+0700 (Indochina Time),$26646
Wed May 12 2021 00:00:00 GMT+0700 (Indochina Time),$26646
Thu May 13 2021 00:00:00 GMT+0700 (Indochina Time),$26646
Fri May 14 2021 00:00:00 GMT+0700 (Indochina Time),$26646
Sat May 15 2021 00:00:00 GMT+0700 (Indochina Time),$26646
Sun May 16 2021 00:00:00 GMT+0700 (Indochina Time),$26646
Mon May 17 2021 00:00:00 GMT+0700 (Indochina Time),$26646
Tue May 18 2021 00:00:00 GMT+0700 (Indochina Time),$26646
Wed May 19 2021 00:00:00 GMT+0700 (Indochina Time),$26737
Thu May 20 2021 00:00:00 GMT+0700 (Indochina Time),$26737
Fri May 21 2021 00:00:00 GMT+0700 (Indochina Time),$26737
Sat May 22 2021 00:00:00 GMT+0700 (Indochina Time),$26953
Sun May 23 2021 00:00:00 GMT+0700 (Indochina Time),$26953
Mon May 24 2021 00:00:00 GMT+0700 (Indochina Time),$26953
Tue May 25 2021 00:00:00 GMT+0700 (Indochina Time),$26953
Wed May 26 2021 00:00:00 GMT+0700 (Indochina Time),$26953
Thu May 27 2021 00:00:00 GMT+0700 (Indochina Time),$26953
Fri May 28 2021 00:00:00 GMT+0700 (Indochina Time),$27074
Sat May 29 2021 00:00:00 GMT+0700 (Indochina Time),$27423
Sun May 30 2021 00:00:00 GMT+0700 (Indochina Time),$27423
Mon May 31 2021 00:00:00 GMT+0700 (Indochina Time),$27423
Tue Jun 01 2021 00:00:00 GMT+0700 (Indochina Time),$27678
Wed Jun 02 2021 00:00:00 GMT+0700 (Indochina Time),$27678
Thu Jun 03 2021 00:00:00 GMT+0700 (Indochina Time),$28234
Fri Jun 04 2021 00:00:00 GMT+0700 (Indochina Time),$28234
Sat Jun 05 2021 00:00:00 GMT+0700 (Indochina Time),$28234
Sun Jun 06 2021 00:00:00 GMT+0700 (Indochina Time),$28234
Mon Jun 07 2021 00:00:00 GMT+0700 (Indochina Time),$28234
Tue Jun 08 2021 00:00:00 GMT+0700 (Indochina Time),$28234
Wed Jun 09 2021 00:00:00 GMT+0700 (Indochina Time),$28234
Thu Jun 10 2021 00:00:00 GMT+0700 (Indochina Time),$28234
Fri Jun 11 2021 00:00:00 GMT+0700 (Indochina Time),$28636
Sat Jun 12 2021 00:00:00 GMT+0700 (Indochina Time),$28640
Sun Jun 13 2021 00:00:00 GMT+0700 (Indochina Time),$28640
Mon Jun 14 2021 00:00:00 GMT+0700 (Indochina Time),$28640
Tue Jun 15 2021 00:00:00 GMT+0700 (Indochina Time),$28640
Wed Jun 16 2021 00:00:00 GMT+0700 (Indochina Time),$28640
Thu Jun 17 2021 00:00:00 GMT+0700 (Indochina Time),$28640
Fri Jun 18 2021 00:00:00 GMT+0700 (Indochina Time),$28640
Sat Jun 19 2021 00:00:00 GMT+0700 (Indochina Time),$28640
Sun Jun 20 2021 00:00:00 GMT+0700 (Indochina Time),$28640
Mon Jun 21 2021 00:00:00 GMT+0700 (Indochina Time),$28640
Tue Jun 22 2021 00:00:00 GMT+0700 (Indochina Time),$28640
Wed Jun 23 2021 00:00:00 GMT+0700 (Indochina Time),$28640
Thu Jun 24 2021 00:00:00 GMT+0700 (Indochina Time),$28640
Fri Jun 25 2021 00:00:00 GMT+0700 (Indochina Time),$28640
Sat Jun 26 2021 00:00:00 GMT+0700 (Indochina Time),$28574
Sun Jun 27 2021 00:00:00 GMT+0700 (Indochina Time),$28781
Mon Jun 28 2021 00:00:00 GMT+0700 (Indochina Time),$28781
Tue Jun 29 2021 00:00:00 GMT+0700 (Indochina Time),$28781
Wed Jun 30 2021 00:00:00 GMT+0700 (Indochina Time),$28865
Thu Jul 01 2021 00:00:00 GMT+0700 (Indochina Time),$28865
Fri Jul 02 2021 00:00:00 GMT+0700 (Indochina Time),$28865
Sat Jul 03 2021 00:00:00 GMT+0700 (Indochina Time),$28848
Sun Jul 04 2021 00:00:00 GMT+0700 (Indochina Time),$28848
Mon Jul 05 2021 00:00:00 GMT+0700 (Indochina Time),$29014
Tue Jul 06 2021 00:00:00 GMT+0700 (Indochina Time),$29401
Wed Jul 07 2021 00:00:00 GMT+0700 (Indochina Time),$29401
Thu Jul 08 2021 00:00:00 GMT+0700 (Indochina Time),$29401
Fri Jul 09 2021 00:00:00 GMT+0700 (Indochina Time),$29401
Sat Jul 10 2021 00:00:00 GMT+0700 (Indochina Time),$29401
Sun Jul 11 2021 00:00:00 GMT+0700 (Indochina Time),$29401
Mon Jul 12 2021 00:00:00 GMT+0700 (Indochina Time),$29401
Tue Jul 13 2021 00:00:00 GMT+0700 (Indochina Time),$29401
Wed Jul 14 2021 00:00:00 GMT+0700 (Indochina Time),$29492
Thu Jul 15 2021 00:00:00 GMT+0700 (Indochina Time),$29492
Fri Jul 16 2021 00:00:00 GMT+0700 (Indochina Time),$29492
Sat Jul 17 2021 00:00:00 GMT+0700 (Indochina Time),$29463
Sun Jul 18 2021 00:00:00 GMT+0700 (Indochina Time),$29463
Mon Jul 19 2021 00:00:00 GMT+0700 (Indochina Time),$29463
Tue Jul 20 2021 00:00:00 GMT+0700 (Indochina Time),$29463
Wed Jul 21 2021 00:00:00 GMT+0700 (Indochina Time),$29463
Thu Jul 22 2021 00:00:00 GMT+0700 (Indochina Time),$29463
Fri Jul 23 2021 00:00:00 GMT+0700 (Indochina Time),$29222
Sat Jul 24 2021 00:00:00 GMT+0700 (Indochina Time),$29249
Sun Jul 25 2021 00:00:00 GMT+0700 (Indochina Time),$29249
Mon Jul 26 2021 00:00:00 GMT+0700 (Indochina Time),$29249
Tue Jul 27 2021 00:00:00 GMT+0700 (Indochina Time),$29249
Wed Jul 28 2021 00:00:00 GMT+0700 (Indochina Time),$29249
Thu Jul 29 2021 00:00:00 GMT+0700 (Indochina Time),$29249
Fri Jul 30 2021 00:00:00 GMT+0700 (Indochina Time),$29249
Sat Jul 31 2021 00:00:00 GMT+0700 (Indochina Time),$29249
Sun Aug 01 2021 00:00:00 GMT+0700 (Indochina Time),$29249
Mon Aug 02 2021 00:00:00 GMT+0700 (Indochina Time),$29249
Tue Aug 03 2021 00:00:00 GMT+0700 (Indochina Time),$29249
Wed Aug 04 2021 00:00:00 GMT+0700 (Indochina Time),$29249
Thu Aug 05 2021 00:00:00 GMT+0700 (Indochina Time),$29181
Fri Aug 06 2021 00:00:00 GMT+0700 (Indochina Time),$28979
Sat Aug 07 2021 00:00:00 GMT+0700 (Indochina Time),$28979
Sun Aug 08 2021 00:00:00 GMT+0700 (Indochina Time),$28979
Mon Aug 09 2021 00:00:00 GMT+0700 (Indochina Time),$28979
Tue Aug 10 2021 00:00:00 GMT+0700 (Indochina Time),$29159
Wed Aug 11 2021 00:00:00 GMT+0700 (Indochina Time),$29346
Thu Aug 12 2021 00:00:00 GMT+0700 (Indochina Time),$29346
Fri Aug 13 2021 00:00:00 GMT+0700 (Indochina Time),$29346
Sat Aug 14 2021 00:00:00 GMT+0700 (Indochina Time),$29346
Sun Aug 15 2021 00:00:00 GMT+0700 (Indochina Time),$29346
Mon Aug 16 2021 00:00:00 GMT+0700 (Indochina Time),$29346
Tue Aug 17 2021 00:00:00 GMT+0700 (Indochina Time),$29320
Wed Aug 18 2021 00:00:00 GMT+0700 (Indochina Time),$29320
Thu Aug 19 2021 00:00:00 GMT+0700 (Indochina Time),$29320
Fri Aug 20 2021 00:00:00 GMT+0700 (Indochina Time),$29320
Sat Aug 21 2021 00:00:00 GMT+0700 (Indochina Time),$29320
Sun Aug 22 2021 00:00:00 GMT+0700 (Indochina Time),$29320
Mon Aug 23 2021 00:00:00 GMT+0700 (Indochina Time),$29320
Tue Aug 24 2021 00:00:00 GMT+0700 (Indochina Time),$29320
Wed Aug 25 2021 00:00:00 GMT+0700 (Indochina Time),$29320
Thu Aug 26 2021 00:00:00 GMT+0700 (Indochina Time),$29405
Fri Aug 27 2021 00:00:00 GMT+0700 (Indochina Time),$29405
Sat Aug 28 2021 00:00:00 GMT+0700 (Indochina Time),$29405
Sun Aug 29 2021 00:00:00 GMT+0700 (Indochina Time),$29405
Mon Aug 30 2021 00:00:00 GMT+0700 (Indochina Time),$29405
Tue Aug 31 2021 00:00:00 GMT+0700 (Indochina Time),$29405
Wed Sep 01 2021 00:00:00 GMT+0700 (Indochina Time),$29405
Thu Sep 02 2021 00:00:00 GMT+0700 (Indochina Time),$29572
Fri Sep 03 2021 00:00:00 GMT+0700 (Indochina Time),$29572
Sat Sep 04 2021 00:00:00 GMT+0700 (Indochina Time),$29572
Sun Sep 05 2021 00:00:00 GMT+0700 (Indochina Time),$29458
Mon Sep 06 2021 00:00:00 GMT+0700 (Indochina Time),$29458
Tue Sep 07 2021 00:00:00 GMT+0700 (Indochina Time),$29458
Wed Sep 08 2021 00:00:00 GMT+0700 (Indochina Time),$29695
Thu Sep 09 2021 00:00:00 GMT+0700 (Indochina Time),$29695
Fri Sep 10 2021 00:00:00 GMT+0700 (Indochina Time),$30126
Sat Sep 11 2021 00:00:00 GMT+0700 (Indochina Time),$30126
Sun Sep 12 2021 00:00:00 GMT+0700 (Indochina Time),$30126
Mon Sep 13 2021 00:00:00 GMT+0700 (Indochina Time),$30317
Tue Sep 14 2021 00:00:00 GMT+0700 (Indochina Time),$30317
Wed Sep 15 2021 00:00:00 GMT+0700 (Indochina Time),$30317
Thu Sep 16 2021 00:00:00 GMT+0700 (Indochina Time),$30317
Fri Sep 17 2021 00:00:00 GMT+0700 (Indochina Time),$30358
Sat Sep 18 2021 00:00:00 GMT+0700 (Indochina Time),$30358
Sun Sep 19 2021 00:00:00 GMT+0700 (Indochina Time),$30358
Mon Sep 20 2021 00:00:00 GMT+0700 (Indochina Time),$30358
Tue Sep 21 2021 00:00:00 GMT+0700 (Indochina Time),$30358
Wed Sep 22 2021 00:00:00 GMT+0700 (Indochina Time),$30358
Thu Sep 23 2021 00:00:00 GMT+0700 (Indochina Time),$30358
Fri Sep 24 2021 00:00:00 GMT+0700 (Indochina Time),$30358
Sat Sep 25 2021 00:00:00 GMT+0700 (Indochina Time),$30393
Sun Sep 26 2021 00:00:00 GMT+0700 (Indochina Time),$30393
Mon Sep 27 2021 00:00:00 GMT+0700 (Indochina Time),$30809
Tue Sep 28 2021 00:00:00 GMT+0700 (Indochina Time),$30809
Wed Sep 29 2021 00:00:00 GMT+0700 (Indochina Time),$30809
Thu Sep 30 2021 00:00:00 GMT+0700 (Indochina Time),$30809
Fri Oct 01 2021 00:00:00 GMT+0700 (Indochina Time),$30809
Sat Oct 02 2021 00:00:00 GMT+0700 (Indochina Time),$30759
Sun Oct 03 2021 00:00:00 GMT+0700 (Indochina Time),$30759
Mon Oct 04 2021 00:00:00 GMT+0700 (Indochina Time),$30759
Tue Oct 05 2021 00:00:00 GMT+0700 (Indochina Time),$30759
Wed Oct 06 2021 00:00:00 GMT+0700 (Indochina Time),$30759
Thu Oct 07 2021 00:00:00 GMT+0700 (Indochina Time),$30759
Fri Oct 08 2021 00:00:00 GMT+0700 (Indochina Time),$30461
Sat Oct 09 2021 00:00:00 GMT+0700 (Indochina Time),$30461
Sun Oct 10 2021 00:00:00 GMT+0700 (Indochina Time),$30461
Mon Oct 11 2021 00:00:00 GMT+0700 (Indochina Time),$30461
Tue Oct 12 2021 00:00:00 GMT+0700 (Indochina Time),$30461
Wed Oct 13 2021 00:00:00 GMT+0700 (Indochina Time),$30469
Thu Oct 14 2021 00:00:00 GMT+0700 (Indochina Time),$30188
Fri Oct 15 2021 00:00:00 GMT+0700 (Indochina Time),$30188
Sat Oct 16 2021 00:00:00 GMT+0700 (Indochina Time),$30188
Sun Oct 17 2021 00:00:00 GMT+0700 (Indochina Time),$30188
Mon Oct 18 2021 00:00:00 GMT+0700 (Indochina Time),$30188
Tue Oct 19 2021 00:00:00 GMT+0700 (Indochina Time),$30188
Wed Oct 20 2021 00:00:00 GMT+0700 (Indochina Time),$30188
Thu Oct 21 2021 00:00:00 GMT+0700 (Indochina Time),$29941
Fri Oct 22 2021 00:00:00 GMT+0700 (Indochina Time),$29941
Sat Oct 23 2021 00:00:00 GMT+0700 (Indochina Time),$30034
Sun Oct 24 2021 00:00:00 GMT+0700 (Indochina Time),$30034
Mon Oct 25 2021 00:00:00 GMT+0700 (Indochina Time),$30034
Tue Oct 26 2021 00:00:00 GMT+0700 (Indochina Time),$30034
Wed Oct 27 2021 00:00:00 GMT+0700 (Indochina Time),$30034
Thu Oct 28 2021 00:00:00 GMT+0700 (Indochina Time),$30034
Fri Oct 29 2021 00:00:00 GMT+0700 (Indochina Time),$30034
Sat Oct 30 2021 00:00:00 GMT+0700 (Indochina Time),$30034
Sun Oct 31 2021 00:00:00 GMT+0700 (Indochina Time),$30034
Mon Nov 01 2021 00:00:00 GMT+0700 (Indochina Time),$30034
Tue Nov 02 2021 00:00:00 GMT+0700 (Indochina Time),$30034
Wed Nov 03 2021 00:00:00 GMT+0700 (Indochina Time),$30034
Thu Nov 04 2021 00:00:00 GMT+0700 (Indochina Time),$30034
Fri Nov 05 2021 00:00:00 GMT+0700 (Indochina Time),$30034
Sat Nov 06 2021 00:00:00 GMT+0700 (Indochina Time),$30034
Sun Nov 07 2021 00:00:00 GMT+0700 (Indochina Time),$30034
Mon Nov 08 2021 00:00:00 GMT+0700 (Indochina Time),$30270
Tue Nov 09 2021 00:00:00 GMT+0700 (Indochina Time),$30270
Wed Nov 10 2021 00:00:00 GMT+0700 (Indochina Time),$30270
Thu Nov 11 2021 00:00:00 GMT+0700 (Indochina Time),$30270
Fri Nov 12 2021 00:00:00 GMT+0700 (Indochina Time),$30396
Sat Nov 13 2021 00:00:00 GMT+0700 (Indochina Time),$30375
Sun Nov 14 2021 00:00:00 GMT+0700 (Indochina Time),$30463
Mon Nov 15 2021 00:00:00 GMT+0700 (Indochina Time),$30334
Tue Nov 16 2021 00:00:00 GMT+0700 (Indochina Time),$30334
Wed Nov 17 2021 00:00:00 GMT+0700 (Indochina Time),$30334
Thu Nov 18 2021 00:00:00 GMT+0700 (Indochina Time),$29948
Fri Nov 19 2021 00:00:00 GMT+0700 (Indochina Time),$29948
Sat Nov 20 2021 00:00:00 GMT+0700 (Indochina Time),$29948
Sun Nov 21 2021 00:00:00 GMT+0700 (Indochina Time),$29948
Mon Nov 22 2021 00:00:00 GMT+0700 (Indochina Time),$30062
Tue Nov 23 2021 00:00:00 GMT+0700 (Indochina Time),$30062
Wed Nov 24 2021 00:00:00 GMT+0700 (Indochina Time),$30062
Thu Nov 25 2021 00:00:00 GMT+0700 (Indochina Time),$30062
Fri Nov 26 2021 00:00:00 GMT+0700 (Indochina Time),$30062
Sat Nov 27 2021 00:00:00 GMT+0700 (Indochina Time),$30194
Sun Nov 28 2021 00:00:00 GMT+0700 (Indochina Time),$30194
Mon Nov 29 2021 00:00:00 GMT+0700 (Indochina Time),$29992
Tue Nov 30 2021 00:00:00 GMT+0700 (Indochina Time),$29992
Wed Dec 01 2021 00:00:00 GMT+0700 (Indochina Time),$30100
Thu Dec 02 2021 00:00:00 GMT+0700 (Indochina Time),$30100
Fri Dec 03 2021 00:00:00 GMT+0700 (Indochina Time),$30100
Sat Dec 04 2021 00:00:00 GMT+0700 (Indochina Time),$30100
Sun Dec 05 2021 00:00:00 GMT+0700 (Indochina Time),$30100
Mon Dec 06 2021 00:00:00 GMT+0700 (Indochina Time),$30100
Tue Dec 07 2021 00:00:00 GMT+0700 (Indochina Time),$30100
Wed Dec 08 2021 00:00:00 GMT+0700 (Indochina Time),$30100
Thu Dec 09 2021 00:00:00 GMT+0700 (Indochina Time),$30100
Fri Dec 10 2021 00:00:00 GMT+0700 (Indochina Time),$30308
Sat Dec 11 2021 00:00:00 GMT+0700 (Indochina Time),$30308
Sun Dec 12 2021 00:00:00 GMT+0700 (Indochina Time),$30308
Mon Dec 13 2021 00:00:00 GMT+0700 (Indochina Time),$30308
Tue Dec 14 2021 00:00:00 GMT+0700 (Indochina Time),$30308
Wed Dec 15 2021 00:00:00 GMT+0700 (Indochina Time),$30308
Thu Dec 16 2021 00:00:00 GMT+0700 (Indochina Time),$30468
Fri Dec 17 2021 00:00:00 GMT+0700 (Indochina Time),$30468
Sat Dec 18 2021 00:00:00 GMT+0700 (Indochina Time),$30323
Sun Dec 19 2021 00:00:00 GMT+0700 (Indochina Time),$30461
Mon Dec 20 2021 00:00:00 GMT+0700 (Indochina Time),$30461
Tue Dec 21 2021 00:00:00 GMT+0700 (Indochina Time),$30461
Wed Dec 22 2021 00:00:00 GMT+0700 (Indochina Time),$30461
Thu Dec 23 2021 00:00:00 GMT+0700 (Indochina Time),$30543
Fri Dec 24 2021 00:00:00 GMT+0700 (Indochina Time),$30543
Sat Dec 25 2021 00:00:00 GMT+0700 (Indochina Time),$30543
Sun Dec 26 2021 00:00:00 GMT+0700 (Indochina Time),$30543
Mon Dec 27 2021 00:00:00 GMT+0700 (Indochina Time),$30543
Tue Dec 28 2021 00:00:00 GMT+0700 (Indochina Time),$30398
Wed Dec 29 2021 00:00:00 GMT+0700 (Indochina Time),$30291
Thu Dec 30 2021 00:00:00 GMT+0700 (Indochina Time),$30291
Fri Dec 31 2021 00:00:00 GMT+0700 (Indochina Time),$30291
Sat Jan 01 2022 00:00:00 GMT+0700 (Indochina Time),$30291
Sun Jan 02 2022 00:00:00 GMT+0700 (Indochina Time),$30291
Mon Jan 03 2022 00:00:00 GMT+0700 (Indochina Time),$30291
Tue Jan 04 2022 00:00:00 GMT+0700 (Indochina Time),$30291
Wed Jan 05 2022 00:00:00 GMT+0700 (Indochina Time),$30544
Thu Jan 06 2022 00:00:00 GMT+0700 (Indochina Time),$30648
Fri Jan 07 2022 00:00:00 GMT+0700 (Indochina Time),$30212
Sat Jan 08 2022 00:00:00 GMT+0700 (Indochina Time),$30212
Sun Jan 09 2022 00:00:00 GMT+0700 (Indochina Time),$30212
Mon Jan 10 2022 00:00:00 GMT+0700 (Indochina Time),$30212
Tue Jan 11 2022 00:00:00 GMT+0700 (Indochina Time),$30212
Wed Jan 12 2022 00:00:00 GMT+0700 (Indochina Time),$30212
Thu Jan 13 2022 00:00:00 GMT+0700 (Indochina Time),$30212
Fri Jan 14 2022 00:00:00 GMT+0700 (Indochina Time),$30212
Sat Jan 15 2022 00:00:00 GMT+0700 (Indochina Time),$30212
Sun Jan 16 2022 00:00:00 GMT+0700 (Indochina Time),$30212
Mon Jan 17 2022 00:00:00 GMT+0700 (Indochina Time),$30212
Tue Jan 18 2022 00:00:00 GMT+0700 (Indochina Time),$30212
Wed Jan 19 2022 00:00:00 GMT+0700 (Indochina Time),$30212
Thu Jan 20 2022 00:00:00 GMT+0700 (Indochina Time),$30212
Fri Jan 21 2022 00:00:00 GMT+0700 (Indochina Time),$30212
Sat Jan 22 2022 00:00:00 GMT+0700 (Indochina Time),$30212
Sun Jan 23 2022 00:00:00 GMT+0700 (Indochina Time),$30212
Mon Jan 24 2022 00:00:00 GMT+0700 (Indochina Time),$30212
Tue Jan 25 2022 00:00:00 GMT+0700 (Indochina Time),$30212
Wed Jan 26 2022 00:00:00 GMT+0700 (Indochina Time),$30212
Thu Jan 27 2022 00:00:00 GMT+0700 (Indochina Time),$30212
Fri Jan 28 2022 00:00:00 GMT+0700 (Indochina Time),$30212
Sat Jan 29 2022 00:00:00 GMT+0700 (Indochina Time),$30296
Sun Jan 30 2022 00:00:00 GMT+0700 (Indochina Time),$30233
Mon Jan 31 2022 00:00:00 GMT+0700 (Indochina Time),$30233
Tue Feb 01 2022 00:00:00 GMT+0700 (Indochina Time),$30233
Wed Feb 02 2022 00:00:00 GMT+0700 (Indochina Time),$30233
Thu Feb 03 2022 00:00:00 GMT+0700 (Indochina Time),$30233
Fri Feb 04 2022 00:00:00 GMT+0700 (Indochina Time),$30233
Sat Feb 05 2022 00:00:00 GMT+0700 (Indochina Time),$30233
Sun Feb 06 2022 00:00:00 GMT+0700 (Indochina Time),$30233
Mon Feb 07 2022 00:00:00 GMT+0700 (Indochina Time),$30233
Tue Feb 08 2022 00:00:00 GMT+0700 (Indochina Time),$30233
Wed Feb 09 2022 00:00:00 GMT+0700 (Indochina Time),$30233
Thu Feb 10 2022 00:00:00 GMT+0700 (Indochina Time),$30172
Fri Feb 11 2022 00:00:00 GMT+0700 (Indochina Time),$30172
Sat Feb 12 2022 00:00:00 GMT+0700 (Indochina Time),$29893
Sun Feb 13 2022 00:00:00 GMT+0700 (Indochina Time),$29893
Mon Feb 14 2022 00:00:00 GMT+0700 (Indochina Time),$29893
Tue Feb 15 2022 00:00:00 GMT+0700 (Indochina Time),$29893
Wed Feb 16 2022 00:00:00 GMT+0700 (Indochina Time),$29893
Thu Feb 17 2022 00:00:00 GMT+0700 (Indochina Time),$29893
Fri Feb 18 2022 00:00:00 GMT+0700 (Indochina Time),$30205
Sat Feb 19 2022 00:00:00 GMT+0700 (Indochina Time),$30205
Sun Feb 20 2022 00:00:00 GMT+0700 (Indochina Time),$30205
Mon Feb 21 2022 00:00:00 GMT+0700 (Indochina Time),$30205
Tue Feb 22 2022 00:00:00 GMT+0700 (Indochina Time),$30205
Wed Feb 23 2022 00:00:00 GMT+0700 (Indochina Time),$30205
Thu Feb 24 2022 00:00:00 GMT+0700 (Indochina Time),$30205
Fri Feb 25 2022 00:00:00 GMT+0700 (Indochina Time),$30205
Sat Feb 26 2022 00:00:00 GMT+0700 (Indochina Time),$30248
Sun Feb 27 2022 00:00:00 GMT+0700 (Indochina Time),$30248
Mon Feb 28 2022 00:00:00 GMT+0700 (Indochina Time),$30248
Tue Mar 01 2022 00:00:00 GMT+0700 (Indochina Time),$30248
Wed Mar 02 2022 00:00:00 GMT+0700 (Indochina Time),$30315
Thu Mar 03 2022 00:00:00 GMT+0700 (Indochina Time),$30315
Fri Mar 04 2022 00:00:00 GMT+0700 (Indochina Time),$30583
Sat Mar 05 2022 00:00:00 GMT+0700 (Indochina Time),$30519
Sun Mar 06 2022 00:00:00 GMT+0700 (Indochina Time),$30519
