Thu Sep 09 2021 00:00:00 GMT+0700 (Indochina Time),$2260
Fri Sep 10 2021 00:00:00 GMT+0700 (Indochina Time),$2260
Sat Sep 11 2021 00:00:00 GMT+0700 (Indochina Time),$2285
Sun Sep 12 2021 00:00:00 GMT+0700 (Indochina Time),$2287
Mon Sep 13 2021 00:00:00 GMT+0700 (Indochina Time),$2287
Tue Sep 14 2021 00:00:00 GMT+0700 (Indochina Time),$2287
Wed Sep 15 2021 00:00:00 GMT+0700 (Indochina Time),$2287
Thu Sep 16 2021 00:00:00 GMT+0700 (Indochina Time),$2287
Fri Sep 17 2021 00:00:00 GMT+0700 (Indochina Time),$2287
Sat Sep 18 2021 00:00:00 GMT+0700 (Indochina Time),$2287
Sun Sep 19 2021 00:00:00 GMT+0700 (Indochina Time),$2287
Mon Sep 20 2021 00:00:00 GMT+0700 (Indochina Time),$2287
Tue Sep 21 2021 00:00:00 GMT+0700 (Indochina Time),$2293
Wed Sep 22 2021 00:00:00 GMT+0700 (Indochina Time),$2293
Thu Sep 23 2021 00:00:00 GMT+0700 (Indochina Time),$2293
Fri Sep 24 2021 00:00:00 GMT+0700 (Indochina Time),$2293
Sat Sep 25 2021 00:00:00 GMT+0700 (Indochina Time),$2293
Sun Sep 26 2021 00:00:00 GMT+0700 (Indochina Time),$2293
Mon Sep 27 2021 00:00:00 GMT+0700 (Indochina Time),$2293
Tue Sep 28 2021 00:00:00 GMT+0700 (Indochina Time),$2309
Wed Sep 29 2021 00:00:00 GMT+0700 (Indochina Time),$2330
Thu Sep 30 2021 00:00:00 GMT+0700 (Indochina Time),$2330
Fri Oct 01 2021 00:00:00 GMT+0700 (Indochina Time),$2336
Sat Oct 02 2021 00:00:00 GMT+0700 (Indochina Time),$2338
Sun Oct 03 2021 00:00:00 GMT+0700 (Indochina Time),$2335
Mon Oct 04 2021 00:00:00 GMT+0700 (Indochina Time),$2358
Tue Oct 05 2021 00:00:00 GMT+0700 (Indochina Time),$2358
Wed Oct 06 2021 00:00:00 GMT+0700 (Indochina Time),$2375
Thu Oct 07 2021 00:00:00 GMT+0700 (Indochina Time),$2375
Fri Oct 08 2021 00:00:00 GMT+0700 (Indochina Time),$2375
Sat Oct 09 2021 00:00:00 GMT+0700 (Indochina Time),$2375
Sun Oct 10 2021 00:00:00 GMT+0700 (Indochina Time),$2367
Mon Oct 11 2021 00:00:00 GMT+0700 (Indochina Time),$2367
Tue Oct 12 2021 00:00:00 GMT+0700 (Indochina Time),$2367
Wed Oct 13 2021 00:00:00 GMT+0700 (Indochina Time),$2357
Thu Oct 14 2021 00:00:00 GMT+0700 (Indochina Time),$2345
Fri Oct 15 2021 00:00:00 GMT+0700 (Indochina Time),$2328
Sat Oct 16 2021 00:00:00 GMT+0700 (Indochina Time),$2328
Sun Oct 17 2021 00:00:00 GMT+0700 (Indochina Time),$2328
Mon Oct 18 2021 00:00:00 GMT+0700 (Indochina Time),$2328
Tue Oct 19 2021 00:00:00 GMT+0700 (Indochina Time),$2328
Wed Oct 20 2021 00:00:00 GMT+0700 (Indochina Time),$2342
Thu Oct 21 2021 00:00:00 GMT+0700 (Indochina Time),$2342
Fri Oct 22 2021 00:00:00 GMT+0700 (Indochina Time),$2342
Sat Oct 23 2021 00:00:00 GMT+0700 (Indochina Time),$2342
Sun Oct 24 2021 00:00:00 GMT+0700 (Indochina Time),$2342
Mon Oct 25 2021 00:00:00 GMT+0700 (Indochina Time),$2349
Tue Oct 26 2021 00:00:00 GMT+0700 (Indochina Time),$2349
Wed Oct 27 2021 00:00:00 GMT+0700 (Indochina Time),$2349
Thu Oct 28 2021 00:00:00 GMT+0700 (Indochina Time),$2349
Fri Oct 29 2021 00:00:00 GMT+0700 (Indochina Time),$2334
Sat Oct 30 2021 00:00:00 GMT+0700 (Indochina Time),$2322
Sun Oct 31 2021 00:00:00 GMT+0700 (Indochina Time),$2322
Mon Nov 01 2021 00:00:00 GMT+0700 (Indochina Time),$2322
Tue Nov 02 2021 00:00:00 GMT+0700 (Indochina Time),$2322
Wed Nov 03 2021 00:00:00 GMT+0700 (Indochina Time),$2322
Thu Nov 04 2021 00:00:00 GMT+0700 (Indochina Time),$2322
Fri Nov 05 2021 00:00:00 GMT+0700 (Indochina Time),$2322
Sat Nov 06 2021 00:00:00 GMT+0700 (Indochina Time),$2322
Sun Nov 07 2021 00:00:00 GMT+0700 (Indochina Time),$2322
Mon Nov 08 2021 00:00:00 GMT+0700 (Indochina Time),$2339
Tue Nov 09 2021 00:00:00 GMT+0700 (Indochina Time),$2339
Wed Nov 10 2021 00:00:00 GMT+0700 (Indochina Time),$2339
Thu Nov 11 2021 00:00:00 GMT+0700 (Indochina Time),$2339
Fri Nov 12 2021 00:00:00 GMT+0700 (Indochina Time),$2339
Sat Nov 13 2021 00:00:00 GMT+0700 (Indochina Time),$2324
Sun Nov 14 2021 00:00:00 GMT+0700 (Indochina Time),$2308
Mon Nov 15 2021 00:00:00 GMT+0700 (Indochina Time),$2308
Tue Nov 16 2021 00:00:00 GMT+0700 (Indochina Time),$2287
Wed Nov 17 2021 00:00:00 GMT+0700 (Indochina Time),$2287
Thu Nov 18 2021 00:00:00 GMT+0700 (Indochina Time),$2287
Fri Nov 19 2021 00:00:00 GMT+0700 (Indochina Time),$2287
Sat Nov 20 2021 00:00:00 GMT+0700 (Indochina Time),$2269
Sun Nov 21 2021 00:00:00 GMT+0700 (Indochina Time),$2283
Mon Nov 22 2021 00:00:00 GMT+0700 (Indochina Time),$2246
Tue Nov 23 2021 00:00:00 GMT+0700 (Indochina Time),$2246
Wed Nov 24 2021 00:00:00 GMT+0700 (Indochina Time),$2246
Thu Nov 25 2021 00:00:00 GMT+0700 (Indochina Time),$2246
Fri Nov 26 2021 00:00:00 GMT+0700 (Indochina Time),$2232
Sat Nov 27 2021 00:00:00 GMT+0700 (Indochina Time),$2232
Sun Nov 28 2021 00:00:00 GMT+0700 (Indochina Time),$2191
Mon Nov 29 2021 00:00:00 GMT+0700 (Indochina Time),$2191
Tue Nov 30 2021 00:00:00 GMT+0700 (Indochina Time),$2191
Wed Dec 01 2021 00:00:00 GMT+0700 (Indochina Time),$2191
Thu Dec 02 2021 00:00:00 GMT+0700 (Indochina Time),$2168
Fri Dec 03 2021 00:00:00 GMT+0700 (Indochina Time),$2168
Sat Dec 04 2021 00:00:00 GMT+0700 (Indochina Time),$2161
Sun Dec 05 2021 00:00:00 GMT+0700 (Indochina Time),$2156
Mon Dec 06 2021 00:00:00 GMT+0700 (Indochina Time),$2156
Tue Dec 07 2021 00:00:00 GMT+0700 (Indochina Time),$2134
Wed Dec 08 2021 00:00:00 GMT+0700 (Indochina Time),$2134
Thu Dec 09 2021 00:00:00 GMT+0700 (Indochina Time),$2134
Fri Dec 10 2021 00:00:00 GMT+0700 (Indochina Time),$2082
Sat Dec 11 2021 00:00:00 GMT+0700 (Indochina Time),$2082
Sun Dec 12 2021 00:00:00 GMT+0700 (Indochina Time),$2082
Mon Dec 13 2021 00:00:00 GMT+0700 (Indochina Time),$2082
Tue Dec 14 2021 00:00:00 GMT+0700 (Indochina Time),$2082
Wed Dec 15 2021 00:00:00 GMT+0700 (Indochina Time),$2082
Thu Dec 16 2021 00:00:00 GMT+0700 (Indochina Time),$2082
Fri Dec 17 2021 00:00:00 GMT+0700 (Indochina Time),$2175
Sat Dec 18 2021 00:00:00 GMT+0700 (Indochina Time),$2175
Sun Dec 19 2021 00:00:00 GMT+0700 (Indochina Time),$2175
Mon Dec 20 2021 00:00:00 GMT+0700 (Indochina Time),$2175
Tue Dec 21 2021 00:00:00 GMT+0700 (Indochina Time),$2175
Wed Dec 22 2021 00:00:00 GMT+0700 (Indochina Time),$2175
Thu Dec 23 2021 00:00:00 GMT+0700 (Indochina Time),$2167
Fri Dec 24 2021 00:00:00 GMT+0700 (Indochina Time),$2167
Sat Dec 25 2021 00:00:00 GMT+0700 (Indochina Time),$2189
Sun Dec 26 2021 00:00:00 GMT+0700 (Indochina Time),$2189
Mon Dec 27 2021 00:00:00 GMT+0700 (Indochina Time),$2189
Tue Dec 28 2021 00:00:00 GMT+0700 (Indochina Time),$2189
Wed Dec 29 2021 00:00:00 GMT+0700 (Indochina Time),$2239
Thu Dec 30 2021 00:00:00 GMT+0700 (Indochina Time),$2239
Fri Dec 31 2021 00:00:00 GMT+0700 (Indochina Time),$2239
Sat Jan 01 2022 00:00:00 GMT+0700 (Indochina Time),$2239
Sun Jan 02 2022 00:00:00 GMT+0700 (Indochina Time),$2239
Mon Jan 03 2022 00:00:00 GMT+0700 (Indochina Time),$2239
Tue Jan 04 2022 00:00:00 GMT+0700 (Indochina Time),$2216
Wed Jan 05 2022 00:00:00 GMT+0700 (Indochina Time),$2216
Thu Jan 06 2022 00:00:00 GMT+0700 (Indochina Time),$2216
Fri Jan 07 2022 00:00:00 GMT+0700 (Indochina Time),$2216
Sat Jan 08 2022 00:00:00 GMT+0700 (Indochina Time),$2216
Sun Jan 09 2022 00:00:00 GMT+0700 (Indochina Time),$2216
Mon Jan 10 2022 00:00:00 GMT+0700 (Indochina Time),$2174
Tue Jan 11 2022 00:00:00 GMT+0700 (Indochina Time),$2174
Wed Jan 12 2022 00:00:00 GMT+0700 (Indochina Time),$2174
Thu Jan 13 2022 00:00:00 GMT+0700 (Indochina Time),$2174
Fri Jan 14 2022 00:00:00 GMT+0700 (Indochina Time),$2174
Sat Jan 15 2022 00:00:00 GMT+0700 (Indochina Time),$2141
Sun Jan 16 2022 00:00:00 GMT+0700 (Indochina Time),$2119
Mon Jan 17 2022 00:00:00 GMT+0700 (Indochina Time),$2119
Tue Jan 18 2022 00:00:00 GMT+0700 (Indochina Time),$2119
Wed Jan 19 2022 00:00:00 GMT+0700 (Indochina Time),$2119
Thu Jan 20 2022 00:00:00 GMT+0700 (Indochina Time),$2128
Fri Jan 21 2022 00:00:00 GMT+0700 (Indochina Time),$2128
Sat Jan 22 2022 00:00:00 GMT+0700 (Indochina Time),$2128
Sun Jan 23 2022 00:00:00 GMT+0700 (Indochina Time),$2154
Mon Jan 24 2022 00:00:00 GMT+0700 (Indochina Time),$2174
Tue Jan 25 2022 00:00:00 GMT+0700 (Indochina Time),$2174
Wed Jan 26 2022 00:00:00 GMT+0700 (Indochina Time),$2174
Thu Jan 27 2022 00:00:00 GMT+0700 (Indochina Time),$2174
Fri Jan 28 2022 00:00:00 GMT+0700 (Indochina Time),$2174
Sat Jan 29 2022 00:00:00 GMT+0700 (Indochina Time),$2174
Sun Jan 30 2022 00:00:00 GMT+0700 (Indochina Time),$2194
Mon Jan 31 2022 00:00:00 GMT+0700 (Indochina Time),$2194
Tue Feb 01 2022 00:00:00 GMT+0700 (Indochina Time),$2179
Wed Feb 02 2022 00:00:00 GMT+0700 (Indochina Time),$2179
Thu Feb 03 2022 00:00:00 GMT+0700 (Indochina Time),$2179
Fri Feb 04 2022 00:00:00 GMT+0700 (Indochina Time),$2179
Sat Feb 05 2022 00:00:00 GMT+0700 (Indochina Time),$2179
Sun Feb 06 2022 00:00:00 GMT+0700 (Indochina Time),$2179
Mon Feb 07 2022 00:00:00 GMT+0700 (Indochina Time),$2179
Tue Feb 08 2022 00:00:00 GMT+0700 (Indochina Time),$2179
Wed Feb 09 2022 00:00:00 GMT+0700 (Indochina Time),$2179
Thu Feb 10 2022 00:00:00 GMT+0700 (Indochina Time),$2179
Fri Feb 11 2022 00:00:00 GMT+0700 (Indochina Time),$2168
Sat Feb 12 2022 00:00:00 GMT+0700 (Indochina Time),$2168
Sun Feb 13 2022 00:00:00 GMT+0700 (Indochina Time),$2168
Mon Feb 14 2022 00:00:00 GMT+0700 (Indochina Time),$2168
Tue Feb 15 2022 00:00:00 GMT+0700 (Indochina Time),$2177
Wed Feb 16 2022 00:00:00 GMT+0700 (Indochina Time),$2177
Thu Feb 17 2022 00:00:00 GMT+0700 (Indochina Time),$2177
Fri Feb 18 2022 00:00:00 GMT+0700 (Indochina Time),$2177
Sat Feb 19 2022 00:00:00 GMT+0700 (Indochina Time),$2177
Sun Feb 20 2022 00:00:00 GMT+0700 (Indochina Time),$2177
Mon Feb 21 2022 00:00:00 GMT+0700 (Indochina Time),$2177
Tue Feb 22 2022 00:00:00 GMT+0700 (Indochina Time),$2190
Wed Feb 23 2022 00:00:00 GMT+0700 (Indochina Time),$2190
Thu Feb 24 2022 00:00:00 GMT+0700 (Indochina Time),$2190
Fri Feb 25 2022 00:00:00 GMT+0700 (Indochina Time),$2190
Sat Feb 26 2022 00:00:00 GMT+0700 (Indochina Time),$2190
Sun Feb 27 2022 00:00:00 GMT+0700 (Indochina Time),$2190
Mon Feb 28 2022 00:00:00 GMT+0700 (Indochina Time),$2190
Tue Mar 01 2022 00:00:00 GMT+0700 (Indochina Time),$2190
Wed Mar 02 2022 00:00:00 GMT+0700 (Indochina Time),$2190
Thu Mar 03 2022 00:00:00 GMT+0700 (Indochina Time),$2190
Fri Mar 04 2022 00:00:00 GMT+0700 (Indochina Time),$2186
Sat Mar 05 2022 00:00:00 GMT+0700 (Indochina Time),$2186
Sun Mar 06 2022 00:00:00 GMT+0700 (Indochina Time),$2186
Mon Mar 07 2022 00:00:00 GMT+0700 (Indochina Time),$2186
