Wed Sep 08 2021 00:00:00 GMT+0700 (Indochina Time),$127520
Thu Sep 09 2021 00:00:00 GMT+0700 (Indochina Time),$127797
Fri Sep 10 2021 00:00:00 GMT+0700 (Indochina Time),$127768
Sat Sep 11 2021 00:00:00 GMT+0700 (Indochina Time),$127245
Sun Sep 12 2021 00:00:00 GMT+0700 (Indochina Time),$127245
Mon Sep 13 2021 00:00:00 GMT+0700 (Indochina Time),$127245
Tue Sep 14 2021 00:00:00 GMT+0700 (Indochina Time),$127245
Wed Sep 15 2021 00:00:00 GMT+0700 (Indochina Time),$127245
Thu Sep 16 2021 00:00:00 GMT+0700 (Indochina Time),$127245
Fri Sep 17 2021 00:00:00 GMT+0700 (Indochina Time),$127245
Sat Sep 18 2021 00:00:00 GMT+0700 (Indochina Time),$128129
Sun Sep 19 2021 00:00:00 GMT+0700 (Indochina Time),$127835
Mon Sep 20 2021 00:00:00 GMT+0700 (Indochina Time),$127835
Tue Sep 21 2021 00:00:00 GMT+0700 (Indochina Time),$127298
Wed Sep 22 2021 00:00:00 GMT+0700 (Indochina Time),$127298
Thu Sep 23 2021 00:00:00 GMT+0700 (Indochina Time),$127298
Fri Sep 24 2021 00:00:00 GMT+0700 (Indochina Time),$127298
Sat Sep 25 2021 00:00:00 GMT+0700 (Indochina Time),$125997
Sun Sep 26 2021 00:00:00 GMT+0700 (Indochina Time),$125997
Mon Sep 27 2021 00:00:00 GMT+0700 (Indochina Time),$125390
Tue Sep 28 2021 00:00:00 GMT+0700 (Indochina Time),$125390
Wed Sep 29 2021 00:00:00 GMT+0700 (Indochina Time),$125414
Thu Sep 30 2021 00:00:00 GMT+0700 (Indochina Time),$125366
Fri Oct 01 2021 00:00:00 GMT+0700 (Indochina Time),$124969
Sat Oct 02 2021 00:00:00 GMT+0700 (Indochina Time),$124969
Sun Oct 03 2021 00:00:00 GMT+0700 (Indochina Time),$124969
Mon Oct 04 2021 00:00:00 GMT+0700 (Indochina Time),$124969
Tue Oct 05 2021 00:00:00 GMT+0700 (Indochina Time),$124969
Wed Oct 06 2021 00:00:00 GMT+0700 (Indochina Time),$124969
Thu Oct 07 2021 00:00:00 GMT+0700 (Indochina Time),$127369
Fri Oct 08 2021 00:00:00 GMT+0700 (Indochina Time),$127484
Sat Oct 09 2021 00:00:00 GMT+0700 (Indochina Time),$127726
Sun Oct 10 2021 00:00:00 GMT+0700 (Indochina Time),$127726
Mon Oct 11 2021 00:00:00 GMT+0700 (Indochina Time),$127726
Tue Oct 12 2021 00:00:00 GMT+0700 (Indochina Time),$127726
Wed Oct 13 2021 00:00:00 GMT+0700 (Indochina Time),$127726
Thu Oct 14 2021 00:00:00 GMT+0700 (Indochina Time),$127726
Fri Oct 15 2021 00:00:00 GMT+0700 (Indochina Time),$128407
Sat Oct 16 2021 00:00:00 GMT+0700 (Indochina Time),$127855
Sun Oct 17 2021 00:00:00 GMT+0700 (Indochina Time),$127855
Mon Oct 18 2021 00:00:00 GMT+0700 (Indochina Time),$127855
Tue Oct 19 2021 00:00:00 GMT+0700 (Indochina Time),$127855
Wed Oct 20 2021 00:00:00 GMT+0700 (Indochina Time),$128430
Thu Oct 21 2021 00:00:00 GMT+0700 (Indochina Time),$128117
Fri Oct 22 2021 00:00:00 GMT+0700 (Indochina Time),$127799
Sat Oct 23 2021 00:00:00 GMT+0700 (Indochina Time),$128107
Sun Oct 24 2021 00:00:00 GMT+0700 (Indochina Time),$128107
Mon Oct 25 2021 00:00:00 GMT+0700 (Indochina Time),$128107
Tue Oct 26 2021 00:00:00 GMT+0700 (Indochina Time),$128004
Wed Oct 27 2021 00:00:00 GMT+0700 (Indochina Time),$127784
Thu Oct 28 2021 00:00:00 GMT+0700 (Indochina Time),$127784
Fri Oct 29 2021 00:00:00 GMT+0700 (Indochina Time),$128218
Sat Oct 30 2021 00:00:00 GMT+0700 (Indochina Time),$128622
Sun Oct 31 2021 00:00:00 GMT+0700 (Indochina Time),$128711
Mon Nov 01 2021 00:00:00 GMT+0700 (Indochina Time),$128711
Tue Nov 02 2021 00:00:00 GMT+0700 (Indochina Time),$128966
Wed Nov 03 2021 00:00:00 GMT+0700 (Indochina Time),$128966
Thu Nov 04 2021 00:00:00 GMT+0700 (Indochina Time),$129420
Fri Nov 05 2021 00:00:00 GMT+0700 (Indochina Time),$129367
Sat Nov 06 2021 00:00:00 GMT+0700 (Indochina Time),$129367
Sun Nov 07 2021 00:00:00 GMT+0700 (Indochina Time),$129367
Mon Nov 08 2021 00:00:00 GMT+0700 (Indochina Time),$129367
Tue Nov 09 2021 00:00:00 GMT+0700 (Indochina Time),$129339
Wed Nov 10 2021 00:00:00 GMT+0700 (Indochina Time),$129339
Thu Nov 11 2021 00:00:00 GMT+0700 (Indochina Time),$129339
Fri Nov 12 2021 00:00:00 GMT+0700 (Indochina Time),$128136
Sat Nov 13 2021 00:00:00 GMT+0700 (Indochina Time),$127816
Sun Nov 14 2021 00:00:00 GMT+0700 (Indochina Time),$126828
Mon Nov 15 2021 00:00:00 GMT+0700 (Indochina Time),$126828
Tue Nov 16 2021 00:00:00 GMT+0700 (Indochina Time),$126828
Wed Nov 17 2021 00:00:00 GMT+0700 (Indochina Time),$127029
Thu Nov 18 2021 00:00:00 GMT+0700 (Indochina Time),$126205
Fri Nov 19 2021 00:00:00 GMT+0700 (Indochina Time),$126840
Sat Nov 20 2021 00:00:00 GMT+0700 (Indochina Time),$127890
Sun Nov 21 2021 00:00:00 GMT+0700 (Indochina Time),$127890
Mon Nov 22 2021 00:00:00 GMT+0700 (Indochina Time),$127890
Tue Nov 23 2021 00:00:00 GMT+0700 (Indochina Time),$127890
Wed Nov 24 2021 00:00:00 GMT+0700 (Indochina Time),$129071
Thu Nov 25 2021 00:00:00 GMT+0700 (Indochina Time),$129704
Fri Nov 26 2021 00:00:00 GMT+0700 (Indochina Time),$129668
Sat Nov 27 2021 00:00:00 GMT+0700 (Indochina Time),$129668
Sun Nov 28 2021 00:00:00 GMT+0700 (Indochina Time),$129668
Mon Nov 29 2021 00:00:00 GMT+0700 (Indochina Time),$129668
Tue Nov 30 2021 00:00:00 GMT+0700 (Indochina Time),$129668
Wed Dec 01 2021 00:00:00 GMT+0700 (Indochina Time),$129740
Thu Dec 02 2021 00:00:00 GMT+0700 (Indochina Time),$129740
Fri Dec 03 2021 00:00:00 GMT+0700 (Indochina Time),$129740
Sat Dec 04 2021 00:00:00 GMT+0700 (Indochina Time),$130364
Sun Dec 05 2021 00:00:00 GMT+0700 (Indochina Time),$130364
Mon Dec 06 2021 00:00:00 GMT+0700 (Indochina Time),$130364
Tue Dec 07 2021 00:00:00 GMT+0700 (Indochina Time),$128611
Wed Dec 08 2021 00:00:00 GMT+0700 (Indochina Time),$128720
Thu Dec 09 2021 00:00:00 GMT+0700 (Indochina Time),$129551
Fri Dec 10 2021 00:00:00 GMT+0700 (Indochina Time),$129686
Sat Dec 11 2021 00:00:00 GMT+0700 (Indochina Time),$129755
Sun Dec 12 2021 00:00:00 GMT+0700 (Indochina Time),$129332
Mon Dec 13 2021 00:00:00 GMT+0700 (Indochina Time),$129332
Tue Dec 14 2021 00:00:00 GMT+0700 (Indochina Time),$131381
Wed Dec 15 2021 00:00:00 GMT+0700 (Indochina Time),$132949
Thu Dec 16 2021 00:00:00 GMT+0700 (Indochina Time),$132357
Fri Dec 17 2021 00:00:00 GMT+0700 (Indochina Time),$132572
Sat Dec 18 2021 00:00:00 GMT+0700 (Indochina Time),$131934
Sun Dec 19 2021 00:00:00 GMT+0700 (Indochina Time),$131982
Mon Dec 20 2021 00:00:00 GMT+0700 (Indochina Time),$131982
Tue Dec 21 2021 00:00:00 GMT+0700 (Indochina Time),$131766
Wed Dec 22 2021 00:00:00 GMT+0700 (Indochina Time),$131766
Thu Dec 23 2021 00:00:00 GMT+0700 (Indochina Time),$131766
Fri Dec 24 2021 00:00:00 GMT+0700 (Indochina Time),$131885
Sat Dec 25 2021 00:00:00 GMT+0700 (Indochina Time),$131885
Sun Dec 26 2021 00:00:00 GMT+0700 (Indochina Time),$131741
Mon Dec 27 2021 00:00:00 GMT+0700 (Indochina Time),$131741
Tue Dec 28 2021 00:00:00 GMT+0700 (Indochina Time),$131428
Wed Dec 29 2021 00:00:00 GMT+0700 (Indochina Time),$132399
Thu Dec 30 2021 00:00:00 GMT+0700 (Indochina Time),$132802
Fri Dec 31 2021 00:00:00 GMT+0700 (Indochina Time),$132802
Sat Jan 01 2022 00:00:00 GMT+0700 (Indochina Time),$135590
Sun Jan 02 2022 00:00:00 GMT+0700 (Indochina Time),$135590
Mon Jan 03 2022 00:00:00 GMT+0700 (Indochina Time),$135590
Tue Jan 04 2022 00:00:00 GMT+0700 (Indochina Time),$135745
Wed Jan 05 2022 00:00:00 GMT+0700 (Indochina Time),$137004
Thu Jan 06 2022 00:00:00 GMT+0700 (Indochina Time),$137589
Fri Jan 07 2022 00:00:00 GMT+0700 (Indochina Time),$136496
Sat Jan 08 2022 00:00:00 GMT+0700 (Indochina Time),$136565
Sun Jan 09 2022 00:00:00 GMT+0700 (Indochina Time),$136565
Mon Jan 10 2022 00:00:00 GMT+0700 (Indochina Time),$136565
Tue Jan 11 2022 00:00:00 GMT+0700 (Indochina Time),$136565
Wed Jan 12 2022 00:00:00 GMT+0700 (Indochina Time),$136565
Thu Jan 13 2022 00:00:00 GMT+0700 (Indochina Time),$138256
Fri Jan 14 2022 00:00:00 GMT+0700 (Indochina Time),$138256
Sat Jan 15 2022 00:00:00 GMT+0700 (Indochina Time),$138256
Sun Jan 16 2022 00:00:00 GMT+0700 (Indochina Time),$138028
Mon Jan 17 2022 00:00:00 GMT+0700 (Indochina Time),$138028
Tue Jan 18 2022 00:00:00 GMT+0700 (Indochina Time),$138481
Wed Jan 19 2022 00:00:00 GMT+0700 (Indochina Time),$138481
Thu Jan 20 2022 00:00:00 GMT+0700 (Indochina Time),$139216
Fri Jan 21 2022 00:00:00 GMT+0700 (Indochina Time),$139216
Sat Jan 22 2022 00:00:00 GMT+0700 (Indochina Time),$139216
Sun Jan 23 2022 00:00:00 GMT+0700 (Indochina Time),$140603
Mon Jan 24 2022 00:00:00 GMT+0700 (Indochina Time),$140603
Tue Jan 25 2022 00:00:00 GMT+0700 (Indochina Time),$140603
Wed Jan 26 2022 00:00:00 GMT+0700 (Indochina Time),$144482
Thu Jan 27 2022 00:00:00 GMT+0700 (Indochina Time),$144482
Fri Jan 28 2022 00:00:00 GMT+0700 (Indochina Time),$144482
Sat Jan 29 2022 00:00:00 GMT+0700 (Indochina Time),$145451
Sun Jan 30 2022 00:00:00 GMT+0700 (Indochina Time),$146337
Mon Jan 31 2022 00:00:00 GMT+0700 (Indochina Time),$146968
Tue Feb 01 2022 00:00:00 GMT+0700 (Indochina Time),$149343
Wed Feb 02 2022 00:00:00 GMT+0700 (Indochina Time),$151101
Thu Feb 03 2022 00:00:00 GMT+0700 (Indochina Time),$154111
Fri Feb 04 2022 00:00:00 GMT+0700 (Indochina Time),$154111
Sat Feb 05 2022 00:00:00 GMT+0700 (Indochina Time),$154111
Sun Feb 06 2022 00:00:00 GMT+0700 (Indochina Time),$154111
Mon Feb 07 2022 00:00:00 GMT+0700 (Indochina Time),$154111
Tue Feb 08 2022 00:00:00 GMT+0700 (Indochina Time),$154111
Wed Feb 09 2022 00:00:00 GMT+0700 (Indochina Time),$154111
Thu Feb 10 2022 00:00:00 GMT+0700 (Indochina Time),$154404
Fri Feb 11 2022 00:00:00 GMT+0700 (Indochina Time),$154840
Sat Feb 12 2022 00:00:00 GMT+0700 (Indochina Time),$158041
Sun Feb 13 2022 00:00:00 GMT+0700 (Indochina Time),$158041
Mon Feb 14 2022 00:00:00 GMT+0700 (Indochina Time),$158041
Tue Feb 15 2022 00:00:00 GMT+0700 (Indochina Time),$160596
Wed Feb 16 2022 00:00:00 GMT+0700 (Indochina Time),$160596
Thu Feb 17 2022 00:00:00 GMT+0700 (Indochina Time),$165009
Fri Feb 18 2022 00:00:00 GMT+0700 (Indochina Time),$166090
Sat Feb 19 2022 00:00:00 GMT+0700 (Indochina Time),$166090
Sun Feb 20 2022 00:00:00 GMT+0700 (Indochina Time),$166090
Mon Feb 21 2022 00:00:00 GMT+0700 (Indochina Time),$166090
Tue Feb 22 2022 00:00:00 GMT+0700 (Indochina Time),$166090
Wed Feb 23 2022 00:00:00 GMT+0700 (Indochina Time),$166090
Thu Feb 24 2022 00:00:00 GMT+0700 (Indochina Time),$170575
Fri Feb 25 2022 00:00:00 GMT+0700 (Indochina Time),$168960
Sat Feb 26 2022 00:00:00 GMT+0700 (Indochina Time),$168960
Sun Feb 27 2022 00:00:00 GMT+0700 (Indochina Time),$172882
Mon Feb 28 2022 00:00:00 GMT+0700 (Indochina Time),$172882
Tue Mar 01 2022 00:00:00 GMT+0700 (Indochina Time),$172882
Wed Mar 02 2022 00:00:00 GMT+0700 (Indochina Time),$175077
Thu Mar 03 2022 00:00:00 GMT+0700 (Indochina Time),$176872
Fri Mar 04 2022 00:00:00 GMT+0700 (Indochina Time),$179663
Sat Mar 05 2022 00:00:00 GMT+0700 (Indochina Time),$181731
Sun Mar 06 2022 00:00:00 GMT+0700 (Indochina Time),$181731
