Fri Mar 08 2019 00:00:00 GMT+0700 (Indochina Time),$29977
Sun Mar 10 2019 00:00:00 GMT+0700 (Indochina Time),$29831
Tue Mar 12 2019 00:00:00 GMT+0700 (Indochina Time),$29831
Fri Mar 15 2019 00:00:00 GMT+0700 (Indochina Time),$29831
Mon Mar 18 2019 00:00:00 GMT+0700 (Indochina Time),$29831
Thu Mar 21 2019 00:00:00 GMT+0700 (Indochina Time),$29831
Sun Mar 24 2019 00:00:00 GMT+0700 (Indochina Time),$29831
Wed Mar 27 2019 00:00:00 GMT+0700 (Indochina Time),$29831
Sat Mar 30 2019 00:00:00 GMT+0700 (Indochina Time),$29831
Thu Apr 04 2019 00:00:00 GMT+0700 (Indochina Time),$29831
Sat Apr 06 2019 00:00:00 GMT+0700 (Indochina Time),$28275
Mon Apr 08 2019 00:00:00 GMT+0700 (Indochina Time),$28275
Thu Apr 11 2019 00:00:00 GMT+0700 (Indochina Time),$28275
Sun Apr 14 2019 00:00:00 GMT+0700 (Indochina Time),$28275
Wed Apr 17 2019 00:00:00 GMT+0700 (Indochina Time),$28275
Sat Apr 20 2019 00:00:00 GMT+0700 (Indochina Time),$28275
Tue Apr 23 2019 00:00:00 GMT+0700 (Indochina Time),$28275
Fri Apr 26 2019 00:00:00 GMT+0700 (Indochina Time),$28275
Mon Apr 29 2019 00:00:00 GMT+0700 (Indochina Time),$28275
Thu May 02 2019 00:00:00 GMT+0700 (Indochina Time),$28275
Sun May 05 2019 00:00:00 GMT+0700 (Indochina Time),$28275
Wed May 08 2019 00:00:00 GMT+0700 (Indochina Time),$28275
Sat May 11 2019 00:00:00 GMT+0700 (Indochina Time),$28275
Tue May 14 2019 00:00:00 GMT+0700 (Indochina Time),$28275
Fri May 17 2019 00:00:00 GMT+0700 (Indochina Time),$28275
Mon May 20 2019 00:00:00 GMT+0700 (Indochina Time),$28275
Thu May 23 2019 00:00:00 GMT+0700 (Indochina Time),$28275
Sun May 26 2019 00:00:00 GMT+0700 (Indochina Time),$28275
Wed May 29 2019 00:00:00 GMT+0700 (Indochina Time),$28275
Sat Jun 01 2019 00:00:00 GMT+0700 (Indochina Time),$28275
Tue Jun 04 2019 00:00:00 GMT+0700 (Indochina Time),$28275
Fri Jun 07 2019 00:00:00 GMT+0700 (Indochina Time),$28275
Mon Jun 10 2019 00:00:00 GMT+0700 (Indochina Time),$28275
Thu Jun 13 2019 00:00:00 GMT+0700 (Indochina Time),$28275
Sun Jun 16 2019 00:00:00 GMT+0700 (Indochina Time),$28275
Wed Jun 19 2019 00:00:00 GMT+0700 (Indochina Time),$28275
Sat Jun 22 2019 00:00:00 GMT+0700 (Indochina Time),$28275
Tue Jun 25 2019 00:00:00 GMT+0700 (Indochina Time),$28275
Fri Jun 28 2019 00:00:00 GMT+0700 (Indochina Time),$28275
Mon Jul 01 2019 00:00:00 GMT+0700 (Indochina Time),$28275
Sat Jul 06 2019 00:00:00 GMT+0700 (Indochina Time),$28275
Mon Jul 08 2019 00:00:00 GMT+0700 (Indochina Time),$28275
Wed Jul 10 2019 00:00:00 GMT+0700 (Indochina Time),$28974
Sat Jul 13 2019 00:00:00 GMT+0700 (Indochina Time),$28974
Tue Jul 16 2019 00:00:00 GMT+0700 (Indochina Time),$28974
Fri Jul 19 2019 00:00:00 GMT+0700 (Indochina Time),$28974
Mon Jul 22 2019 00:00:00 GMT+0700 (Indochina Time),$28974
Thu Jul 25 2019 00:00:00 GMT+0700 (Indochina Time),$28974
Sun Jul 28 2019 00:00:00 GMT+0700 (Indochina Time),$28974
Fri Aug 02 2019 00:00:00 GMT+0700 (Indochina Time),$28974
Sun Aug 04 2019 00:00:00 GMT+0700 (Indochina Time),$29550
Thu Aug 08 2019 00:00:00 GMT+0700 (Indochina Time),$29550
Sun Aug 11 2019 00:00:00 GMT+0700 (Indochina Time),$29550
Wed Aug 14 2019 00:00:00 GMT+0700 (Indochina Time),$29550
Sat Aug 17 2019 00:00:00 GMT+0700 (Indochina Time),$29550
Tue Aug 20 2019 00:00:00 GMT+0700 (Indochina Time),$29550
Fri Aug 23 2019 00:00:00 GMT+0700 (Indochina Time),$29550
Mon Aug 26 2019 00:00:00 GMT+0700 (Indochina Time),$29550
Thu Aug 29 2019 00:00:00 GMT+0700 (Indochina Time),$29550
Sun Sep 01 2019 00:00:00 GMT+0700 (Indochina Time),$29550
Wed Sep 04 2019 00:00:00 GMT+0700 (Indochina Time),$29550
Thu Sep 05 2019 00:00:00 GMT+0700 (Indochina Time),$30737
Tue Sep 10 2019 00:00:00 GMT+0700 (Indochina Time),$30737
Fri Sep 13 2019 00:00:00 GMT+0700 (Indochina Time),$30737
Mon Sep 16 2019 00:00:00 GMT+0700 (Indochina Time),$30737
Thu Sep 19 2019 00:00:00 GMT+0700 (Indochina Time),$30737
Sun Sep 22 2019 00:00:00 GMT+0700 (Indochina Time),$30737
Wed Sep 25 2019 00:00:00 GMT+0700 (Indochina Time),$30737
Sat Sep 28 2019 00:00:00 GMT+0700 (Indochina Time),$30737
Tue Oct 01 2019 00:00:00 GMT+0700 (Indochina Time),$30737
Fri Oct 04 2019 00:00:00 GMT+0700 (Indochina Time),$30737
Mon Oct 07 2019 00:00:00 GMT+0700 (Indochina Time),$30737
Thu Oct 10 2019 00:00:00 GMT+0700 (Indochina Time),$30737
Sun Oct 13 2019 00:00:00 GMT+0700 (Indochina Time),$30737
Wed Oct 16 2019 00:00:00 GMT+0700 (Indochina Time),$30737
Sat Oct 19 2019 00:00:00 GMT+0700 (Indochina Time),$30737
Tue Oct 22 2019 00:00:00 GMT+0700 (Indochina Time),$30737
Fri Oct 25 2019 00:00:00 GMT+0700 (Indochina Time),$30737
Mon Oct 28 2019 00:00:00 GMT+0700 (Indochina Time),$30737
Thu Oct 31 2019 00:00:00 GMT+0700 (Indochina Time),$30737
Sun Nov 03 2019 00:00:00 GMT+0700 (Indochina Time),$30737
Wed Nov 06 2019 00:00:00 GMT+0700 (Indochina Time),$30737
Sat Nov 09 2019 00:00:00 GMT+0700 (Indochina Time),$30737
Tue Nov 12 2019 00:00:00 GMT+0700 (Indochina Time),$30737
Fri Nov 15 2019 00:00:00 GMT+0700 (Indochina Time),$30737
Mon Nov 18 2019 00:00:00 GMT+0700 (Indochina Time),$30737
Thu Nov 21 2019 00:00:00 GMT+0700 (Indochina Time),$30737
Sun Nov 24 2019 00:00:00 GMT+0700 (Indochina Time),$30737
Wed Nov 27 2019 00:00:00 GMT+0700 (Indochina Time),$30737
Sat Nov 30 2019 00:00:00 GMT+0700 (Indochina Time),$30737
Sun Dec 01 2019 00:00:00 GMT+0700 (Indochina Time),$30737
Sat Dec 07 2019 00:00:00 GMT+0700 (Indochina Time),$30737
Tue Dec 10 2019 00:00:00 GMT+0700 (Indochina Time),$30737
Fri Dec 13 2019 00:00:00 GMT+0700 (Indochina Time),$30737
Mon Dec 16 2019 00:00:00 GMT+0700 (Indochina Time),$30737
Thu Dec 19 2019 00:00:00 GMT+0700 (Indochina Time),$30737
Sun Dec 22 2019 00:00:00 GMT+0700 (Indochina Time),$30737
Wed Dec 25 2019 00:00:00 GMT+0700 (Indochina Time),$30737
Sat Dec 28 2019 00:00:00 GMT+0700 (Indochina Time),$30737
Tue Dec 31 2019 00:00:00 GMT+0700 (Indochina Time),$30737
Fri Jan 03 2020 00:00:00 GMT+0700 (Indochina Time),$30737
Mon Jan 06 2020 00:00:00 GMT+0700 (Indochina Time),$30737
Thu Jan 09 2020 00:00:00 GMT+0700 (Indochina Time),$30737
Sun Jan 12 2020 00:00:00 GMT+0700 (Indochina Time),$30737
Wed Jan 15 2020 00:00:00 GMT+0700 (Indochina Time),$30737
Sat Jan 18 2020 00:00:00 GMT+0700 (Indochina Time),$30737
Tue Jan 21 2020 00:00:00 GMT+0700 (Indochina Time),$30737
Fri Jan 24 2020 00:00:00 GMT+0700 (Indochina Time),$30737
Mon Jan 27 2020 00:00:00 GMT+0700 (Indochina Time),$30737
Thu Jan 30 2020 00:00:00 GMT+0700 (Indochina Time),$30737
Sun Feb 02 2020 00:00:00 GMT+0700 (Indochina Time),$30737
Wed Feb 05 2020 00:00:00 GMT+0700 (Indochina Time),$30737
Sat Feb 08 2020 00:00:00 GMT+0700 (Indochina Time),$30737
Tue Feb 11 2020 00:00:00 GMT+0700 (Indochina Time),$30737
Fri Feb 14 2020 00:00:00 GMT+0700 (Indochina Time),$30737
Mon Feb 17 2020 00:00:00 GMT+0700 (Indochina Time),$30737
Thu Feb 20 2020 00:00:00 GMT+0700 (Indochina Time),$30737
Sun Feb 23 2020 00:00:00 GMT+0700 (Indochina Time),$30737
Wed Feb 26 2020 00:00:00 GMT+0700 (Indochina Time),$30737
Sat Feb 29 2020 00:00:00 GMT+0700 (Indochina Time),$30737
Tue Mar 03 2020 00:00:00 GMT+0700 (Indochina Time),$30737
Fri Mar 06 2020 00:00:00 GMT+0700 (Indochina Time),$30737
Mon Mar 09 2020 00:00:00 GMT+0700 (Indochina Time),$30737
Thu Mar 12 2020 00:00:00 GMT+0700 (Indochina Time),$30737
Sun Mar 15 2020 00:00:00 GMT+0700 (Indochina Time),$30737
Wed Mar 18 2020 00:00:00 GMT+0700 (Indochina Time),$30737
Sat Mar 21 2020 00:00:00 GMT+0700 (Indochina Time),$30737
Tue Mar 24 2020 00:00:00 GMT+0700 (Indochina Time),$30737
Wed Mar 25 2020 00:00:00 GMT+0700 (Indochina Time),$31754
Sat Mar 28 2020 00:00:00 GMT+0700 (Indochina Time),$31754
Tue Mar 31 2020 00:00:00 GMT+0700 (Indochina Time),$31754
Fri Apr 03 2020 00:00:00 GMT+0700 (Indochina Time),$31754
Mon Apr 06 2020 00:00:00 GMT+0700 (Indochina Time),$31754
Thu Apr 09 2020 00:00:00 GMT+0700 (Indochina Time),$31754
Sun Apr 12 2020 00:00:00 GMT+0700 (Indochina Time),$31754
Wed Apr 15 2020 00:00:00 GMT+0700 (Indochina Time),$31754
Sat Apr 18 2020 00:00:00 GMT+0700 (Indochina Time),$31754
Tue Apr 21 2020 00:00:00 GMT+0700 (Indochina Time),$31754
Fri Apr 24 2020 00:00:00 GMT+0700 (Indochina Time),$31754
Mon Apr 27 2020 00:00:00 GMT+0700 (Indochina Time),$31754
Thu Apr 30 2020 00:00:00 GMT+0700 (Indochina Time),$31754
Sun May 03 2020 00:00:00 GMT+0700 (Indochina Time),$31754
Wed May 06 2020 00:00:00 GMT+0700 (Indochina Time),$31754
Sat May 09 2020 00:00:00 GMT+0700 (Indochina Time),$31754
Tue May 12 2020 00:00:00 GMT+0700 (Indochina Time),$31754
Fri May 15 2020 00:00:00 GMT+0700 (Indochina Time),$31754
Wed May 20 2020 00:00:00 GMT+0700 (Indochina Time),$31754
Thu May 21 2020 00:00:00 GMT+0700 (Indochina Time),$31526
Sun May 24 2020 00:00:00 GMT+0700 (Indochina Time),$31526
Wed May 27 2020 00:00:00 GMT+0700 (Indochina Time),$31526
Sat May 30 2020 00:00:00 GMT+0700 (Indochina Time),$31526
Tue Jun 02 2020 00:00:00 GMT+0700 (Indochina Time),$31526
Fri Jun 05 2020 00:00:00 GMT+0700 (Indochina Time),$31526
Mon Jun 08 2020 00:00:00 GMT+0700 (Indochina Time),$31526
Thu Jun 11 2020 00:00:00 GMT+0700 (Indochina Time),$31526
Sun Jun 14 2020 00:00:00 GMT+0700 (Indochina Time),$31526
Wed Jun 17 2020 00:00:00 GMT+0700 (Indochina Time),$31526
Sat Jun 20 2020 00:00:00 GMT+0700 (Indochina Time),$31526
Tue Jun 23 2020 00:00:00 GMT+0700 (Indochina Time),$31526
Fri Jun 26 2020 00:00:00 GMT+0700 (Indochina Time),$31526
Mon Jun 29 2020 00:00:00 GMT+0700 (Indochina Time),$31526
Thu Jul 02 2020 00:00:00 GMT+0700 (Indochina Time),$31526
Sun Jul 05 2020 00:00:00 GMT+0700 (Indochina Time),$31526
Wed Jul 08 2020 00:00:00 GMT+0700 (Indochina Time),$31526
Sat Jul 11 2020 00:00:00 GMT+0700 (Indochina Time),$31526
Tue Jul 14 2020 00:00:00 GMT+0700 (Indochina Time),$31526
Fri Jul 17 2020 00:00:00 GMT+0700 (Indochina Time),$31526
Mon Jul 20 2020 00:00:00 GMT+0700 (Indochina Time),$31526
Thu Jul 23 2020 00:00:00 GMT+0700 (Indochina Time),$31526
Sun Jul 26 2020 00:00:00 GMT+0700 (Indochina Time),$31526
Fri Jul 31 2020 00:00:00 GMT+0700 (Indochina Time),$31526
Mon Aug 03 2020 00:00:00 GMT+0700 (Indochina Time),$31358
Tue Aug 04 2020 00:00:00 GMT+0700 (Indochina Time),$31358
Sun Aug 09 2020 00:00:00 GMT+0700 (Indochina Time),$31358
Mon Aug 10 2020 00:00:00 GMT+0700 (Indochina Time),$32437
Thu Aug 13 2020 00:00:00 GMT+0700 (Indochina Time),$32437
Sun Aug 16 2020 00:00:00 GMT+0700 (Indochina Time),$32437
Wed Aug 19 2020 00:00:00 GMT+0700 (Indochina Time),$32437
Mon Aug 24 2020 00:00:00 GMT+0700 (Indochina Time),$32437
Thu Aug 27 2020 00:00:00 GMT+0700 (Indochina Time),$32401
Fri Aug 28 2020 00:00:00 GMT+0700 (Indochina Time),$33218
Mon Aug 31 2020 00:00:00 GMT+0700 (Indochina Time),$33218
Thu Sep 03 2020 00:00:00 GMT+0700 (Indochina Time),$33218
Mon Sep 07 2020 00:00:00 GMT+0700 (Indochina Time),$33218
Thu Sep 10 2020 00:00:00 GMT+0700 (Indochina Time),$33218
Sun Sep 13 2020 00:00:00 GMT+0700 (Indochina Time),$33218
Wed Sep 16 2020 00:00:00 GMT+0700 (Indochina Time),$33218
Sat Sep 19 2020 00:00:00 GMT+0700 (Indochina Time),$33218
Tue Sep 22 2020 00:00:00 GMT+0700 (Indochina Time),$33218
Fri Sep 25 2020 00:00:00 GMT+0700 (Indochina Time),$33218
Mon Sep 28 2020 00:00:00 GMT+0700 (Indochina Time),$33218
Thu Oct 01 2020 00:00:00 GMT+0700 (Indochina Time),$33218
Sun Oct 04 2020 00:00:00 GMT+0700 (Indochina Time),$33218
Wed Oct 07 2020 00:00:00 GMT+0700 (Indochina Time),$33218
Sat Oct 10 2020 00:00:00 GMT+0700 (Indochina Time),$33218
Tue Oct 13 2020 00:00:00 GMT+0700 (Indochina Time),$33218
Fri Oct 16 2020 00:00:00 GMT+0700 (Indochina Time),$33218
Mon Oct 19 2020 00:00:00 GMT+0700 (Indochina Time),$33218
Thu Oct 22 2020 00:00:00 GMT+0700 (Indochina Time),$33218
Tue Oct 27 2020 00:00:00 GMT+0700 (Indochina Time),$33218
Thu Oct 29 2020 00:00:00 GMT+0700 (Indochina Time),$33113
Sat Oct 31 2020 00:00:00 GMT+0700 (Indochina Time),$33113
Tue Nov 03 2020 00:00:00 GMT+0700 (Indochina Time),$33113
Fri Nov 06 2020 00:00:00 GMT+0700 (Indochina Time),$33113
Mon Nov 09 2020 00:00:00 GMT+0700 (Indochina Time),$33113
Sat Nov 14 2020 00:00:00 GMT+0700 (Indochina Time),$33113
Sun Nov 15 2020 00:00:00 GMT+0700 (Indochina Time),$36841
Wed Nov 18 2020 00:00:00 GMT+0700 (Indochina Time),$36841
Mon Nov 23 2020 00:00:00 GMT+0700 (Indochina Time),$36841
Wed Nov 25 2020 00:00:00 GMT+0700 (Indochina Time),$36841
Fri Nov 27 2020 00:00:00 GMT+0700 (Indochina Time),$38228
Mon Nov 30 2020 00:00:00 GMT+0700 (Indochina Time),$38228
Sat Dec 05 2020 00:00:00 GMT+0700 (Indochina Time),$38228
Mon Dec 07 2020 00:00:00 GMT+0700 (Indochina Time),$39105
Wed Dec 09 2020 00:00:00 GMT+0700 (Indochina Time),$39105
Sat Dec 12 2020 00:00:00 GMT+0700 (Indochina Time),$39105
Thu Dec 17 2020 00:00:00 GMT+0700 (Indochina Time),$39105
Sat Dec 19 2020 00:00:00 GMT+0700 (Indochina Time),$41939
Wed Dec 23 2020 00:00:00 GMT+0700 (Indochina Time),$41939
Sat Dec 26 2020 00:00:00 GMT+0700 (Indochina Time),$42246
Mon Dec 28 2020 00:00:00 GMT+0700 (Indochina Time),$43145
Thu Dec 31 2020 00:00:00 GMT+0700 (Indochina Time),$43145
Sun Jan 03 2021 00:00:00 GMT+0700 (Indochina Time),$43567
Tue Jan 05 2021 00:00:00 GMT+0700 (Indochina Time),$45561
Sun Jan 10 2021 00:00:00 GMT+0700 (Indochina Time),$45468
Mon Jan 11 2021 00:00:00 GMT+0700 (Indochina Time),$46429
Sat Jan 16 2021 00:00:00 GMT+0700 (Indochina Time),$46306
Sun Jan 17 2021 00:00:00 GMT+0700 (Indochina Time),$47522
Thu Jan 21 2021 00:00:00 GMT+0700 (Indochina Time),$48946
Mon Jan 25 2021 00:00:00 GMT+0700 (Indochina Time),$48946
Wed Jan 27 2021 00:00:00 GMT+0700 (Indochina Time),$50816
Sun Jan 31 2021 00:00:00 GMT+0700 (Indochina Time),$50816
Tue Feb 02 2021 00:00:00 GMT+0700 (Indochina Time),$52059
Thu Feb 04 2021 00:00:00 GMT+0700 (Indochina Time),$52295
Sun Feb 07 2021 00:00:00 GMT+0700 (Indochina Time),$51667
Thu Feb 11 2021 00:00:00 GMT+0700 (Indochina Time),$51825
Sat Feb 13 2021 00:00:00 GMT+0700 (Indochina Time),$51618
Thu Feb 18 2021 00:00:00 GMT+0700 (Indochina Time),$51467
Sun Feb 21 2021 00:00:00 GMT+0700 (Indochina Time),$52929
Tue Feb 23 2021 00:00:00 GMT+0700 (Indochina Time),$53048
Sat Feb 27 2021 00:00:00 GMT+0700 (Indochina Time),$51563
Tue Mar 02 2021 00:00:00 GMT+0700 (Indochina Time),$51479
Wed Mar 03 2021 00:00:00 GMT+0700 (Indochina Time),$52260
Mon Mar 08 2021 00:00:00 GMT+0700 (Indochina Time),$52014
Wed Mar 10 2021 00:00:00 GMT+0700 (Indochina Time),$52678
Sun Mar 14 2021 00:00:00 GMT+0700 (Indochina Time),$52678
Tue Mar 16 2021 00:00:00 GMT+0700 (Indochina Time),$51204
Sat Mar 20 2021 00:00:00 GMT+0700 (Indochina Time),$52061
Sun Mar 21 2021 00:00:00 GMT+0700 (Indochina Time),$52061
Fri Mar 26 2021 00:00:00 GMT+0700 (Indochina Time),$49961
Sun Mar 28 2021 00:00:00 GMT+0700 (Indochina Time),$49961
Wed Mar 31 2021 00:00:00 GMT+0700 (Indochina Time),$48571
Sat Apr 03 2021 00:00:00 GMT+0700 (Indochina Time),$49011
Wed Apr 07 2021 00:00:00 GMT+0700 (Indochina Time),$49011
Sat Apr 10 2021 00:00:00 GMT+0700 (Indochina Time),$48490
Tue Apr 13 2021 00:00:00 GMT+0700 (Indochina Time),$48490
Thu Apr 15 2021 00:00:00 GMT+0700 (Indochina Time),$48490
Sat Apr 17 2021 00:00:00 GMT+0700 (Indochina Time),$48174
Thu Apr 22 2021 00:00:00 GMT+0700 (Indochina Time),$47678
Fri Apr 23 2021 00:00:00 GMT+0700 (Indochina Time),$49274
Tue Apr 27 2021 00:00:00 GMT+0700 (Indochina Time),$49799
Fri Apr 30 2021 00:00:00 GMT+0700 (Indochina Time),$52291
Tue May 04 2021 00:00:00 GMT+0700 (Indochina Time),$52291
Fri May 07 2021 00:00:00 GMT+0700 (Indochina Time),$52291
Sun May 09 2021 00:00:00 GMT+0700 (Indochina Time),$52291
Tue May 11 2021 00:00:00 GMT+0700 (Indochina Time),$53395
Fri May 14 2021 00:00:00 GMT+0700 (Indochina Time),$53395
Wed May 19 2021 00:00:00 GMT+0700 (Indochina Time),$52098
Thu May 20 2021 00:00:00 GMT+0700 (Indochina Time),$52347
Sun May 23 2021 00:00:00 GMT+0700 (Indochina Time),$52347
Wed May 26 2021 00:00:00 GMT+0700 (Indochina Time),$52347
Mon May 31 2021 00:00:00 GMT+0700 (Indochina Time),$52347
Wed Jun 02 2021 00:00:00 GMT+0700 (Indochina Time),$51361
Sat Jun 05 2021 00:00:00 GMT+0700 (Indochina Time),$51361
Tue Jun 08 2021 00:00:00 GMT+0700 (Indochina Time),$50047
Fri Jun 11 2021 00:00:00 GMT+0700 (Indochina Time),$49704
Mon Jun 14 2021 00:00:00 GMT+0700 (Indochina Time),$49651
Thu Jun 17 2021 00:00:00 GMT+0700 (Indochina Time),$49651
Tue Jun 22 2021 00:00:00 GMT+0700 (Indochina Time),$49651
Fri Jun 25 2021 00:00:00 GMT+0700 (Indochina Time),$49900
Sat Jun 26 2021 00:00:00 GMT+0700 (Indochina Time),$49601
Wed Jun 30 2021 00:00:00 GMT+0700 (Indochina Time),$49601
Fri Jul 02 2021 00:00:00 GMT+0700 (Indochina Time),$49830
Wed Jul 07 2021 00:00:00 GMT+0700 (Indochina Time),$49830
Sat Jul 10 2021 00:00:00 GMT+0700 (Indochina Time),$50230
Tue Jul 13 2021 00:00:00 GMT+0700 (Indochina Time),$50997
Thu Jul 15 2021 00:00:00 GMT+0700 (Indochina Time),$52912
Sat Jul 17 2021 00:00:00 GMT+0700 (Indochina Time),$52912
Thu Jul 22 2021 00:00:00 GMT+0700 (Indochina Time),$52912
Sat Jul 24 2021 00:00:00 GMT+0700 (Indochina Time),$53101
Mon Jul 26 2021 00:00:00 GMT+0700 (Indochina Time),$57842
Thu Jul 29 2021 00:00:00 GMT+0700 (Indochina Time),$57083
Mon Aug 02 2021 00:00:00 GMT+0700 (Indochina Time),$57083
Fri Aug 06 2021 00:00:00 GMT+0700 (Indochina Time),$57316
Sun Aug 08 2021 00:00:00 GMT+0700 (Indochina Time),$57316
Tue Aug 10 2021 00:00:00 GMT+0700 (Indochina Time),$59092
Sat Aug 14 2021 00:00:00 GMT+0700 (Indochina Time),$59092
Mon Aug 16 2021 00:00:00 GMT+0700 (Indochina Time),$62010
Sat Aug 21 2021 00:00:00 GMT+0700 (Indochina Time),$62408
Tue Aug 24 2021 00:00:00 GMT+0700 (Indochina Time),$60999
Thu Aug 26 2021 00:00:00 GMT+0700 (Indochina Time),$63169
Mon Aug 30 2021 00:00:00 GMT+0700 (Indochina Time),$63169
Tue Aug 31 2021 00:00:00 GMT+0700 (Indochina Time),$61967
Sun Sep 05 2021 00:00:00 GMT+0700 (Indochina Time),$61042
Mon Sep 06 2021 00:00:00 GMT+0700 (Indochina Time),$62129
Fri Sep 10 2021 00:00:00 GMT+0700 (Indochina Time),$62227
Sun Sep 12 2021 00:00:00 GMT+0700 (Indochina Time),$63752
Fri Sep 17 2021 00:00:00 GMT+0700 (Indochina Time),$64320
Sun Sep 19 2021 00:00:00 GMT+0700 (Indochina Time),$64989
Tue Sep 21 2021 00:00:00 GMT+0700 (Indochina Time),$64989
Sun Sep 26 2021 00:00:00 GMT+0700 (Indochina Time),$64989
Wed Sep 29 2021 00:00:00 GMT+0700 (Indochina Time),$64978
Thu Sep 30 2021 00:00:00 GMT+0700 (Indochina Time),$64905
Sun Oct 03 2021 00:00:00 GMT+0700 (Indochina Time),$64905
Wed Oct 06 2021 00:00:00 GMT+0700 (Indochina Time),$64905
Sat Oct 09 2021 00:00:00 GMT+0700 (Indochina Time),$64905
Tue Oct 12 2021 00:00:00 GMT+0700 (Indochina Time),$64905
Sun Oct 17 2021 00:00:00 GMT+0700 (Indochina Time),$64905
Wed Oct 20 2021 00:00:00 GMT+0700 (Indochina Time),$65244
Thu Oct 21 2021 00:00:00 GMT+0700 (Indochina Time),$68314
Sun Oct 24 2021 00:00:00 GMT+0700 (Indochina Time),$70637
Wed Oct 27 2021 00:00:00 GMT+0700 (Indochina Time),$68145
Sun Oct 31 2021 00:00:00 GMT+0700 (Indochina Time),$68384
Tue Nov 02 2021 00:00:00 GMT+0700 (Indochina Time),$68384
Sun Nov 07 2021 00:00:00 GMT+0700 (Indochina Time),$68384
Wed Nov 10 2021 00:00:00 GMT+0700 (Indochina Time),$68065
Fri Nov 12 2021 00:00:00 GMT+0700 (Indochina Time),$68065
Tue Nov 16 2021 00:00:00 GMT+0700 (Indochina Time),$65347
Thu Nov 18 2021 00:00:00 GMT+0700 (Indochina Time),$66877
Mon Nov 22 2021 00:00:00 GMT+0700 (Indochina Time),$68558
Tue Nov 23 2021 00:00:00 GMT+0700 (Indochina Time),$67080
Sun Nov 28 2021 00:00:00 GMT+0700 (Indochina Time),$71436
Tue Nov 30 2021 00:00:00 GMT+0700 (Indochina Time),$71846
Thu Dec 02 2021 00:00:00 GMT+0700 (Indochina Time),$71015
Sun Dec 05 2021 00:00:00 GMT+0700 (Indochina Time),$71153
Thu Dec 09 2021 00:00:00 GMT+0700 (Indochina Time),$71352
Mon Dec 13 2021 00:00:00 GMT+0700 (Indochina Time),$71161
Tue Dec 14 2021 00:00:00 GMT+0700 (Indochina Time),$72342
Fri Dec 17 2021 00:00:00 GMT+0700 (Indochina Time),$71141
Wed Dec 22 2021 00:00:00 GMT+0700 (Indochina Time),$71438
Fri Dec 24 2021 00:00:00 GMT+0700 (Indochina Time),$74369
Mon Dec 27 2021 00:00:00 GMT+0700 (Indochina Time),$75910
Wed Dec 29 2021 00:00:00 GMT+0700 (Indochina Time),$73832
Sun Jan 02 2022 00:00:00 GMT+0700 (Indochina Time),$72200
Tue Jan 04 2022 00:00:00 GMT+0700 (Indochina Time),$72018
Fri Jan 07 2022 00:00:00 GMT+0700 (Indochina Time),$76190
Tue Jan 11 2022 00:00:00 GMT+0700 (Indochina Time),$76532
Thu Jan 13 2022 00:00:00 GMT+0700 (Indochina Time),$78078
Mon Jan 17 2022 00:00:00 GMT+0700 (Indochina Time),$78231
Wed Jan 19 2022 00:00:00 GMT+0700 (Indochina Time),$76634
Sun Jan 23 2022 00:00:00 GMT+0700 (Indochina Time),$76800
Tue Jan 25 2022 00:00:00 GMT+0700 (Indochina Time),$78122
Sat Jan 29 2022 00:00:00 GMT+0700 (Indochina Time),$78441
Mon Jan 31 2022 00:00:00 GMT+0700 (Indochina Time),$76548
Sat Feb 05 2022 00:00:00 GMT+0700 (Indochina Time),$76548
Tue Feb 08 2022 00:00:00 GMT+0700 (Indochina Time),$74452
Thu Feb 10 2022 00:00:00 GMT+0700 (Indochina Time),$75195
Sat Feb 12 2022 00:00:00 GMT+0700 (Indochina Time),$79817
Tue Feb 15 2022 00:00:00 GMT+0700 (Indochina Time),$79817
Fri Feb 18 2022 00:00:00 GMT+0700 (Indochina Time),$79817
Wed Feb 23 2022 00:00:00 GMT+0700 (Indochina Time),$79817
Sat Feb 26 2022 00:00:00 GMT+0700 (Indochina Time),$79959
Tue Mar 01 2022 00:00:00 GMT+0700 (Indochina Time),$79959
Thu Mar 03 2022 00:00:00 GMT+0700 (Indochina Time),$79959
Sun Mar 06 2022 00:00:00 GMT+0700 (Indochina Time),$81231
