Sun Mar 10 2019 00:00:00 GMT+0700 (Indochina Time),$8163
Mon Mar 11 2019 00:00:00 GMT+0700 (Indochina Time),$8163
Thu Mar 14 2019 00:00:00 GMT+0700 (Indochina Time),$8163
Sun Mar 17 2019 00:00:00 GMT+0700 (Indochina Time),$8163
Wed Mar 20 2019 00:00:00 GMT+0700 (Indochina Time),$8163
Sat Mar 23 2019 00:00:00 GMT+0700 (Indochina Time),$8163
Tue Mar 26 2019 00:00:00 GMT+0700 (Indochina Time),$8163
Fri Mar 29 2019 00:00:00 GMT+0700 (Indochina Time),$8163
Mon Apr 01 2019 00:00:00 GMT+0700 (Indochina Time),$8163
Thu Apr 04 2019 00:00:00 GMT+0700 (Indochina Time),$8163
Sun Apr 07 2019 00:00:00 GMT+0700 (Indochina Time),$8163
Wed Apr 10 2019 00:00:00 GMT+0700 (Indochina Time),$8163
Sat Apr 13 2019 00:00:00 GMT+0700 (Indochina Time),$8163
Tue Apr 16 2019 00:00:00 GMT+0700 (Indochina Time),$8163
Fri Apr 19 2019 00:00:00 GMT+0700 (Indochina Time),$8163
Mon Apr 22 2019 00:00:00 GMT+0700 (Indochina Time),$8163
Thu Apr 25 2019 00:00:00 GMT+0700 (Indochina Time),$8163
Sun Apr 28 2019 00:00:00 GMT+0700 (Indochina Time),$8163
Wed May 01 2019 00:00:00 GMT+0700 (Indochina Time),$8163
Sat May 04 2019 00:00:00 GMT+0700 (Indochina Time),$8163
Tue May 07 2019 00:00:00 GMT+0700 (Indochina Time),$8163
Fri May 10 2019 00:00:00 GMT+0700 (Indochina Time),$8163
Mon May 13 2019 00:00:00 GMT+0700 (Indochina Time),$8163
Thu May 16 2019 00:00:00 GMT+0700 (Indochina Time),$8163
Sun May 19 2019 00:00:00 GMT+0700 (Indochina Time),$8163
Wed May 22 2019 00:00:00 GMT+0700 (Indochina Time),$8163
Sat May 25 2019 00:00:00 GMT+0700 (Indochina Time),$8163
Tue May 28 2019 00:00:00 GMT+0700 (Indochina Time),$8163
Fri May 31 2019 00:00:00 GMT+0700 (Indochina Time),$8163
Mon Jun 03 2019 00:00:00 GMT+0700 (Indochina Time),$8163
Thu Jun 06 2019 00:00:00 GMT+0700 (Indochina Time),$8163
Sun Jun 09 2019 00:00:00 GMT+0700 (Indochina Time),$8163
Wed Jun 12 2019 00:00:00 GMT+0700 (Indochina Time),$8163
Sat Jun 15 2019 00:00:00 GMT+0700 (Indochina Time),$8163
Tue Jun 18 2019 00:00:00 GMT+0700 (Indochina Time),$8163
Fri Jun 21 2019 00:00:00 GMT+0700 (Indochina Time),$8163
Mon Jun 24 2019 00:00:00 GMT+0700 (Indochina Time),$8163
Thu Jun 27 2019 00:00:00 GMT+0700 (Indochina Time),$8163
Sun Jun 30 2019 00:00:00 GMT+0700 (Indochina Time),$8163
Wed Jul 03 2019 00:00:00 GMT+0700 (Indochina Time),$8163
Sat Jul 06 2019 00:00:00 GMT+0700 (Indochina Time),$8163
Tue Jul 09 2019 00:00:00 GMT+0700 (Indochina Time),$8163
Fri Jul 12 2019 00:00:00 GMT+0700 (Indochina Time),$8163
Mon Jul 15 2019 00:00:00 GMT+0700 (Indochina Time),$8163
Thu Jul 18 2019 00:00:00 GMT+0700 (Indochina Time),$8163
Sun Jul 21 2019 00:00:00 GMT+0700 (Indochina Time),$8163
Wed Jul 24 2019 00:00:00 GMT+0700 (Indochina Time),$8163
Sat Jul 27 2019 00:00:00 GMT+0700 (Indochina Time),$8163
Tue Jul 30 2019 00:00:00 GMT+0700 (Indochina Time),$8163
Fri Aug 02 2019 00:00:00 GMT+0700 (Indochina Time),$8163
Mon Aug 05 2019 00:00:00 GMT+0700 (Indochina Time),$8163
Thu Aug 08 2019 00:00:00 GMT+0700 (Indochina Time),$8163
Sun Aug 11 2019 00:00:00 GMT+0700 (Indochina Time),$8163
Wed Aug 14 2019 00:00:00 GMT+0700 (Indochina Time),$8163
Sat Aug 17 2019 00:00:00 GMT+0700 (Indochina Time),$8163
Tue Aug 20 2019 00:00:00 GMT+0700 (Indochina Time),$8163
Fri Aug 23 2019 00:00:00 GMT+0700 (Indochina Time),$8163
Mon Aug 26 2019 00:00:00 GMT+0700 (Indochina Time),$8163
Thu Aug 29 2019 00:00:00 GMT+0700 (Indochina Time),$8163
Sun Sep 01 2019 00:00:00 GMT+0700 (Indochina Time),$8163
Wed Sep 04 2019 00:00:00 GMT+0700 (Indochina Time),$8163
Sat Sep 07 2019 00:00:00 GMT+0700 (Indochina Time),$8163
Tue Sep 10 2019 00:00:00 GMT+0700 (Indochina Time),$8163
Fri Sep 13 2019 00:00:00 GMT+0700 (Indochina Time),$8163
Mon Sep 16 2019 00:00:00 GMT+0700 (Indochina Time),$8163
Thu Sep 19 2019 00:00:00 GMT+0700 (Indochina Time),$8163
Sun Sep 22 2019 00:00:00 GMT+0700 (Indochina Time),$8163
Wed Sep 25 2019 00:00:00 GMT+0700 (Indochina Time),$8163
Sat Sep 28 2019 00:00:00 GMT+0700 (Indochina Time),$8163
Tue Oct 01 2019 00:00:00 GMT+0700 (Indochina Time),$8163
Fri Oct 04 2019 00:00:00 GMT+0700 (Indochina Time),$8163
Mon Oct 07 2019 00:00:00 GMT+0700 (Indochina Time),$8163
Thu Oct 10 2019 00:00:00 GMT+0700 (Indochina Time),$8163
Sun Oct 13 2019 00:00:00 GMT+0700 (Indochina Time),$8163
Wed Oct 16 2019 00:00:00 GMT+0700 (Indochina Time),$8163
Sat Oct 19 2019 00:00:00 GMT+0700 (Indochina Time),$8163
Tue Oct 22 2019 00:00:00 GMT+0700 (Indochina Time),$8163
Fri Oct 25 2019 00:00:00 GMT+0700 (Indochina Time),$8163
Mon Oct 28 2019 00:00:00 GMT+0700 (Indochina Time),$8163
Thu Oct 31 2019 00:00:00 GMT+0700 (Indochina Time),$8163
Sun Nov 03 2019 00:00:00 GMT+0700 (Indochina Time),$8163
Wed Nov 06 2019 00:00:00 GMT+0700 (Indochina Time),$8163
Sat Nov 09 2019 00:00:00 GMT+0700 (Indochina Time),$8163
Tue Nov 12 2019 00:00:00 GMT+0700 (Indochina Time),$8163
Fri Nov 15 2019 00:00:00 GMT+0700 (Indochina Time),$8163
Mon Nov 18 2019 00:00:00 GMT+0700 (Indochina Time),$8163
Thu Nov 21 2019 00:00:00 GMT+0700 (Indochina Time),$8163
Sun Nov 24 2019 00:00:00 GMT+0700 (Indochina Time),$8163
Wed Nov 27 2019 00:00:00 GMT+0700 (Indochina Time),$8163
Sat Nov 30 2019 00:00:00 GMT+0700 (Indochina Time),$8163
Tue Dec 03 2019 00:00:00 GMT+0700 (Indochina Time),$8163
Fri Dec 06 2019 00:00:00 GMT+0700 (Indochina Time),$8163
Tue Dec 10 2019 00:00:00 GMT+0700 (Indochina Time),$8163
Fri Dec 13 2019 00:00:00 GMT+0700 (Indochina Time),$8163
Mon Dec 16 2019 00:00:00 GMT+0700 (Indochina Time),$8163
Thu Dec 19 2019 00:00:00 GMT+0700 (Indochina Time),$8163
Sun Dec 22 2019 00:00:00 GMT+0700 (Indochina Time),$8163
Wed Dec 25 2019 00:00:00 GMT+0700 (Indochina Time),$8163
Sat Dec 28 2019 00:00:00 GMT+0700 (Indochina Time),$8163
Tue Dec 31 2019 00:00:00 GMT+0700 (Indochina Time),$8163
Fri Jan 03 2020 00:00:00 GMT+0700 (Indochina Time),$8163
Mon Jan 06 2020 00:00:00 GMT+0700 (Indochina Time),$8163
Thu Jan 09 2020 00:00:00 GMT+0700 (Indochina Time),$8163
Sun Jan 12 2020 00:00:00 GMT+0700 (Indochina Time),$8163
Wed Jan 15 2020 00:00:00 GMT+0700 (Indochina Time),$8163
Sat Jan 18 2020 00:00:00 GMT+0700 (Indochina Time),$8163
Tue Jan 21 2020 00:00:00 GMT+0700 (Indochina Time),$8163
Fri Jan 24 2020 00:00:00 GMT+0700 (Indochina Time),$8163
Mon Jan 27 2020 00:00:00 GMT+0700 (Indochina Time),$8163
Sat Feb 01 2020 00:00:00 GMT+0700 (Indochina Time),$8163
Mon Feb 03 2020 00:00:00 GMT+0700 (Indochina Time),$6430
Fri Feb 07 2020 00:00:00 GMT+0700 (Indochina Time),$6430
Mon Feb 10 2020 00:00:00 GMT+0700 (Indochina Time),$6430
Thu Feb 13 2020 00:00:00 GMT+0700 (Indochina Time),$6430
Sun Feb 16 2020 00:00:00 GMT+0700 (Indochina Time),$6430
Wed Feb 19 2020 00:00:00 GMT+0700 (Indochina Time),$6430
Sat Feb 22 2020 00:00:00 GMT+0700 (Indochina Time),$6430
Tue Feb 25 2020 00:00:00 GMT+0700 (Indochina Time),$6430
Fri Feb 28 2020 00:00:00 GMT+0700 (Indochina Time),$6430
Mon Mar 02 2020 00:00:00 GMT+0700 (Indochina Time),$6430
Thu Mar 05 2020 00:00:00 GMT+0700 (Indochina Time),$6430
Sun Mar 08 2020 00:00:00 GMT+0700 (Indochina Time),$6430
Wed Mar 11 2020 00:00:00 GMT+0700 (Indochina Time),$6430
Sat Mar 14 2020 00:00:00 GMT+0700 (Indochina Time),$6430
Tue Mar 17 2020 00:00:00 GMT+0700 (Indochina Time),$6430
Fri Mar 20 2020 00:00:00 GMT+0700 (Indochina Time),$6430
Mon Mar 23 2020 00:00:00 GMT+0700 (Indochina Time),$6430
Thu Mar 26 2020 00:00:00 GMT+0700 (Indochina Time),$6430
Sun Mar 29 2020 00:00:00 GMT+0700 (Indochina Time),$6430
Wed Apr 01 2020 00:00:00 GMT+0700 (Indochina Time),$6430
Sat Apr 04 2020 00:00:00 GMT+0700 (Indochina Time),$6430
Tue Apr 07 2020 00:00:00 GMT+0700 (Indochina Time),$6430
Fri Apr 10 2020 00:00:00 GMT+0700 (Indochina Time),$6430
Mon Apr 13 2020 00:00:00 GMT+0700 (Indochina Time),$6430
Thu Apr 16 2020 00:00:00 GMT+0700 (Indochina Time),$6430
Sun Apr 19 2020 00:00:00 GMT+0700 (Indochina Time),$6430
Wed Apr 22 2020 00:00:00 GMT+0700 (Indochina Time),$6430
Sat Apr 25 2020 00:00:00 GMT+0700 (Indochina Time),$6430
Tue Apr 28 2020 00:00:00 GMT+0700 (Indochina Time),$6430
Fri May 01 2020 00:00:00 GMT+0700 (Indochina Time),$6430
Mon May 04 2020 00:00:00 GMT+0700 (Indochina Time),$6430
Thu May 07 2020 00:00:00 GMT+0700 (Indochina Time),$6430
Sun May 10 2020 00:00:00 GMT+0700 (Indochina Time),$6430
Wed May 13 2020 00:00:00 GMT+0700 (Indochina Time),$6430
Sat May 16 2020 00:00:00 GMT+0700 (Indochina Time),$6430
Tue May 19 2020 00:00:00 GMT+0700 (Indochina Time),$6430
Fri May 22 2020 00:00:00 GMT+0700 (Indochina Time),$6430
Mon May 25 2020 00:00:00 GMT+0700 (Indochina Time),$6430
Thu May 28 2020 00:00:00 GMT+0700 (Indochina Time),$6430
Sun May 31 2020 00:00:00 GMT+0700 (Indochina Time),$6430
Wed Jun 03 2020 00:00:00 GMT+0700 (Indochina Time),$6430
Sat Jun 06 2020 00:00:00 GMT+0700 (Indochina Time),$6430
Tue Jun 09 2020 00:00:00 GMT+0700 (Indochina Time),$6430
Fri Jun 12 2020 00:00:00 GMT+0700 (Indochina Time),$6430
Mon Jun 15 2020 00:00:00 GMT+0700 (Indochina Time),$6430
Thu Jun 18 2020 00:00:00 GMT+0700 (Indochina Time),$6430
Sun Jun 21 2020 00:00:00 GMT+0700 (Indochina Time),$6430
Tue Jun 23 2020 00:00:00 GMT+0700 (Indochina Time),$6430
Thu Jun 25 2020 00:00:00 GMT+0700 (Indochina Time),$5901
Sun Jun 28 2020 00:00:00 GMT+0700 (Indochina Time),$5901
Wed Jul 01 2020 00:00:00 GMT+0700 (Indochina Time),$5901
Sat Jul 04 2020 00:00:00 GMT+0700 (Indochina Time),$5901
Thu Jul 09 2020 00:00:00 GMT+0700 (Indochina Time),$5901
Sat Jul 11 2020 00:00:00 GMT+0700 (Indochina Time),$6051
Wed Jul 15 2020 00:00:00 GMT+0700 (Indochina Time),$6051
Sat Jul 18 2020 00:00:00 GMT+0700 (Indochina Time),$6051
Tue Jul 21 2020 00:00:00 GMT+0700 (Indochina Time),$6051
Fri Jul 24 2020 00:00:00 GMT+0700 (Indochina Time),$6051
Sat Jul 25 2020 00:00:00 GMT+0700 (Indochina Time),$5816
Tue Jul 28 2020 00:00:00 GMT+0700 (Indochina Time),$5816
Fri Jul 31 2020 00:00:00 GMT+0700 (Indochina Time),$5816
Mon Aug 03 2020 00:00:00 GMT+0700 (Indochina Time),$5816
Thu Aug 06 2020 00:00:00 GMT+0700 (Indochina Time),$5816
Sun Aug 09 2020 00:00:00 GMT+0700 (Indochina Time),$5816
Wed Aug 12 2020 00:00:00 GMT+0700 (Indochina Time),$5816
Sat Aug 15 2020 00:00:00 GMT+0700 (Indochina Time),$5816
Tue Aug 18 2020 00:00:00 GMT+0700 (Indochina Time),$5816
Fri Aug 21 2020 00:00:00 GMT+0700 (Indochina Time),$5816
Mon Aug 24 2020 00:00:00 GMT+0700 (Indochina Time),$5816
Thu Aug 27 2020 00:00:00 GMT+0700 (Indochina Time),$5816
Sun Aug 30 2020 00:00:00 GMT+0700 (Indochina Time),$5816
Wed Sep 02 2020 00:00:00 GMT+0700 (Indochina Time),$5816
Sat Sep 05 2020 00:00:00 GMT+0700 (Indochina Time),$5816
Wed Sep 09 2020 00:00:00 GMT+0700 (Indochina Time),$5816
Sat Sep 12 2020 00:00:00 GMT+0700 (Indochina Time),$5816
Tue Sep 15 2020 00:00:00 GMT+0700 (Indochina Time),$5816
Fri Sep 18 2020 00:00:00 GMT+0700 (Indochina Time),$5816
Wed Sep 23 2020 00:00:00 GMT+0700 (Indochina Time),$5816
Sat Sep 26 2020 00:00:00 GMT+0700 (Indochina Time),$5996
Sun Sep 27 2020 00:00:00 GMT+0700 (Indochina Time),$5996
Wed Sep 30 2020 00:00:00 GMT+0700 (Indochina Time),$5996
Sat Oct 03 2020 00:00:00 GMT+0700 (Indochina Time),$5996
Tue Oct 06 2020 00:00:00 GMT+0700 (Indochina Time),$5996
Fri Oct 09 2020 00:00:00 GMT+0700 (Indochina Time),$5996
Mon Oct 12 2020 00:00:00 GMT+0700 (Indochina Time),$5996
Sat Oct 17 2020 00:00:00 GMT+0700 (Indochina Time),$5996
Sun Oct 18 2020 00:00:00 GMT+0700 (Indochina Time),$6105
Wed Oct 21 2020 00:00:00 GMT+0700 (Indochina Time),$6105
Sat Oct 24 2020 00:00:00 GMT+0700 (Indochina Time),$6105
Tue Oct 27 2020 00:00:00 GMT+0700 (Indochina Time),$6105
Fri Oct 30 2020 00:00:00 GMT+0700 (Indochina Time),$6105
Mon Nov 02 2020 00:00:00 GMT+0700 (Indochina Time),$6105
Thu Nov 05 2020 00:00:00 GMT+0700 (Indochina Time),$6105
Sun Nov 08 2020 00:00:00 GMT+0700 (Indochina Time),$6105
Fri Nov 13 2020 00:00:00 GMT+0700 (Indochina Time),$6105
Sun Nov 15 2020 00:00:00 GMT+0700 (Indochina Time),$6454
Wed Nov 18 2020 00:00:00 GMT+0700 (Indochina Time),$6397
Sun Nov 22 2020 00:00:00 GMT+0700 (Indochina Time),$6397
Wed Nov 25 2020 00:00:00 GMT+0700 (Indochina Time),$6416
Thu Nov 26 2020 00:00:00 GMT+0700 (Indochina Time),$6416
Sun Nov 29 2020 00:00:00 GMT+0700 (Indochina Time),$6416
Fri Dec 04 2020 00:00:00 GMT+0700 (Indochina Time),$6416
Sun Dec 06 2020 00:00:00 GMT+0700 (Indochina Time),$6371
Tue Dec 08 2020 00:00:00 GMT+0700 (Indochina Time),$6377
Fri Dec 11 2020 00:00:00 GMT+0700 (Indochina Time),$6377
Mon Dec 14 2020 00:00:00 GMT+0700 (Indochina Time),$6377
Thu Dec 17 2020 00:00:00 GMT+0700 (Indochina Time),$6377
Sun Dec 20 2020 00:00:00 GMT+0700 (Indochina Time),$6377
Wed Dec 23 2020 00:00:00 GMT+0700 (Indochina Time),$6377
Mon Dec 28 2020 00:00:00 GMT+0700 (Indochina Time),$6377
Wed Dec 30 2020 00:00:00 GMT+0700 (Indochina Time),$6431
Fri Jan 01 2021 00:00:00 GMT+0700 (Indochina Time),$6416
Wed Jan 06 2021 00:00:00 GMT+0700 (Indochina Time),$6410
Fri Jan 08 2021 00:00:00 GMT+0700 (Indochina Time),$6452
Tue Jan 12 2021 00:00:00 GMT+0700 (Indochina Time),$6452
Thu Jan 14 2021 00:00:00 GMT+0700 (Indochina Time),$6452
Sat Jan 16 2021 00:00:00 GMT+0700 (Indochina Time),$6549
Tue Jan 19 2021 00:00:00 GMT+0700 (Indochina Time),$6549
Fri Jan 22 2021 00:00:00 GMT+0700 (Indochina Time),$6590
Mon Jan 25 2021 00:00:00 GMT+0700 (Indochina Time),$6590
Sat Jan 30 2021 00:00:00 GMT+0700 (Indochina Time),$6590
Tue Feb 02 2021 00:00:00 GMT+0700 (Indochina Time),$6631
Wed Feb 03 2021 00:00:00 GMT+0700 (Indochina Time),$6631
Sat Feb 06 2021 00:00:00 GMT+0700 (Indochina Time),$6631
Thu Feb 11 2021 00:00:00 GMT+0700 (Indochina Time),$6631
Fri Feb 12 2021 00:00:00 GMT+0700 (Indochina Time),$6454
Mon Feb 15 2021 00:00:00 GMT+0700 (Indochina Time),$6492
Thu Feb 18 2021 00:00:00 GMT+0700 (Indochina Time),$6492
Sun Feb 21 2021 00:00:00 GMT+0700 (Indochina Time),$6492
Wed Feb 24 2021 00:00:00 GMT+0700 (Indochina Time),$6492
Mon Mar 01 2021 00:00:00 GMT+0700 (Indochina Time),$6492
Thu Mar 04 2021 00:00:00 GMT+0700 (Indochina Time),$6480
Sun Mar 07 2021 00:00:00 GMT+0700 (Indochina Time),$6487
Tue Mar 09 2021 00:00:00 GMT+0700 (Indochina Time),$6545
Sat Mar 13 2021 00:00:00 GMT+0700 (Indochina Time),$6516
Sun Mar 14 2021 00:00:00 GMT+0700 (Indochina Time),$6516
Wed Mar 17 2021 00:00:00 GMT+0700 (Indochina Time),$6516
Mon Mar 22 2021 00:00:00 GMT+0700 (Indochina Time),$6516
Thu Mar 25 2021 00:00:00 GMT+0700 (Indochina Time),$6536
Fri Mar 26 2021 00:00:00 GMT+0700 (Indochina Time),$6536
Mon Mar 29 2021 00:00:00 GMT+0700 (Indochina Time),$6536
Thu Apr 01 2021 00:00:00 GMT+0700 (Indochina Time),$6536
Tue Apr 06 2021 00:00:00 GMT+0700 (Indochina Time),$6536
Wed Apr 07 2021 00:00:00 GMT+0700 (Indochina Time),$6512
Sat Apr 10 2021 00:00:00 GMT+0700 (Indochina Time),$6512
Thu Apr 15 2021 00:00:00 GMT+0700 (Indochina Time),$6512
Sun Apr 18 2021 00:00:00 GMT+0700 (Indochina Time),$6528
Tue Apr 20 2021 00:00:00 GMT+0700 (Indochina Time),$6444
Thu Apr 22 2021 00:00:00 GMT+0700 (Indochina Time),$6545
Tue Apr 27 2021 00:00:00 GMT+0700 (Indochina Time),$6484
Wed Apr 28 2021 00:00:00 GMT+0700 (Indochina Time),$6484
Sat May 01 2021 00:00:00 GMT+0700 (Indochina Time),$6484
Tue May 04 2021 00:00:00 GMT+0700 (Indochina Time),$6484
Sun May 09 2021 00:00:00 GMT+0700 (Indochina Time),$6484
Mon May 10 2021 00:00:00 GMT+0700 (Indochina Time),$6440
Thu May 13 2021 00:00:00 GMT+0700 (Indochina Time),$6558
Sun May 16 2021 00:00:00 GMT+0700 (Indochina Time),$6558
Wed May 19 2021 00:00:00 GMT+0700 (Indochina Time),$6558
Mon May 24 2021 00:00:00 GMT+0700 (Indochina Time),$6558
Tue May 25 2021 00:00:00 GMT+0700 (Indochina Time),$6558
Sat May 29 2021 00:00:00 GMT+0700 (Indochina Time),$6666
Mon May 31 2021 00:00:00 GMT+0700 (Indochina Time),$6677
Sat Jun 05 2021 00:00:00 GMT+0700 (Indochina Time),$6670
Sun Jun 06 2021 00:00:00 GMT+0700 (Indochina Time),$6656
Thu Jun 10 2021 00:00:00 GMT+0700 (Indochina Time),$6656
Tue Jun 15 2021 00:00:00 GMT+0700 (Indochina Time),$6656
Thu Jun 17 2021 00:00:00 GMT+0700 (Indochina Time),$6694
Sun Jun 20 2021 00:00:00 GMT+0700 (Indochina Time),$6694
Tue Jun 22 2021 00:00:00 GMT+0700 (Indochina Time),$6680
Sun Jun 27 2021 00:00:00 GMT+0700 (Indochina Time),$6680
Wed Jun 30 2021 00:00:00 GMT+0700 (Indochina Time),$6680
Sat Jul 03 2021 00:00:00 GMT+0700 (Indochina Time),$6680
Tue Jul 06 2021 00:00:00 GMT+0700 (Indochina Time),$6680
Fri Jul 09 2021 00:00:00 GMT+0700 (Indochina Time),$6680
Mon Jul 12 2021 00:00:00 GMT+0700 (Indochina Time),$6680
Thu Jul 15 2021 00:00:00 GMT+0700 (Indochina Time),$6680
Sun Jul 18 2021 00:00:00 GMT+0700 (Indochina Time),$6680
Wed Jul 21 2021 00:00:00 GMT+0700 (Indochina Time),$6680
Fri Jul 23 2021 00:00:00 GMT+0700 (Indochina Time),$6680
Tue Jul 27 2021 00:00:00 GMT+0700 (Indochina Time),$6688
Thu Jul 29 2021 00:00:00 GMT+0700 (Indochina Time),$6662
Mon Aug 02 2021 00:00:00 GMT+0700 (Indochina Time),$6662
Thu Aug 05 2021 00:00:00 GMT+0700 (Indochina Time),$6662
Sun Aug 08 2021 00:00:00 GMT+0700 (Indochina Time),$6662
Wed Aug 11 2021 00:00:00 GMT+0700 (Indochina Time),$6662
Fri Aug 13 2021 00:00:00 GMT+0700 (Indochina Time),$6629
Tue Aug 17 2021 00:00:00 GMT+0700 (Indochina Time),$6629
Wed Aug 18 2021 00:00:00 GMT+0700 (Indochina Time),$6585
Mon Aug 23 2021 00:00:00 GMT+0700 (Indochina Time),$6585
Thu Aug 26 2021 00:00:00 GMT+0700 (Indochina Time),$6585
Sun Aug 29 2021 00:00:00 GMT+0700 (Indochina Time),$6585
Wed Sep 01 2021 00:00:00 GMT+0700 (Indochina Time),$6585
Fri Sep 03 2021 00:00:00 GMT+0700 (Indochina Time),$6599
Sun Sep 05 2021 00:00:00 GMT+0700 (Indochina Time),$6562
Wed Sep 08 2021 00:00:00 GMT+0700 (Indochina Time),$6562
Mon Sep 13 2021 00:00:00 GMT+0700 (Indochina Time),$6562
Wed Sep 15 2021 00:00:00 GMT+0700 (Indochina Time),$6562
Fri Sep 17 2021 00:00:00 GMT+0700 (Indochina Time),$6519
Tue Sep 21 2021 00:00:00 GMT+0700 (Indochina Time),$6460
Fri Sep 24 2021 00:00:00 GMT+0700 (Indochina Time),$6501
Mon Sep 27 2021 00:00:00 GMT+0700 (Indochina Time),$6501
Thu Sep 30 2021 00:00:00 GMT+0700 (Indochina Time),$6439
Sat Oct 02 2021 00:00:00 GMT+0700 (Indochina Time),$6439
Tue Oct 05 2021 00:00:00 GMT+0700 (Indochina Time),$6439
Sun Oct 10 2021 00:00:00 GMT+0700 (Indochina Time),$6439
Tue Oct 12 2021 00:00:00 GMT+0700 (Indochina Time),$6404
Thu Oct 14 2021 00:00:00 GMT+0700 (Indochina Time),$6404
Sun Oct 17 2021 00:00:00 GMT+0700 (Indochina Time),$6404
Wed Oct 20 2021 00:00:00 GMT+0700 (Indochina Time),$6404
Sat Oct 23 2021 00:00:00 GMT+0700 (Indochina Time),$6404
Tue Oct 26 2021 00:00:00 GMT+0700 (Indochina Time),$6404
Fri Oct 29 2021 00:00:00 GMT+0700 (Indochina Time),$6404
Mon Nov 01 2021 00:00:00 GMT+0700 (Indochina Time),$6404
Thu Nov 04 2021 00:00:00 GMT+0700 (Indochina Time),$6404
Sun Nov 07 2021 00:00:00 GMT+0700 (Indochina Time),$6404
Fri Nov 12 2021 00:00:00 GMT+0700 (Indochina Time),$6404
Sat Nov 13 2021 00:00:00 GMT+0700 (Indochina Time),$6473
Tue Nov 16 2021 00:00:00 GMT+0700 (Indochina Time),$6473
Sun Nov 21 2021 00:00:00 GMT+0700 (Indochina Time),$6473
Wed Nov 24 2021 00:00:00 GMT+0700 (Indochina Time),$6516
Thu Nov 25 2021 00:00:00 GMT+0700 (Indochina Time),$6516
Tue Nov 30 2021 00:00:00 GMT+0700 (Indochina Time),$6516
Wed Dec 01 2021 00:00:00 GMT+0700 (Indochina Time),$6489
Mon Dec 06 2021 00:00:00 GMT+0700 (Indochina Time),$6489
Wed Dec 08 2021 00:00:00 GMT+0700 (Indochina Time),$6489
Sat Dec 11 2021 00:00:00 GMT+0700 (Indochina Time),$6595
Tue Dec 14 2021 00:00:00 GMT+0700 (Indochina Time),$6640
Thu Dec 16 2021 00:00:00 GMT+0700 (Indochina Time),$6640
Tue Dec 21 2021 00:00:00 GMT+0700 (Indochina Time),$6640
Thu Dec 23 2021 00:00:00 GMT+0700 (Indochina Time),$6682
Sat Dec 25 2021 00:00:00 GMT+0700 (Indochina Time),$6598
Tue Dec 28 2021 00:00:00 GMT+0700 (Indochina Time),$6547
Sun Jan 02 2022 00:00:00 GMT+0700 (Indochina Time),$6616
Tue Jan 04 2022 00:00:00 GMT+0700 (Indochina Time),$6603
Sat Jan 08 2022 00:00:00 GMT+0700 (Indochina Time),$6603
Mon Jan 10 2022 00:00:00 GMT+0700 (Indochina Time),$6591
Wed Jan 12 2022 00:00:00 GMT+0700 (Indochina Time),$6595
Sat Jan 15 2022 00:00:00 GMT+0700 (Indochina Time),$6595
Thu Jan 20 2022 00:00:00 GMT+0700 (Indochina Time),$6595
Sun Jan 23 2022 00:00:00 GMT+0700 (Indochina Time),$6585
Mon Jan 24 2022 00:00:00 GMT+0700 (Indochina Time),$6596
Fri Jan 28 2022 00:00:00 GMT+0700 (Indochina Time),$6596
Sun Jan 30 2022 00:00:00 GMT+0700 (Indochina Time),$6648
Thu Feb 03 2022 00:00:00 GMT+0700 (Indochina Time),$6648
Sat Feb 05 2022 00:00:00 GMT+0700 (Indochina Time),$6689
Thu Feb 10 2022 00:00:00 GMT+0700 (Indochina Time),$6689
Fri Feb 11 2022 00:00:00 GMT+0700 (Indochina Time),$6725
Mon Feb 14 2022 00:00:00 GMT+0700 (Indochina Time),$6774
Thu Feb 17 2022 00:00:00 GMT+0700 (Indochina Time),$6800
Sun Feb 20 2022 00:00:00 GMT+0700 (Indochina Time),$6800
Wed Feb 23 2022 00:00:00 GMT+0700 (Indochina Time),$6799
Mon Feb 28 2022 00:00:00 GMT+0700 (Indochina Time),$6799
Thu Mar 03 2022 00:00:00 GMT+0700 (Indochina Time),$6796
Sun Mar 06 2022 00:00:00 GMT+0700 (Indochina Time),$6791
Tue Mar 08 2022 00:00:00 GMT+0700 (Indochina Time),$6890
