Mon Mar 08 2021 00:00:00 GMT+0700 (Indochina Time),$1901
Tue Mar 09 2021 00:00:00 GMT+0700 (Indochina Time),$1901
Wed Mar 10 2021 00:00:00 GMT+0700 (Indochina Time),$1901
Thu Mar 11 2021 00:00:00 GMT+0700 (Indochina Time),$1872
Fri Mar 12 2021 00:00:00 GMT+0700 (Indochina Time),$1872
Sat Mar 13 2021 00:00:00 GMT+0700 (Indochina Time),$1872
Sun Mar 14 2021 00:00:00 GMT+0700 (Indochina Time),$1872
Mon Mar 15 2021 00:00:00 GMT+0700 (Indochina Time),$1872
Tue Mar 16 2021 00:00:00 GMT+0700 (Indochina Time),$1850
Wed Mar 17 2021 00:00:00 GMT+0700 (Indochina Time),$1850
Thu Mar 18 2021 00:00:00 GMT+0700 (Indochina Time),$1856
Fri Mar 19 2021 00:00:00 GMT+0700 (Indochina Time),$1859
Sat Mar 20 2021 00:00:00 GMT+0700 (Indochina Time),$1894
Sun Mar 21 2021 00:00:00 GMT+0700 (Indochina Time),$1824
Mon Mar 22 2021 00:00:00 GMT+0700 (Indochina Time),$1824
Tue Mar 23 2021 00:00:00 GMT+0700 (Indochina Time),$1824
Wed Mar 24 2021 00:00:00 GMT+0700 (Indochina Time),$1775
Thu Mar 25 2021 00:00:00 GMT+0700 (Indochina Time),$1775
Fri Mar 26 2021 00:00:00 GMT+0700 (Indochina Time),$1775
Sat Mar 27 2021 00:00:00 GMT+0700 (Indochina Time),$1775
Sun Mar 28 2021 00:00:00 GMT+0700 (Indochina Time),$1763
Mon Mar 29 2021 00:00:00 GMT+0700 (Indochina Time),$1763
Tue Mar 30 2021 00:00:00 GMT+0700 (Indochina Time),$1764
Wed Mar 31 2021 00:00:00 GMT+0700 (Indochina Time),$1771
Thu Apr 01 2021 00:00:00 GMT+0700 (Indochina Time),$1763
Fri Apr 02 2021 00:00:00 GMT+0700 (Indochina Time),$1776
Sat Apr 03 2021 00:00:00 GMT+0700 (Indochina Time),$1776
Sun Apr 04 2021 00:00:00 GMT+0700 (Indochina Time),$1776
Mon Apr 05 2021 00:00:00 GMT+0700 (Indochina Time),$1796
Tue Apr 06 2021 00:00:00 GMT+0700 (Indochina Time),$1780
Wed Apr 07 2021 00:00:00 GMT+0700 (Indochina Time),$1750
Thu Apr 08 2021 00:00:00 GMT+0700 (Indochina Time),$1750
Fri Apr 09 2021 00:00:00 GMT+0700 (Indochina Time),$1750
Sat Apr 10 2021 00:00:00 GMT+0700 (Indochina Time),$1767
Sun Apr 11 2021 00:00:00 GMT+0700 (Indochina Time),$1755
Mon Apr 12 2021 00:00:00 GMT+0700 (Indochina Time),$1755
Tue Apr 13 2021 00:00:00 GMT+0700 (Indochina Time),$1755
Wed Apr 14 2021 00:00:00 GMT+0700 (Indochina Time),$1734
Thu Apr 15 2021 00:00:00 GMT+0700 (Indochina Time),$1747
Fri Apr 16 2021 00:00:00 GMT+0700 (Indochina Time),$1752
Sat Apr 17 2021 00:00:00 GMT+0700 (Indochina Time),$1752
Sun Apr 18 2021 00:00:00 GMT+0700 (Indochina Time),$1765
Mon Apr 19 2021 00:00:00 GMT+0700 (Indochina Time),$1773
Tue Apr 20 2021 00:00:00 GMT+0700 (Indochina Time),$1763
Wed Apr 21 2021 00:00:00 GMT+0700 (Indochina Time),$1746
Thu Apr 22 2021 00:00:00 GMT+0700 (Indochina Time),$1752
Fri Apr 23 2021 00:00:00 GMT+0700 (Indochina Time),$1752
Sat Apr 24 2021 00:00:00 GMT+0700 (Indochina Time),$1752
Sun Apr 25 2021 00:00:00 GMT+0700 (Indochina Time),$1752
Mon Apr 26 2021 00:00:00 GMT+0700 (Indochina Time),$1752
Tue Apr 27 2021 00:00:00 GMT+0700 (Indochina Time),$1752
Wed Apr 28 2021 00:00:00 GMT+0700 (Indochina Time),$1786
Thu Apr 29 2021 00:00:00 GMT+0700 (Indochina Time),$1786
Fri Apr 30 2021 00:00:00 GMT+0700 (Indochina Time),$1745
Sat May 01 2021 00:00:00 GMT+0700 (Indochina Time),$1745
Sun May 02 2021 00:00:00 GMT+0700 (Indochina Time),$1718
Mon May 03 2021 00:00:00 GMT+0700 (Indochina Time),$1718
Tue May 04 2021 00:00:00 GMT+0700 (Indochina Time),$1736
Wed May 05 2021 00:00:00 GMT+0700 (Indochina Time),$1736
Thu May 06 2021 00:00:00 GMT+0700 (Indochina Time),$1718
Fri May 07 2021 00:00:00 GMT+0700 (Indochina Time),$1718
Sat May 08 2021 00:00:00 GMT+0700 (Indochina Time),$1721
Sun May 09 2021 00:00:00 GMT+0700 (Indochina Time),$1712
Mon May 10 2021 00:00:00 GMT+0700 (Indochina Time),$1712
Tue May 11 2021 00:00:00 GMT+0700 (Indochina Time),$1713
Wed May 12 2021 00:00:00 GMT+0700 (Indochina Time),$1734
Thu May 13 2021 00:00:00 GMT+0700 (Indochina Time),$1730
Fri May 14 2021 00:00:00 GMT+0700 (Indochina Time),$1723
Sat May 15 2021 00:00:00 GMT+0700 (Indochina Time),$1745
Sun May 16 2021 00:00:00 GMT+0700 (Indochina Time),$1745
Mon May 17 2021 00:00:00 GMT+0700 (Indochina Time),$1745
Tue May 18 2021 00:00:00 GMT+0700 (Indochina Time),$1756
Wed May 19 2021 00:00:00 GMT+0700 (Indochina Time),$1740
Thu May 20 2021 00:00:00 GMT+0700 (Indochina Time),$1750
Fri May 21 2021 00:00:00 GMT+0700 (Indochina Time),$1750
Sat May 22 2021 00:00:00 GMT+0700 (Indochina Time),$1757
Sun May 23 2021 00:00:00 GMT+0700 (Indochina Time),$1774
Mon May 24 2021 00:00:00 GMT+0700 (Indochina Time),$1795
Tue May 25 2021 00:00:00 GMT+0700 (Indochina Time),$1795
Wed May 26 2021 00:00:00 GMT+0700 (Indochina Time),$1806
Thu May 27 2021 00:00:00 GMT+0700 (Indochina Time),$1806
Fri May 28 2021 00:00:00 GMT+0700 (Indochina Time),$1808
Sat May 29 2021 00:00:00 GMT+0700 (Indochina Time),$1790
Sun May 30 2021 00:00:00 GMT+0700 (Indochina Time),$1794
Mon May 31 2021 00:00:00 GMT+0700 (Indochina Time),$1808
Tue Jun 01 2021 00:00:00 GMT+0700 (Indochina Time),$1808
Wed Jun 02 2021 00:00:00 GMT+0700 (Indochina Time),$1798
Thu Jun 03 2021 00:00:00 GMT+0700 (Indochina Time),$1776
Fri Jun 04 2021 00:00:00 GMT+0700 (Indochina Time),$1752
Sat Jun 05 2021 00:00:00 GMT+0700 (Indochina Time),$1756
Sun Jun 06 2021 00:00:00 GMT+0700 (Indochina Time),$1751
Mon Jun 07 2021 00:00:00 GMT+0700 (Indochina Time),$1751
Tue Jun 08 2021 00:00:00 GMT+0700 (Indochina Time),$1751
Wed Jun 09 2021 00:00:00 GMT+0700 (Indochina Time),$1768
Thu Jun 10 2021 00:00:00 GMT+0700 (Indochina Time),$1761
Fri Jun 11 2021 00:00:00 GMT+0700 (Indochina Time),$1737
Sat Jun 12 2021 00:00:00 GMT+0700 (Indochina Time),$1780
Sun Jun 13 2021 00:00:00 GMT+0700 (Indochina Time),$1780
Mon Jun 14 2021 00:00:00 GMT+0700 (Indochina Time),$1780
Tue Jun 15 2021 00:00:00 GMT+0700 (Indochina Time),$1785
Wed Jun 16 2021 00:00:00 GMT+0700 (Indochina Time),$1764
Thu Jun 17 2021 00:00:00 GMT+0700 (Indochina Time),$1780
Fri Jun 18 2021 00:00:00 GMT+0700 (Indochina Time),$1780
Sat Jun 19 2021 00:00:00 GMT+0700 (Indochina Time),$1789
Sun Jun 20 2021 00:00:00 GMT+0700 (Indochina Time),$1789
Mon Jun 21 2021 00:00:00 GMT+0700 (Indochina Time),$1774
Tue Jun 22 2021 00:00:00 GMT+0700 (Indochina Time),$1756
Wed Jun 23 2021 00:00:00 GMT+0700 (Indochina Time),$1767
Thu Jun 24 2021 00:00:00 GMT+0700 (Indochina Time),$1781
Fri Jun 25 2021 00:00:00 GMT+0700 (Indochina Time),$1781
Sat Jun 26 2021 00:00:00 GMT+0700 (Indochina Time),$1781
Sun Jun 27 2021 00:00:00 GMT+0700 (Indochina Time),$1781
Mon Jun 28 2021 00:00:00 GMT+0700 (Indochina Time),$1781
Tue Jun 29 2021 00:00:00 GMT+0700 (Indochina Time),$1762
Wed Jun 30 2021 00:00:00 GMT+0700 (Indochina Time),$1744
Thu Jul 01 2021 00:00:00 GMT+0700 (Indochina Time),$1759
Fri Jul 02 2021 00:00:00 GMT+0700 (Indochina Time),$1772
Sat Jul 03 2021 00:00:00 GMT+0700 (Indochina Time),$1772
Sun Jul 04 2021 00:00:00 GMT+0700 (Indochina Time),$1747
Mon Jul 05 2021 00:00:00 GMT+0700 (Indochina Time),$1758
Tue Jul 06 2021 00:00:00 GMT+0700 (Indochina Time),$1733
Wed Jul 07 2021 00:00:00 GMT+0700 (Indochina Time),$1723
Thu Jul 08 2021 00:00:00 GMT+0700 (Indochina Time),$1723
Fri Jul 09 2021 00:00:00 GMT+0700 (Indochina Time),$1742
Sat Jul 10 2021 00:00:00 GMT+0700 (Indochina Time),$1742
Sun Jul 11 2021 00:00:00 GMT+0700 (Indochina Time),$1742
Mon Jul 12 2021 00:00:00 GMT+0700 (Indochina Time),$1740
Tue Jul 13 2021 00:00:00 GMT+0700 (Indochina Time),$1755
Wed Jul 14 2021 00:00:00 GMT+0700 (Indochina Time),$1755
Thu Jul 15 2021 00:00:00 GMT+0700 (Indochina Time),$1766
Fri Jul 16 2021 00:00:00 GMT+0700 (Indochina Time),$1754
Sat Jul 17 2021 00:00:00 GMT+0700 (Indochina Time),$1768
Sun Jul 18 2021 00:00:00 GMT+0700 (Indochina Time),$1768
Mon Jul 19 2021 00:00:00 GMT+0700 (Indochina Time),$1786
Tue Jul 20 2021 00:00:00 GMT+0700 (Indochina Time),$1788
Wed Jul 21 2021 00:00:00 GMT+0700 (Indochina Time),$1788
Thu Jul 22 2021 00:00:00 GMT+0700 (Indochina Time),$1788
Fri Jul 23 2021 00:00:00 GMT+0700 (Indochina Time),$1788
Sat Jul 24 2021 00:00:00 GMT+0700 (Indochina Time),$1794
Sun Jul 25 2021 00:00:00 GMT+0700 (Indochina Time),$1774
Mon Jul 26 2021 00:00:00 GMT+0700 (Indochina Time),$1779
Tue Jul 27 2021 00:00:00 GMT+0700 (Indochina Time),$1781
Wed Jul 28 2021 00:00:00 GMT+0700 (Indochina Time),$1746
Thu Jul 29 2021 00:00:00 GMT+0700 (Indochina Time),$1736
Fri Jul 30 2021 00:00:00 GMT+0700 (Indochina Time),$1736
Sat Jul 31 2021 00:00:00 GMT+0700 (Indochina Time),$1736
Sun Aug 01 2021 00:00:00 GMT+0700 (Indochina Time),$1749
Mon Aug 02 2021 00:00:00 GMT+0700 (Indochina Time),$1749
Tue Aug 03 2021 00:00:00 GMT+0700 (Indochina Time),$1749
Wed Aug 04 2021 00:00:00 GMT+0700 (Indochina Time),$1749
Thu Aug 05 2021 00:00:00 GMT+0700 (Indochina Time),$1739
Fri Aug 06 2021 00:00:00 GMT+0700 (Indochina Time),$1742
Sat Aug 07 2021 00:00:00 GMT+0700 (Indochina Time),$1742
Sun Aug 08 2021 00:00:00 GMT+0700 (Indochina Time),$1742
Mon Aug 09 2021 00:00:00 GMT+0700 (Indochina Time),$1742
Tue Aug 10 2021 00:00:00 GMT+0700 (Indochina Time),$1782
Wed Aug 11 2021 00:00:00 GMT+0700 (Indochina Time),$1782
Thu Aug 12 2021 00:00:00 GMT+0700 (Indochina Time),$1799
Fri Aug 13 2021 00:00:00 GMT+0700 (Indochina Time),$1799
Sat Aug 14 2021 00:00:00 GMT+0700 (Indochina Time),$1799
Sun Aug 15 2021 00:00:00 GMT+0700 (Indochina Time),$1799
Mon Aug 16 2021 00:00:00 GMT+0700 (Indochina Time),$1772
Tue Aug 17 2021 00:00:00 GMT+0700 (Indochina Time),$1772
Wed Aug 18 2021 00:00:00 GMT+0700 (Indochina Time),$1774
Thu Aug 19 2021 00:00:00 GMT+0700 (Indochina Time),$1774
Fri Aug 20 2021 00:00:00 GMT+0700 (Indochina Time),$1784
Sat Aug 21 2021 00:00:00 GMT+0700 (Indochina Time),$1784
Sun Aug 22 2021 00:00:00 GMT+0700 (Indochina Time),$1812
Mon Aug 23 2021 00:00:00 GMT+0700 (Indochina Time),$1813
Tue Aug 24 2021 00:00:00 GMT+0700 (Indochina Time),$1810
Wed Aug 25 2021 00:00:00 GMT+0700 (Indochina Time),$1836
Thu Aug 26 2021 00:00:00 GMT+0700 (Indochina Time),$1808
Fri Aug 27 2021 00:00:00 GMT+0700 (Indochina Time),$1805
Sat Aug 28 2021 00:00:00 GMT+0700 (Indochina Time),$1805
Sun Aug 29 2021 00:00:00 GMT+0700 (Indochina Time),$1805
Mon Aug 30 2021 00:00:00 GMT+0700 (Indochina Time),$1788
Tue Aug 31 2021 00:00:00 GMT+0700 (Indochina Time),$1767
Wed Sep 01 2021 00:00:00 GMT+0700 (Indochina Time),$1774
Thu Sep 02 2021 00:00:00 GMT+0700 (Indochina Time),$1800
Fri Sep 03 2021 00:00:00 GMT+0700 (Indochina Time),$1802
Sat Sep 04 2021 00:00:00 GMT+0700 (Indochina Time),$1793
Sun Sep 05 2021 00:00:00 GMT+0700 (Indochina Time),$1793
Mon Sep 06 2021 00:00:00 GMT+0700 (Indochina Time),$1775
Tue Sep 07 2021 00:00:00 GMT+0700 (Indochina Time),$1775
Wed Sep 08 2021 00:00:00 GMT+0700 (Indochina Time),$1775
Thu Sep 09 2021 00:00:00 GMT+0700 (Indochina Time),$1775
Fri Sep 10 2021 00:00:00 GMT+0700 (Indochina Time),$1775
Sat Sep 11 2021 00:00:00 GMT+0700 (Indochina Time),$1759
Sun Sep 12 2021 00:00:00 GMT+0700 (Indochina Time),$1743
Mon Sep 13 2021 00:00:00 GMT+0700 (Indochina Time),$1743
Tue Sep 14 2021 00:00:00 GMT+0700 (Indochina Time),$1722
Wed Sep 15 2021 00:00:00 GMT+0700 (Indochina Time),$1721
Thu Sep 16 2021 00:00:00 GMT+0700 (Indochina Time),$1702
Fri Sep 17 2021 00:00:00 GMT+0700 (Indochina Time),$1717
Sat Sep 18 2021 00:00:00 GMT+0700 (Indochina Time),$1713
Sun Sep 19 2021 00:00:00 GMT+0700 (Indochina Time),$1738
Mon Sep 20 2021 00:00:00 GMT+0700 (Indochina Time),$1738
Tue Sep 21 2021 00:00:00 GMT+0700 (Indochina Time),$1738
Wed Sep 22 2021 00:00:00 GMT+0700 (Indochina Time),$1740
Thu Sep 23 2021 00:00:00 GMT+0700 (Indochina Time),$1737
Fri Sep 24 2021 00:00:00 GMT+0700 (Indochina Time),$1741
Sat Sep 25 2021 00:00:00 GMT+0700 (Indochina Time),$1741
Sun Sep 26 2021 00:00:00 GMT+0700 (Indochina Time),$1741
Mon Sep 27 2021 00:00:00 GMT+0700 (Indochina Time),$1710
Tue Sep 28 2021 00:00:00 GMT+0700 (Indochina Time),$1710
Wed Sep 29 2021 00:00:00 GMT+0700 (Indochina Time),$1690
Thu Sep 30 2021 00:00:00 GMT+0700 (Indochina Time),$1691
Fri Oct 01 2021 00:00:00 GMT+0700 (Indochina Time),$1691
Sat Oct 02 2021 00:00:00 GMT+0700 (Indochina Time),$1743
Sun Oct 03 2021 00:00:00 GMT+0700 (Indochina Time),$1743
Mon Oct 04 2021 00:00:00 GMT+0700 (Indochina Time),$1747
Tue Oct 05 2021 00:00:00 GMT+0700 (Indochina Time),$1747
Wed Oct 06 2021 00:00:00 GMT+0700 (Indochina Time),$1747
Thu Oct 07 2021 00:00:00 GMT+0700 (Indochina Time),$1753
Fri Oct 08 2021 00:00:00 GMT+0700 (Indochina Time),$1702
Sat Oct 09 2021 00:00:00 GMT+0700 (Indochina Time),$1701
Sun Oct 10 2021 00:00:00 GMT+0700 (Indochina Time),$1703
Mon Oct 11 2021 00:00:00 GMT+0700 (Indochina Time),$1697
Tue Oct 12 2021 00:00:00 GMT+0700 (Indochina Time),$1697
Wed Oct 13 2021 00:00:00 GMT+0700 (Indochina Time),$1697
Thu Oct 14 2021 00:00:00 GMT+0700 (Indochina Time),$1697
Fri Oct 15 2021 00:00:00 GMT+0700 (Indochina Time),$1697
Sat Oct 16 2021 00:00:00 GMT+0700 (Indochina Time),$1697
Sun Oct 17 2021 00:00:00 GMT+0700 (Indochina Time),$1679
Mon Oct 18 2021 00:00:00 GMT+0700 (Indochina Time),$1689
Tue Oct 19 2021 00:00:00 GMT+0700 (Indochina Time),$1694
Wed Oct 20 2021 00:00:00 GMT+0700 (Indochina Time),$1694
Thu Oct 21 2021 00:00:00 GMT+0700 (Indochina Time),$1698
Fri Oct 22 2021 00:00:00 GMT+0700 (Indochina Time),$1702
Sat Oct 23 2021 00:00:00 GMT+0700 (Indochina Time),$1693
Sun Oct 24 2021 00:00:00 GMT+0700 (Indochina Time),$1693
Mon Oct 25 2021 00:00:00 GMT+0700 (Indochina Time),$1682
Tue Oct 26 2021 00:00:00 GMT+0700 (Indochina Time),$1690
Wed Oct 27 2021 00:00:00 GMT+0700 (Indochina Time),$1690
Thu Oct 28 2021 00:00:00 GMT+0700 (Indochina Time),$1702
Fri Oct 29 2021 00:00:00 GMT+0700 (Indochina Time),$1710
Sat Oct 30 2021 00:00:00 GMT+0700 (Indochina Time),$1710
Sun Oct 31 2021 00:00:00 GMT+0700 (Indochina Time),$1710
Mon Nov 01 2021 00:00:00 GMT+0700 (Indochina Time),$1724
Tue Nov 02 2021 00:00:00 GMT+0700 (Indochina Time),$1724
Wed Nov 03 2021 00:00:00 GMT+0700 (Indochina Time),$1743
Thu Nov 04 2021 00:00:00 GMT+0700 (Indochina Time),$1745
Fri Nov 05 2021 00:00:00 GMT+0700 (Indochina Time),$1745
Sat Nov 06 2021 00:00:00 GMT+0700 (Indochina Time),$1761
Sun Nov 07 2021 00:00:00 GMT+0700 (Indochina Time),$1761
Mon Nov 08 2021 00:00:00 GMT+0700 (Indochina Time),$1761
Tue Nov 09 2021 00:00:00 GMT+0700 (Indochina Time),$1765
Wed Nov 10 2021 00:00:00 GMT+0700 (Indochina Time),$1765
Thu Nov 11 2021 00:00:00 GMT+0700 (Indochina Time),$1763
Fri Nov 12 2021 00:00:00 GMT+0700 (Indochina Time),$1750
Sat Nov 13 2021 00:00:00 GMT+0700 (Indochina Time),$1758
Sun Nov 14 2021 00:00:00 GMT+0700 (Indochina Time),$1758
Mon Nov 15 2021 00:00:00 GMT+0700 (Indochina Time),$1758
Tue Nov 16 2021 00:00:00 GMT+0700 (Indochina Time),$1754
Wed Nov 17 2021 00:00:00 GMT+0700 (Indochina Time),$1749
Thu Nov 18 2021 00:00:00 GMT+0700 (Indochina Time),$1745
Fri Nov 19 2021 00:00:00 GMT+0700 (Indochina Time),$1723
Sat Nov 20 2021 00:00:00 GMT+0700 (Indochina Time),$1723
Sun Nov 21 2021 00:00:00 GMT+0700 (Indochina Time),$1723
Mon Nov 22 2021 00:00:00 GMT+0700 (Indochina Time),$1723
Tue Nov 23 2021 00:00:00 GMT+0700 (Indochina Time),$1713
Wed Nov 24 2021 00:00:00 GMT+0700 (Indochina Time),$1687
Thu Nov 25 2021 00:00:00 GMT+0700 (Indochina Time),$1687
Fri Nov 26 2021 00:00:00 GMT+0700 (Indochina Time),$1700
Sat Nov 27 2021 00:00:00 GMT+0700 (Indochina Time),$1700
Sun Nov 28 2021 00:00:00 GMT+0700 (Indochina Time),$1700
Mon Nov 29 2021 00:00:00 GMT+0700 (Indochina Time),$1693
Tue Nov 30 2021 00:00:00 GMT+0700 (Indochina Time),$1693
Wed Dec 01 2021 00:00:00 GMT+0700 (Indochina Time),$1681
Thu Dec 02 2021 00:00:00 GMT+0700 (Indochina Time),$1657
Fri Dec 03 2021 00:00:00 GMT+0700 (Indochina Time),$1684
Sat Dec 04 2021 00:00:00 GMT+0700 (Indochina Time),$1690
Sun Dec 05 2021 00:00:00 GMT+0700 (Indochina Time),$1683
Mon Dec 06 2021 00:00:00 GMT+0700 (Indochina Time),$1683
Tue Dec 07 2021 00:00:00 GMT+0700 (Indochina Time),$1679
Wed Dec 08 2021 00:00:00 GMT+0700 (Indochina Time),$1676
Thu Dec 09 2021 00:00:00 GMT+0700 (Indochina Time),$1676
Fri Dec 10 2021 00:00:00 GMT+0700 (Indochina Time),$1679
Sat Dec 11 2021 00:00:00 GMT+0700 (Indochina Time),$1666
Sun Dec 12 2021 00:00:00 GMT+0700 (Indochina Time),$1666
Mon Dec 13 2021 00:00:00 GMT+0700 (Indochina Time),$1665
Tue Dec 14 2021 00:00:00 GMT+0700 (Indochina Time),$1654
Wed Dec 15 2021 00:00:00 GMT+0700 (Indochina Time),$1660
Thu Dec 16 2021 00:00:00 GMT+0700 (Indochina Time),$1660
Fri Dec 17 2021 00:00:00 GMT+0700 (Indochina Time),$1660
Sat Dec 18 2021 00:00:00 GMT+0700 (Indochina Time),$1660
Sun Dec 19 2021 00:00:00 GMT+0700 (Indochina Time),$1660
Mon Dec 20 2021 00:00:00 GMT+0700 (Indochina Time),$1673
Tue Dec 21 2021 00:00:00 GMT+0700 (Indochina Time),$1648
Wed Dec 22 2021 00:00:00 GMT+0700 (Indochina Time),$1636
Thu Dec 23 2021 00:00:00 GMT+0700 (Indochina Time),$1640
Fri Dec 24 2021 00:00:00 GMT+0700 (Indochina Time),$1640
Sat Dec 25 2021 00:00:00 GMT+0700 (Indochina Time),$1634
Sun Dec 26 2021 00:00:00 GMT+0700 (Indochina Time),$1634
Mon Dec 27 2021 00:00:00 GMT+0700 (Indochina Time),$1616
Tue Dec 28 2021 00:00:00 GMT+0700 (Indochina Time),$1616
Wed Dec 29 2021 00:00:00 GMT+0700 (Indochina Time),$1616
Thu Dec 30 2021 00:00:00 GMT+0700 (Indochina Time),$1616
Fri Dec 31 2021 00:00:00 GMT+0700 (Indochina Time),$1616
Sat Jan 01 2022 00:00:00 GMT+0700 (Indochina Time),$1616
Sun Jan 02 2022 00:00:00 GMT+0700 (Indochina Time),$1616
Mon Jan 03 2022 00:00:00 GMT+0700 (Indochina Time),$1616
Tue Jan 04 2022 00:00:00 GMT+0700 (Indochina Time),$1644
Wed Jan 05 2022 00:00:00 GMT+0700 (Indochina Time),$1627
Thu Jan 06 2022 00:00:00 GMT+0700 (Indochina Time),$1611
Fri Jan 07 2022 00:00:00 GMT+0700 (Indochina Time),$1611
Sat Jan 08 2022 00:00:00 GMT+0700 (Indochina Time),$1622
Sun Jan 09 2022 00:00:00 GMT+0700 (Indochina Time),$1622
Mon Jan 10 2022 00:00:00 GMT+0700 (Indochina Time),$1637
Tue Jan 11 2022 00:00:00 GMT+0700 (Indochina Time),$1645
Wed Jan 12 2022 00:00:00 GMT+0700 (Indochina Time),$1645
Thu Jan 13 2022 00:00:00 GMT+0700 (Indochina Time),$1645
Fri Jan 14 2022 00:00:00 GMT+0700 (Indochina Time),$1694
Sat Jan 15 2022 00:00:00 GMT+0700 (Indochina Time),$1694
Sun Jan 16 2022 00:00:00 GMT+0700 (Indochina Time),$1694
Mon Jan 17 2022 00:00:00 GMT+0700 (Indochina Time),$1694
Tue Jan 18 2022 00:00:00 GMT+0700 (Indochina Time),$1675
Wed Jan 19 2022 00:00:00 GMT+0700 (Indochina Time),$1675
Thu Jan 20 2022 00:00:00 GMT+0700 (Indochina Time),$1675
Fri Jan 21 2022 00:00:00 GMT+0700 (Indochina Time),$1675
Sat Jan 22 2022 00:00:00 GMT+0700 (Indochina Time),$1675
Sun Jan 23 2022 00:00:00 GMT+0700 (Indochina Time),$1712
Mon Jan 24 2022 00:00:00 GMT+0700 (Indochina Time),$1712
Tue Jan 25 2022 00:00:00 GMT+0700 (Indochina Time),$1712
Wed Jan 26 2022 00:00:00 GMT+0700 (Indochina Time),$1712
Thu Jan 27 2022 00:00:00 GMT+0700 (Indochina Time),$1712
Fri Jan 28 2022 00:00:00 GMT+0700 (Indochina Time),$1712
Sat Jan 29 2022 00:00:00 GMT+0700 (Indochina Time),$1726
Sun Jan 30 2022 00:00:00 GMT+0700 (Indochina Time),$1726
Mon Jan 31 2022 00:00:00 GMT+0700 (Indochina Time),$1726
Tue Feb 01 2022 00:00:00 GMT+0700 (Indochina Time),$1760
Wed Feb 02 2022 00:00:00 GMT+0700 (Indochina Time),$1760
Thu Feb 03 2022 00:00:00 GMT+0700 (Indochina Time),$1760
Fri Feb 04 2022 00:00:00 GMT+0700 (Indochina Time),$1760
Sat Feb 05 2022 00:00:00 GMT+0700 (Indochina Time),$1751
Sun Feb 06 2022 00:00:00 GMT+0700 (Indochina Time),$1751
Mon Feb 07 2022 00:00:00 GMT+0700 (Indochina Time),$1751
Tue Feb 08 2022 00:00:00 GMT+0700 (Indochina Time),$1720
Wed Feb 09 2022 00:00:00 GMT+0700 (Indochina Time),$1720
Thu Feb 10 2022 00:00:00 GMT+0700 (Indochina Time),$1723
Fri Feb 11 2022 00:00:00 GMT+0700 (Indochina Time),$1726
Sat Feb 12 2022 00:00:00 GMT+0700 (Indochina Time),$1726
Sun Feb 13 2022 00:00:00 GMT+0700 (Indochina Time),$1726
Mon Feb 14 2022 00:00:00 GMT+0700 (Indochina Time),$1726
Tue Feb 15 2022 00:00:00 GMT+0700 (Indochina Time),$1710
Wed Feb 16 2022 00:00:00 GMT+0700 (Indochina Time),$1710
Thu Feb 17 2022 00:00:00 GMT+0700 (Indochina Time),$1710
Fri Feb 18 2022 00:00:00 GMT+0700 (Indochina Time),$1710
Sat Feb 19 2022 00:00:00 GMT+0700 (Indochina Time),$1710
Sun Feb 20 2022 00:00:00 GMT+0700 (Indochina Time),$1710
Mon Feb 21 2022 00:00:00 GMT+0700 (Indochina Time),$1710
Tue Feb 22 2022 00:00:00 GMT+0700 (Indochina Time),$1750
Wed Feb 23 2022 00:00:00 GMT+0700 (Indochina Time),$1762
Thu Feb 24 2022 00:00:00 GMT+0700 (Indochina Time),$1779
Fri Feb 25 2022 00:00:00 GMT+0700 (Indochina Time),$1779
Sat Feb 26 2022 00:00:00 GMT+0700 (Indochina Time),$1779
Sun Feb 27 2022 00:00:00 GMT+0700 (Indochina Time),$1807
Mon Feb 28 2022 00:00:00 GMT+0700 (Indochina Time),$1807
Tue Mar 01 2022 00:00:00 GMT+0700 (Indochina Time),$1807
Wed Mar 02 2022 00:00:00 GMT+0700 (Indochina Time),$1807
Thu Mar 03 2022 00:00:00 GMT+0700 (Indochina Time),$1807
Fri Mar 04 2022 00:00:00 GMT+0700 (Indochina Time),$1782
Sat Mar 05 2022 00:00:00 GMT+0700 (Indochina Time),$1782
Sun Mar 06 2022 00:00:00 GMT+0700 (Indochina Time),$1782
Mon Mar 07 2022 00:00:00 GMT+0700 (Indochina Time),$1782
