Wed Sep 08 2021 00:00:00 GMT+0700 (Indochina Time),$43784
Thu Sep 09 2021 00:00:00 GMT+0700 (Indochina Time),$43784
Fri Sep 10 2021 00:00:00 GMT+0700 (Indochina Time),$44023
Sat Sep 11 2021 00:00:00 GMT+0700 (Indochina Time),$43974
Sun Sep 12 2021 00:00:00 GMT+0700 (Indochina Time),$43670
Mon Sep 13 2021 00:00:00 GMT+0700 (Indochina Time),$43670
Tue Sep 14 2021 00:00:00 GMT+0700 (Indochina Time),$43721
Wed Sep 15 2021 00:00:00 GMT+0700 (Indochina Time),$43774
Thu Sep 16 2021 00:00:00 GMT+0700 (Indochina Time),$43878
Fri Sep 17 2021 00:00:00 GMT+0700 (Indochina Time),$43801
Sat Sep 18 2021 00:00:00 GMT+0700 (Indochina Time),$43670
Sun Sep 19 2021 00:00:00 GMT+0700 (Indochina Time),$43866
Mon Sep 20 2021 00:00:00 GMT+0700 (Indochina Time),$43846
Tue Sep 21 2021 00:00:00 GMT+0700 (Indochina Time),$43868
Wed Sep 22 2021 00:00:00 GMT+0700 (Indochina Time),$43836
Thu Sep 23 2021 00:00:00 GMT+0700 (Indochina Time),$43785
Fri Sep 24 2021 00:00:00 GMT+0700 (Indochina Time),$44453
Sat Sep 25 2021 00:00:00 GMT+0700 (Indochina Time),$44257
Sun Sep 26 2021 00:00:00 GMT+0700 (Indochina Time),$44962
Mon Sep 27 2021 00:00:00 GMT+0700 (Indochina Time),$45119
Tue Sep 28 2021 00:00:00 GMT+0700 (Indochina Time),$45138
Wed Sep 29 2021 00:00:00 GMT+0700 (Indochina Time),$44946
Thu Sep 30 2021 00:00:00 GMT+0700 (Indochina Time),$44973
Fri Oct 01 2021 00:00:00 GMT+0700 (Indochina Time),$44779
Sat Oct 02 2021 00:00:00 GMT+0700 (Indochina Time),$44565
Sun Oct 03 2021 00:00:00 GMT+0700 (Indochina Time),$44537
Mon Oct 04 2021 00:00:00 GMT+0700 (Indochina Time),$44705
Tue Oct 05 2021 00:00:00 GMT+0700 (Indochina Time),$44670
Wed Oct 06 2021 00:00:00 GMT+0700 (Indochina Time),$44370
Thu Oct 07 2021 00:00:00 GMT+0700 (Indochina Time),$44323
Fri Oct 08 2021 00:00:00 GMT+0700 (Indochina Time),$44353
Sat Oct 09 2021 00:00:00 GMT+0700 (Indochina Time),$44614
Sun Oct 10 2021 00:00:00 GMT+0700 (Indochina Time),$45118
Mon Oct 11 2021 00:00:00 GMT+0700 (Indochina Time),$44931
Tue Oct 12 2021 00:00:00 GMT+0700 (Indochina Time),$44992
Wed Oct 13 2021 00:00:00 GMT+0700 (Indochina Time),$44992
Thu Oct 14 2021 00:00:00 GMT+0700 (Indochina Time),$45390
Fri Oct 15 2021 00:00:00 GMT+0700 (Indochina Time),$45390
Sat Oct 16 2021 00:00:00 GMT+0700 (Indochina Time),$45487
Sun Oct 17 2021 00:00:00 GMT+0700 (Indochina Time),$45377
Mon Oct 18 2021 00:00:00 GMT+0700 (Indochina Time),$45377
Tue Oct 19 2021 00:00:00 GMT+0700 (Indochina Time),$45499
Wed Oct 20 2021 00:00:00 GMT+0700 (Indochina Time),$45792
Thu Oct 21 2021 00:00:00 GMT+0700 (Indochina Time),$45748
Fri Oct 22 2021 00:00:00 GMT+0700 (Indochina Time),$45858
Sat Oct 23 2021 00:00:00 GMT+0700 (Indochina Time),$45878
Sun Oct 24 2021 00:00:00 GMT+0700 (Indochina Time),$45908
Mon Oct 25 2021 00:00:00 GMT+0700 (Indochina Time),$46054
Tue Oct 26 2021 00:00:00 GMT+0700 (Indochina Time),$45790
Wed Oct 27 2021 00:00:00 GMT+0700 (Indochina Time),$45790
Thu Oct 28 2021 00:00:00 GMT+0700 (Indochina Time),$45750
Fri Oct 29 2021 00:00:00 GMT+0700 (Indochina Time),$45967
Sat Oct 30 2021 00:00:00 GMT+0700 (Indochina Time),$45814
Sun Oct 31 2021 00:00:00 GMT+0700 (Indochina Time),$45884
Mon Nov 01 2021 00:00:00 GMT+0700 (Indochina Time),$45897
Tue Nov 02 2021 00:00:00 GMT+0700 (Indochina Time),$45974
Wed Nov 03 2021 00:00:00 GMT+0700 (Indochina Time),$46278
Thu Nov 04 2021 00:00:00 GMT+0700 (Indochina Time),$46278
Fri Nov 05 2021 00:00:00 GMT+0700 (Indochina Time),$46278
Sat Nov 06 2021 00:00:00 GMT+0700 (Indochina Time),$46547
Sun Nov 07 2021 00:00:00 GMT+0700 (Indochina Time),$47182
Mon Nov 08 2021 00:00:00 GMT+0700 (Indochina Time),$47182
Tue Nov 09 2021 00:00:00 GMT+0700 (Indochina Time),$47182
Wed Nov 10 2021 00:00:00 GMT+0700 (Indochina Time),$47163
Thu Nov 11 2021 00:00:00 GMT+0700 (Indochina Time),$47163
Fri Nov 12 2021 00:00:00 GMT+0700 (Indochina Time),$47281
Sat Nov 13 2021 00:00:00 GMT+0700 (Indochina Time),$47275
Sun Nov 14 2021 00:00:00 GMT+0700 (Indochina Time),$47275
Mon Nov 15 2021 00:00:00 GMT+0700 (Indochina Time),$47347
Tue Nov 16 2021 00:00:00 GMT+0700 (Indochina Time),$47436
Wed Nov 17 2021 00:00:00 GMT+0700 (Indochina Time),$47758
Thu Nov 18 2021 00:00:00 GMT+0700 (Indochina Time),$47758
Fri Nov 19 2021 00:00:00 GMT+0700 (Indochina Time),$47836
Sat Nov 20 2021 00:00:00 GMT+0700 (Indochina Time),$47642
Sun Nov 21 2021 00:00:00 GMT+0700 (Indochina Time),$47745
Mon Nov 22 2021 00:00:00 GMT+0700 (Indochina Time),$47813
Tue Nov 23 2021 00:00:00 GMT+0700 (Indochina Time),$47585
Wed Nov 24 2021 00:00:00 GMT+0700 (Indochina Time),$47453
Thu Nov 25 2021 00:00:00 GMT+0700 (Indochina Time),$47651
Fri Nov 26 2021 00:00:00 GMT+0700 (Indochina Time),$47422
Sat Nov 27 2021 00:00:00 GMT+0700 (Indochina Time),$47064
Sun Nov 28 2021 00:00:00 GMT+0700 (Indochina Time),$47274
Mon Nov 29 2021 00:00:00 GMT+0700 (Indochina Time),$47422
Tue Nov 30 2021 00:00:00 GMT+0700 (Indochina Time),$48092
Wed Dec 01 2021 00:00:00 GMT+0700 (Indochina Time),$48217
Thu Dec 02 2021 00:00:00 GMT+0700 (Indochina Time),$48252
Fri Dec 03 2021 00:00:00 GMT+0700 (Indochina Time),$48477
Sat Dec 04 2021 00:00:00 GMT+0700 (Indochina Time),$48231
Sun Dec 05 2021 00:00:00 GMT+0700 (Indochina Time),$48074
Mon Dec 06 2021 00:00:00 GMT+0700 (Indochina Time),$48074
Tue Dec 07 2021 00:00:00 GMT+0700 (Indochina Time),$48340
Wed Dec 08 2021 00:00:00 GMT+0700 (Indochina Time),$47561
Thu Dec 09 2021 00:00:00 GMT+0700 (Indochina Time),$47779
Fri Dec 10 2021 00:00:00 GMT+0700 (Indochina Time),$47667
Sat Dec 11 2021 00:00:00 GMT+0700 (Indochina Time),$47667
Sun Dec 12 2021 00:00:00 GMT+0700 (Indochina Time),$47592
Mon Dec 13 2021 00:00:00 GMT+0700 (Indochina Time),$48016
Tue Dec 14 2021 00:00:00 GMT+0700 (Indochina Time),$47857
Wed Dec 15 2021 00:00:00 GMT+0700 (Indochina Time),$48480
Thu Dec 16 2021 00:00:00 GMT+0700 (Indochina Time),$48482
Fri Dec 17 2021 00:00:00 GMT+0700 (Indochina Time),$48701
Sat Dec 18 2021 00:00:00 GMT+0700 (Indochina Time),$49557
Sun Dec 19 2021 00:00:00 GMT+0700 (Indochina Time),$49619
Mon Dec 20 2021 00:00:00 GMT+0700 (Indochina Time),$49619
Tue Dec 21 2021 00:00:00 GMT+0700 (Indochina Time),$48798
Wed Dec 22 2021 00:00:00 GMT+0700 (Indochina Time),$49409
Thu Dec 23 2021 00:00:00 GMT+0700 (Indochina Time),$49679
Fri Dec 24 2021 00:00:00 GMT+0700 (Indochina Time),$49622
Sat Dec 25 2021 00:00:00 GMT+0700 (Indochina Time),$50089
Sun Dec 26 2021 00:00:00 GMT+0700 (Indochina Time),$50352
Mon Dec 27 2021 00:00:00 GMT+0700 (Indochina Time),$50352
Tue Dec 28 2021 00:00:00 GMT+0700 (Indochina Time),$50492
Wed Dec 29 2021 00:00:00 GMT+0700 (Indochina Time),$50505
Thu Dec 30 2021 00:00:00 GMT+0700 (Indochina Time),$50689
Fri Dec 31 2021 00:00:00 GMT+0700 (Indochina Time),$51448
Sat Jan 01 2022 00:00:00 GMT+0700 (Indochina Time),$51490
Sun Jan 02 2022 00:00:00 GMT+0700 (Indochina Time),$51462
Mon Jan 03 2022 00:00:00 GMT+0700 (Indochina Time),$51225
Tue Jan 04 2022 00:00:00 GMT+0700 (Indochina Time),$51280
Wed Jan 05 2022 00:00:00 GMT+0700 (Indochina Time),$51341
Thu Jan 06 2022 00:00:00 GMT+0700 (Indochina Time),$51360
Fri Jan 07 2022 00:00:00 GMT+0700 (Indochina Time),$51535
Sat Jan 08 2022 00:00:00 GMT+0700 (Indochina Time),$51789
Sun Jan 09 2022 00:00:00 GMT+0700 (Indochina Time),$51608
Mon Jan 10 2022 00:00:00 GMT+0700 (Indochina Time),$52429
Tue Jan 11 2022 00:00:00 GMT+0700 (Indochina Time),$52248
Wed Jan 12 2022 00:00:00 GMT+0700 (Indochina Time),$52784
Thu Jan 13 2022 00:00:00 GMT+0700 (Indochina Time),$53396
Fri Jan 14 2022 00:00:00 GMT+0700 (Indochina Time),$53208
Sat Jan 15 2022 00:00:00 GMT+0700 (Indochina Time),$53228
Sun Jan 16 2022 00:00:00 GMT+0700 (Indochina Time),$53228
Mon Jan 17 2022 00:00:00 GMT+0700 (Indochina Time),$53456
Tue Jan 18 2022 00:00:00 GMT+0700 (Indochina Time),$53581
Wed Jan 19 2022 00:00:00 GMT+0700 (Indochina Time),$53891
Thu Jan 20 2022 00:00:00 GMT+0700 (Indochina Time),$53891
Fri Jan 21 2022 00:00:00 GMT+0700 (Indochina Time),$53868
Sat Jan 22 2022 00:00:00 GMT+0700 (Indochina Time),$53868
Sun Jan 23 2022 00:00:00 GMT+0700 (Indochina Time),$54138
Mon Jan 24 2022 00:00:00 GMT+0700 (Indochina Time),$54497
Tue Jan 25 2022 00:00:00 GMT+0700 (Indochina Time),$54647
Wed Jan 26 2022 00:00:00 GMT+0700 (Indochina Time),$54647
Thu Jan 27 2022 00:00:00 GMT+0700 (Indochina Time),$54647
Fri Jan 28 2022 00:00:00 GMT+0700 (Indochina Time),$54647
Sat Jan 29 2022 00:00:00 GMT+0700 (Indochina Time),$54983
Sun Jan 30 2022 00:00:00 GMT+0700 (Indochina Time),$55244
Mon Jan 31 2022 00:00:00 GMT+0700 (Indochina Time),$55730
Tue Feb 01 2022 00:00:00 GMT+0700 (Indochina Time),$56004
Wed Feb 02 2022 00:00:00 GMT+0700 (Indochina Time),$56118
Thu Feb 03 2022 00:00:00 GMT+0700 (Indochina Time),$57158
Fri Feb 04 2022 00:00:00 GMT+0700 (Indochina Time),$57864
Sat Feb 05 2022 00:00:00 GMT+0700 (Indochina Time),$57970
Sun Feb 06 2022 00:00:00 GMT+0700 (Indochina Time),$58477
Mon Feb 07 2022 00:00:00 GMT+0700 (Indochina Time),$58477
Tue Feb 08 2022 00:00:00 GMT+0700 (Indochina Time),$58477
Wed Feb 09 2022 00:00:00 GMT+0700 (Indochina Time),$58477
Thu Feb 10 2022 00:00:00 GMT+0700 (Indochina Time),$58732
Fri Feb 11 2022 00:00:00 GMT+0700 (Indochina Time),$58617
Sat Feb 12 2022 00:00:00 GMT+0700 (Indochina Time),$58617
Sun Feb 13 2022 00:00:00 GMT+0700 (Indochina Time),$60184
Mon Feb 14 2022 00:00:00 GMT+0700 (Indochina Time),$60666
Tue Feb 15 2022 00:00:00 GMT+0700 (Indochina Time),$61551
Wed Feb 16 2022 00:00:00 GMT+0700 (Indochina Time),$62129
Thu Feb 17 2022 00:00:00 GMT+0700 (Indochina Time),$62734
Fri Feb 18 2022 00:00:00 GMT+0700 (Indochina Time),$63722
Sat Feb 19 2022 00:00:00 GMT+0700 (Indochina Time),$64258
Sun Feb 20 2022 00:00:00 GMT+0700 (Indochina Time),$65276
Mon Feb 21 2022 00:00:00 GMT+0700 (Indochina Time),$65276
Tue Feb 22 2022 00:00:00 GMT+0700 (Indochina Time),$65394
Wed Feb 23 2022 00:00:00 GMT+0700 (Indochina Time),$65758
Thu Feb 24 2022 00:00:00 GMT+0700 (Indochina Time),$65758
Fri Feb 25 2022 00:00:00 GMT+0700 (Indochina Time),$65758
Sat Feb 26 2022 00:00:00 GMT+0700 (Indochina Time),$66274
Sun Feb 27 2022 00:00:00 GMT+0700 (Indochina Time),$66722
Mon Feb 28 2022 00:00:00 GMT+0700 (Indochina Time),$66722
Tue Mar 01 2022 00:00:00 GMT+0700 (Indochina Time),$67723
Wed Mar 02 2022 00:00:00 GMT+0700 (Indochina Time),$69661
Thu Mar 03 2022 00:00:00 GMT+0700 (Indochina Time),$69661
Fri Mar 04 2022 00:00:00 GMT+0700 (Indochina Time),$70248
Sat Mar 05 2022 00:00:00 GMT+0700 (Indochina Time),$70588
Sun Mar 06 2022 00:00:00 GMT+0700 (Indochina Time),$70967
