Tue Mar 09 2021 00:00:00 GMT+0700 (Indochina Time),$987
Wed Mar 10 2021 00:00:00 GMT+0700 (Indochina Time),$987
Thu Mar 11 2021 00:00:00 GMT+0700 (Indochina Time),$987
Fri Mar 12 2021 00:00:00 GMT+0700 (Indochina Time),$987
Sat Mar 13 2021 00:00:00 GMT+0700 (Indochina Time),$987
Sun Mar 14 2021 00:00:00 GMT+0700 (Indochina Time),$987
Mon Mar 15 2021 00:00:00 GMT+0700 (Indochina Time),$987
Tue Mar 16 2021 00:00:00 GMT+0700 (Indochina Time),$1011
Wed Mar 17 2021 00:00:00 GMT+0700 (Indochina Time),$1011
Thu Mar 18 2021 00:00:00 GMT+0700 (Indochina Time),$1011
Fri Mar 19 2021 00:00:00 GMT+0700 (Indochina Time),$1011
Sat Mar 20 2021 00:00:00 GMT+0700 (Indochina Time),$1011
Sun Mar 21 2021 00:00:00 GMT+0700 (Indochina Time),$1011
Mon Mar 22 2021 00:00:00 GMT+0700 (Indochina Time),$1011
Tue Mar 23 2021 00:00:00 GMT+0700 (Indochina Time),$1011
Wed Mar 24 2021 00:00:00 GMT+0700 (Indochina Time),$1011
Thu Mar 25 2021 00:00:00 GMT+0700 (Indochina Time),$1011
Fri Mar 26 2021 00:00:00 GMT+0700 (Indochina Time),$1011
Sat Mar 27 2021 00:00:00 GMT+0700 (Indochina Time),$1011
Sun Mar 28 2021 00:00:00 GMT+0700 (Indochina Time),$1011
Mon Mar 29 2021 00:00:00 GMT+0700 (Indochina Time),$1011
Tue Mar 30 2021 00:00:00 GMT+0700 (Indochina Time),$1011
Wed Mar 31 2021 00:00:00 GMT+0700 (Indochina Time),$1011
Thu Apr 01 2021 00:00:00 GMT+0700 (Indochina Time),$1020
Fri Apr 02 2021 00:00:00 GMT+0700 (Indochina Time),$1020
Sat Apr 03 2021 00:00:00 GMT+0700 (Indochina Time),$1020
Sun Apr 04 2021 00:00:00 GMT+0700 (Indochina Time),$1035
Mon Apr 05 2021 00:00:00 GMT+0700 (Indochina Time),$1035
Tue Apr 06 2021 00:00:00 GMT+0700 (Indochina Time),$1035
Wed Apr 07 2021 00:00:00 GMT+0700 (Indochina Time),$1035
Thu Apr 08 2021 00:00:00 GMT+0700 (Indochina Time),$1035
Fri Apr 09 2021 00:00:00 GMT+0700 (Indochina Time),$1035
Sat Apr 10 2021 00:00:00 GMT+0700 (Indochina Time),$1035
Sun Apr 11 2021 00:00:00 GMT+0700 (Indochina Time),$1050
Mon Apr 12 2021 00:00:00 GMT+0700 (Indochina Time),$1050
Tue Apr 13 2021 00:00:00 GMT+0700 (Indochina Time),$1051
Wed Apr 14 2021 00:00:00 GMT+0700 (Indochina Time),$1016
Thu Apr 15 2021 00:00:00 GMT+0700 (Indochina Time),$1016
Fri Apr 16 2021 00:00:00 GMT+0700 (Indochina Time),$1016
Sat Apr 17 2021 00:00:00 GMT+0700 (Indochina Time),$1012
Sun Apr 18 2021 00:00:00 GMT+0700 (Indochina Time),$1012
Mon Apr 19 2021 00:00:00 GMT+0700 (Indochina Time),$1012
Tue Apr 20 2021 00:00:00 GMT+0700 (Indochina Time),$989
Wed Apr 21 2021 00:00:00 GMT+0700 (Indochina Time),$989
Thu Apr 22 2021 00:00:00 GMT+0700 (Indochina Time),$989
Fri Apr 23 2021 00:00:00 GMT+0700 (Indochina Time),$989
Sat Apr 24 2021 00:00:00 GMT+0700 (Indochina Time),$989
Sun Apr 25 2021 00:00:00 GMT+0700 (Indochina Time),$989
Mon Apr 26 2021 00:00:00 GMT+0700 (Indochina Time),$980
Tue Apr 27 2021 00:00:00 GMT+0700 (Indochina Time),$980
Wed Apr 28 2021 00:00:00 GMT+0700 (Indochina Time),$980
Thu Apr 29 2021 00:00:00 GMT+0700 (Indochina Time),$980
Fri Apr 30 2021 00:00:00 GMT+0700 (Indochina Time),$994
Sat May 01 2021 00:00:00 GMT+0700 (Indochina Time),$994
Sun May 02 2021 00:00:00 GMT+0700 (Indochina Time),$994
Mon May 03 2021 00:00:00 GMT+0700 (Indochina Time),$1003
Tue May 04 2021 00:00:00 GMT+0700 (Indochina Time),$1003
Wed May 05 2021 00:00:00 GMT+0700 (Indochina Time),$1003
Thu May 06 2021 00:00:00 GMT+0700 (Indochina Time),$1003
Fri May 07 2021 00:00:00 GMT+0700 (Indochina Time),$987
Sat May 08 2021 00:00:00 GMT+0700 (Indochina Time),$989
Sun May 09 2021 00:00:00 GMT+0700 (Indochina Time),$980
Mon May 10 2021 00:00:00 GMT+0700 (Indochina Time),$980
Tue May 11 2021 00:00:00 GMT+0700 (Indochina Time),$980
Wed May 12 2021 00:00:00 GMT+0700 (Indochina Time),$980
Thu May 13 2021 00:00:00 GMT+0700 (Indochina Time),$981
Fri May 14 2021 00:00:00 GMT+0700 (Indochina Time),$981
Sat May 15 2021 00:00:00 GMT+0700 (Indochina Time),$981
Sun May 16 2021 00:00:00 GMT+0700 (Indochina Time),$981
Mon May 17 2021 00:00:00 GMT+0700 (Indochina Time),$973
Tue May 18 2021 00:00:00 GMT+0700 (Indochina Time),$973
Wed May 19 2021 00:00:00 GMT+0700 (Indochina Time),$973
Thu May 20 2021 00:00:00 GMT+0700 (Indochina Time),$973
Fri May 21 2021 00:00:00 GMT+0700 (Indochina Time),$973
Sat May 22 2021 00:00:00 GMT+0700 (Indochina Time),$973
Sun May 23 2021 00:00:00 GMT+0700 (Indochina Time),$973
Mon May 24 2021 00:00:00 GMT+0700 (Indochina Time),$973
Tue May 25 2021 00:00:00 GMT+0700 (Indochina Time),$973
Wed May 26 2021 00:00:00 GMT+0700 (Indochina Time),$973
Thu May 27 2021 00:00:00 GMT+0700 (Indochina Time),$973
Fri May 28 2021 00:00:00 GMT+0700 (Indochina Time),$973
Sat May 29 2021 00:00:00 GMT+0700 (Indochina Time),$973
Sun May 30 2021 00:00:00 GMT+0700 (Indochina Time),$973
Mon May 31 2021 00:00:00 GMT+0700 (Indochina Time),$973
Tue Jun 01 2021 00:00:00 GMT+0700 (Indochina Time),$973
Wed Jun 02 2021 00:00:00 GMT+0700 (Indochina Time),$963
Thu Jun 03 2021 00:00:00 GMT+0700 (Indochina Time),$963
Fri Jun 04 2021 00:00:00 GMT+0700 (Indochina Time),$963
Sat Jun 05 2021 00:00:00 GMT+0700 (Indochina Time),$944
Sun Jun 06 2021 00:00:00 GMT+0700 (Indochina Time),$944
Mon Jun 07 2021 00:00:00 GMT+0700 (Indochina Time),$944
Tue Jun 08 2021 00:00:00 GMT+0700 (Indochina Time),$978
Wed Jun 09 2021 00:00:00 GMT+0700 (Indochina Time),$978
Thu Jun 10 2021 00:00:00 GMT+0700 (Indochina Time),$978
Fri Jun 11 2021 00:00:00 GMT+0700 (Indochina Time),$978
Sat Jun 12 2021 00:00:00 GMT+0700 (Indochina Time),$978
Sun Jun 13 2021 00:00:00 GMT+0700 (Indochina Time),$978
Mon Jun 14 2021 00:00:00 GMT+0700 (Indochina Time),$978
Tue Jun 15 2021 00:00:00 GMT+0700 (Indochina Time),$978
Wed Jun 16 2021 00:00:00 GMT+0700 (Indochina Time),$978
Thu Jun 17 2021 00:00:00 GMT+0700 (Indochina Time),$988
Fri Jun 18 2021 00:00:00 GMT+0700 (Indochina Time),$988
Sat Jun 19 2021 00:00:00 GMT+0700 (Indochina Time),$988
Sun Jun 20 2021 00:00:00 GMT+0700 (Indochina Time),$988
Mon Jun 21 2021 00:00:00 GMT+0700 (Indochina Time),$988
Tue Jun 22 2021 00:00:00 GMT+0700 (Indochina Time),$988
Wed Jun 23 2021 00:00:00 GMT+0700 (Indochina Time),$988
Thu Jun 24 2021 00:00:00 GMT+0700 (Indochina Time),$988
Fri Jun 25 2021 00:00:00 GMT+0700 (Indochina Time),$988
Sat Jun 26 2021 00:00:00 GMT+0700 (Indochina Time),$988
Sun Jun 27 2021 00:00:00 GMT+0700 (Indochina Time),$986
Mon Jun 28 2021 00:00:00 GMT+0700 (Indochina Time),$986
Tue Jun 29 2021 00:00:00 GMT+0700 (Indochina Time),$985
Wed Jun 30 2021 00:00:00 GMT+0700 (Indochina Time),$985
Thu Jul 01 2021 00:00:00 GMT+0700 (Indochina Time),$985
Fri Jul 02 2021 00:00:00 GMT+0700 (Indochina Time),$990
Sat Jul 03 2021 00:00:00 GMT+0700 (Indochina Time),$996
Sun Jul 04 2021 00:00:00 GMT+0700 (Indochina Time),$996
Mon Jul 05 2021 00:00:00 GMT+0700 (Indochina Time),$996
Tue Jul 06 2021 00:00:00 GMT+0700 (Indochina Time),$996
Wed Jul 07 2021 00:00:00 GMT+0700 (Indochina Time),$1028
Thu Jul 08 2021 00:00:00 GMT+0700 (Indochina Time),$1028
Fri Jul 09 2021 00:00:00 GMT+0700 (Indochina Time),$1028
Sat Jul 10 2021 00:00:00 GMT+0700 (Indochina Time),$1028
Sun Jul 11 2021 00:00:00 GMT+0700 (Indochina Time),$1025
Mon Jul 12 2021 00:00:00 GMT+0700 (Indochina Time),$1025
Tue Jul 13 2021 00:00:00 GMT+0700 (Indochina Time),$1025
Wed Jul 14 2021 00:00:00 GMT+0700 (Indochina Time),$1025
Thu Jul 15 2021 00:00:00 GMT+0700 (Indochina Time),$1025
Fri Jul 16 2021 00:00:00 GMT+0700 (Indochina Time),$1025
Sat Jul 17 2021 00:00:00 GMT+0700 (Indochina Time),$1025
Sun Jul 18 2021 00:00:00 GMT+0700 (Indochina Time),$1025
Mon Jul 19 2021 00:00:00 GMT+0700 (Indochina Time),$1025
Tue Jul 20 2021 00:00:00 GMT+0700 (Indochina Time),$1025
Wed Jul 21 2021 00:00:00 GMT+0700 (Indochina Time),$1041
Thu Jul 22 2021 00:00:00 GMT+0700 (Indochina Time),$1041
Fri Jul 23 2021 00:00:00 GMT+0700 (Indochina Time),$1041
Sat Jul 24 2021 00:00:00 GMT+0700 (Indochina Time),$1041
Sun Jul 25 2021 00:00:00 GMT+0700 (Indochina Time),$1045
Mon Jul 26 2021 00:00:00 GMT+0700 (Indochina Time),$1045
Tue Jul 27 2021 00:00:00 GMT+0700 (Indochina Time),$1045
Wed Jul 28 2021 00:00:00 GMT+0700 (Indochina Time),$1045
Thu Jul 29 2021 00:00:00 GMT+0700 (Indochina Time),$1045
Fri Jul 30 2021 00:00:00 GMT+0700 (Indochina Time),$1045
Sat Jul 31 2021 00:00:00 GMT+0700 (Indochina Time),$1045
Sun Aug 01 2021 00:00:00 GMT+0700 (Indochina Time),$1045
Mon Aug 02 2021 00:00:00 GMT+0700 (Indochina Time),$1045
Tue Aug 03 2021 00:00:00 GMT+0700 (Indochina Time),$1045
Wed Aug 04 2021 00:00:00 GMT+0700 (Indochina Time),$1039
Thu Aug 05 2021 00:00:00 GMT+0700 (Indochina Time),$1039
Fri Aug 06 2021 00:00:00 GMT+0700 (Indochina Time),$1057
Sat Aug 07 2021 00:00:00 GMT+0700 (Indochina Time),$1057
Sun Aug 08 2021 00:00:00 GMT+0700 (Indochina Time),$1057
Mon Aug 09 2021 00:00:00 GMT+0700 (Indochina Time),$1058
Tue Aug 10 2021 00:00:00 GMT+0700 (Indochina Time),$1058
Wed Aug 11 2021 00:00:00 GMT+0700 (Indochina Time),$1055
Thu Aug 12 2021 00:00:00 GMT+0700 (Indochina Time),$1058
Fri Aug 13 2021 00:00:00 GMT+0700 (Indochina Time),$1058
Sat Aug 14 2021 00:00:00 GMT+0700 (Indochina Time),$1058
Sun Aug 15 2021 00:00:00 GMT+0700 (Indochina Time),$1058
Mon Aug 16 2021 00:00:00 GMT+0700 (Indochina Time),$1058
Tue Aug 17 2021 00:00:00 GMT+0700 (Indochina Time),$1058
Wed Aug 18 2021 00:00:00 GMT+0700 (Indochina Time),$1058
Thu Aug 19 2021 00:00:00 GMT+0700 (Indochina Time),$1058
Fri Aug 20 2021 00:00:00 GMT+0700 (Indochina Time),$1058
Sat Aug 21 2021 00:00:00 GMT+0700 (Indochina Time),$1058
Sun Aug 22 2021 00:00:00 GMT+0700 (Indochina Time),$1086
Mon Aug 23 2021 00:00:00 GMT+0700 (Indochina Time),$1086
Tue Aug 24 2021 00:00:00 GMT+0700 (Indochina Time),$1086
Wed Aug 25 2021 00:00:00 GMT+0700 (Indochina Time),$1086
Thu Aug 26 2021 00:00:00 GMT+0700 (Indochina Time),$1086
Fri Aug 27 2021 00:00:00 GMT+0700 (Indochina Time),$1086
Sat Aug 28 2021 00:00:00 GMT+0700 (Indochina Time),$1083
Sun Aug 29 2021 00:00:00 GMT+0700 (Indochina Time),$1083
Mon Aug 30 2021 00:00:00 GMT+0700 (Indochina Time),$1083
Tue Aug 31 2021 00:00:00 GMT+0700 (Indochina Time),$1083
Wed Sep 01 2021 00:00:00 GMT+0700 (Indochina Time),$1083
Thu Sep 02 2021 00:00:00 GMT+0700 (Indochina Time),$1083
Fri Sep 03 2021 00:00:00 GMT+0700 (Indochina Time),$1083
Sat Sep 04 2021 00:00:00 GMT+0700 (Indochina Time),$1110
Sun Sep 05 2021 00:00:00 GMT+0700 (Indochina Time),$1130
Mon Sep 06 2021 00:00:00 GMT+0700 (Indochina Time),$1130
Tue Sep 07 2021 00:00:00 GMT+0700 (Indochina Time),$1130
Wed Sep 08 2021 00:00:00 GMT+0700 (Indochina Time),$1130
Thu Sep 09 2021 00:00:00 GMT+0700 (Indochina Time),$1137
Fri Sep 10 2021 00:00:00 GMT+0700 (Indochina Time),$1126
Sat Sep 11 2021 00:00:00 GMT+0700 (Indochina Time),$1138
Sun Sep 12 2021 00:00:00 GMT+0700 (Indochina Time),$1137
Mon Sep 13 2021 00:00:00 GMT+0700 (Indochina Time),$1137
Tue Sep 14 2021 00:00:00 GMT+0700 (Indochina Time),$1137
Wed Sep 15 2021 00:00:00 GMT+0700 (Indochina Time),$1137
Thu Sep 16 2021 00:00:00 GMT+0700 (Indochina Time),$1137
Fri Sep 17 2021 00:00:00 GMT+0700 (Indochina Time),$1147
Sat Sep 18 2021 00:00:00 GMT+0700 (Indochina Time),$1148
Sun Sep 19 2021 00:00:00 GMT+0700 (Indochina Time),$1156
Mon Sep 20 2021 00:00:00 GMT+0700 (Indochina Time),$1168
Tue Sep 21 2021 00:00:00 GMT+0700 (Indochina Time),$1168
Wed Sep 22 2021 00:00:00 GMT+0700 (Indochina Time),$1168
Thu Sep 23 2021 00:00:00 GMT+0700 (Indochina Time),$1168
Fri Sep 24 2021 00:00:00 GMT+0700 (Indochina Time),$1168
Sat Sep 25 2021 00:00:00 GMT+0700 (Indochina Time),$1168
Sun Sep 26 2021 00:00:00 GMT+0700 (Indochina Time),$1168
Mon Sep 27 2021 00:00:00 GMT+0700 (Indochina Time),$1168
Tue Sep 28 2021 00:00:00 GMT+0700 (Indochina Time),$1168
Wed Sep 29 2021 00:00:00 GMT+0700 (Indochina Time),$1166
Thu Sep 30 2021 00:00:00 GMT+0700 (Indochina Time),$1166
Fri Oct 01 2021 00:00:00 GMT+0700 (Indochina Time),$1166
Sat Oct 02 2021 00:00:00 GMT+0700 (Indochina Time),$1166
Sun Oct 03 2021 00:00:00 GMT+0700 (Indochina Time),$1180
Mon Oct 04 2021 00:00:00 GMT+0700 (Indochina Time),$1196
Tue Oct 05 2021 00:00:00 GMT+0700 (Indochina Time),$1196
Wed Oct 06 2021 00:00:00 GMT+0700 (Indochina Time),$1196
Thu Oct 07 2021 00:00:00 GMT+0700 (Indochina Time),$1196
Fri Oct 08 2021 00:00:00 GMT+0700 (Indochina Time),$1196
Sat Oct 09 2021 00:00:00 GMT+0700 (Indochina Time),$1196
Sun Oct 10 2021 00:00:00 GMT+0700 (Indochina Time),$1196
Mon Oct 11 2021 00:00:00 GMT+0700 (Indochina Time),$1196
Tue Oct 12 2021 00:00:00 GMT+0700 (Indochina Time),$1187
Wed Oct 13 2021 00:00:00 GMT+0700 (Indochina Time),$1192
Thu Oct 14 2021 00:00:00 GMT+0700 (Indochina Time),$1194
Fri Oct 15 2021 00:00:00 GMT+0700 (Indochina Time),$1194
Sat Oct 16 2021 00:00:00 GMT+0700 (Indochina Time),$1207
Sun Oct 17 2021 00:00:00 GMT+0700 (Indochina Time),$1207
Mon Oct 18 2021 00:00:00 GMT+0700 (Indochina Time),$1207
Tue Oct 19 2021 00:00:00 GMT+0700 (Indochina Time),$1227
Wed Oct 20 2021 00:00:00 GMT+0700 (Indochina Time),$1227
Thu Oct 21 2021 00:00:00 GMT+0700 (Indochina Time),$1227
Fri Oct 22 2021 00:00:00 GMT+0700 (Indochina Time),$1227
Sat Oct 23 2021 00:00:00 GMT+0700 (Indochina Time),$1227
Sun Oct 24 2021 00:00:00 GMT+0700 (Indochina Time),$1227
Mon Oct 25 2021 00:00:00 GMT+0700 (Indochina Time),$1227
Tue Oct 26 2021 00:00:00 GMT+0700 (Indochina Time),$1227
Wed Oct 27 2021 00:00:00 GMT+0700 (Indochina Time),$1227
Thu Oct 28 2021 00:00:00 GMT+0700 (Indochina Time),$1227
Fri Oct 29 2021 00:00:00 GMT+0700 (Indochina Time),$1227
Sat Oct 30 2021 00:00:00 GMT+0700 (Indochina Time),$1227
Sun Oct 31 2021 00:00:00 GMT+0700 (Indochina Time),$1227
Mon Nov 01 2021 00:00:00 GMT+0700 (Indochina Time),$1226
Tue Nov 02 2021 00:00:00 GMT+0700 (Indochina Time),$1226
Wed Nov 03 2021 00:00:00 GMT+0700 (Indochina Time),$1226
Thu Nov 04 2021 00:00:00 GMT+0700 (Indochina Time),$1226
Fri Nov 05 2021 00:00:00 GMT+0700 (Indochina Time),$1226
Sat Nov 06 2021 00:00:00 GMT+0700 (Indochina Time),$1226
Sun Nov 07 2021 00:00:00 GMT+0700 (Indochina Time),$1220
Mon Nov 08 2021 00:00:00 GMT+0700 (Indochina Time),$1220
Tue Nov 09 2021 00:00:00 GMT+0700 (Indochina Time),$1220
Wed Nov 10 2021 00:00:00 GMT+0700 (Indochina Time),$1231
Thu Nov 11 2021 00:00:00 GMT+0700 (Indochina Time),$1231
Fri Nov 12 2021 00:00:00 GMT+0700 (Indochina Time),$1231
Sat Nov 13 2021 00:00:00 GMT+0700 (Indochina Time),$1203
Sun Nov 14 2021 00:00:00 GMT+0700 (Indochina Time),$1203
Mon Nov 15 2021 00:00:00 GMT+0700 (Indochina Time),$1203
Tue Nov 16 2021 00:00:00 GMT+0700 (Indochina Time),$1203
Wed Nov 17 2021 00:00:00 GMT+0700 (Indochina Time),$1203
Thu Nov 18 2021 00:00:00 GMT+0700 (Indochina Time),$1210
Fri Nov 19 2021 00:00:00 GMT+0700 (Indochina Time),$1210
Sat Nov 20 2021 00:00:00 GMT+0700 (Indochina Time),$1223
Sun Nov 21 2021 00:00:00 GMT+0700 (Indochina Time),$1223
Mon Nov 22 2021 00:00:00 GMT+0700 (Indochina Time),$1223
Tue Nov 23 2021 00:00:00 GMT+0700 (Indochina Time),$1223
Wed Nov 24 2021 00:00:00 GMT+0700 (Indochina Time),$1212
Thu Nov 25 2021 00:00:00 GMT+0700 (Indochina Time),$1212
Fri Nov 26 2021 00:00:00 GMT+0700 (Indochina Time),$1231
Sat Nov 27 2021 00:00:00 GMT+0700 (Indochina Time),$1244
Sun Nov 28 2021 00:00:00 GMT+0700 (Indochina Time),$1244
Mon Nov 29 2021 00:00:00 GMT+0700 (Indochina Time),$1244
Tue Nov 30 2021 00:00:00 GMT+0700 (Indochina Time),$1244
Wed Dec 01 2021 00:00:00 GMT+0700 (Indochina Time),$1258
Thu Dec 02 2021 00:00:00 GMT+0700 (Indochina Time),$1258
Fri Dec 03 2021 00:00:00 GMT+0700 (Indochina Time),$1258
Sat Dec 04 2021 00:00:00 GMT+0700 (Indochina Time),$1255
Sun Dec 05 2021 00:00:00 GMT+0700 (Indochina Time),$1255
Mon Dec 06 2021 00:00:00 GMT+0700 (Indochina Time),$1263
Tue Dec 07 2021 00:00:00 GMT+0700 (Indochina Time),$1242
Wed Dec 08 2021 00:00:00 GMT+0700 (Indochina Time),$1242
Thu Dec 09 2021 00:00:00 GMT+0700 (Indochina Time),$1242
Fri Dec 10 2021 00:00:00 GMT+0700 (Indochina Time),$1242
Sat Dec 11 2021 00:00:00 GMT+0700 (Indochina Time),$1243
Sun Dec 12 2021 00:00:00 GMT+0700 (Indochina Time),$1243
Mon Dec 13 2021 00:00:00 GMT+0700 (Indochina Time),$1243
Tue Dec 14 2021 00:00:00 GMT+0700 (Indochina Time),$1229
Wed Dec 15 2021 00:00:00 GMT+0700 (Indochina Time),$1231
Thu Dec 16 2021 00:00:00 GMT+0700 (Indochina Time),$1231
Fri Dec 17 2021 00:00:00 GMT+0700 (Indochina Time),$1229
Sat Dec 18 2021 00:00:00 GMT+0700 (Indochina Time),$1229
Sun Dec 19 2021 00:00:00 GMT+0700 (Indochina Time),$1229
Mon Dec 20 2021 00:00:00 GMT+0700 (Indochina Time),$1239
Tue Dec 21 2021 00:00:00 GMT+0700 (Indochina Time),$1239
Wed Dec 22 2021 00:00:00 GMT+0700 (Indochina Time),$1239
Thu Dec 23 2021 00:00:00 GMT+0700 (Indochina Time),$1242
Fri Dec 24 2021 00:00:00 GMT+0700 (Indochina Time),$1242
Sat Dec 25 2021 00:00:00 GMT+0700 (Indochina Time),$1248
Sun Dec 26 2021 00:00:00 GMT+0700 (Indochina Time),$1248
Mon Dec 27 2021 00:00:00 GMT+0700 (Indochina Time),$1248
Tue Dec 28 2021 00:00:00 GMT+0700 (Indochina Time),$1248
Wed Dec 29 2021 00:00:00 GMT+0700 (Indochina Time),$1248
Thu Dec 30 2021 00:00:00 GMT+0700 (Indochina Time),$1248
Fri Dec 31 2021 00:00:00 GMT+0700 (Indochina Time),$1248
Sat Jan 01 2022 00:00:00 GMT+0700 (Indochina Time),$1248
Sun Jan 02 2022 00:00:00 GMT+0700 (Indochina Time),$1248
Mon Jan 03 2022 00:00:00 GMT+0700 (Indochina Time),$1248
Tue Jan 04 2022 00:00:00 GMT+0700 (Indochina Time),$1248
Wed Jan 05 2022 00:00:00 GMT+0700 (Indochina Time),$1248
Thu Jan 06 2022 00:00:00 GMT+0700 (Indochina Time),$1255
Fri Jan 07 2022 00:00:00 GMT+0700 (Indochina Time),$1261
Sat Jan 08 2022 00:00:00 GMT+0700 (Indochina Time),$1261
Sun Jan 09 2022 00:00:00 GMT+0700 (Indochina Time),$1261
Mon Jan 10 2022 00:00:00 GMT+0700 (Indochina Time),$1261
Tue Jan 11 2022 00:00:00 GMT+0700 (Indochina Time),$1259
Wed Jan 12 2022 00:00:00 GMT+0700 (Indochina Time),$1259
Thu Jan 13 2022 00:00:00 GMT+0700 (Indochina Time),$1248
Fri Jan 14 2022 00:00:00 GMT+0700 (Indochina Time),$1241
Sat Jan 15 2022 00:00:00 GMT+0700 (Indochina Time),$1241
Sun Jan 16 2022 00:00:00 GMT+0700 (Indochina Time),$1241
Mon Jan 17 2022 00:00:00 GMT+0700 (Indochina Time),$1241
Tue Jan 18 2022 00:00:00 GMT+0700 (Indochina Time),$1241
Wed Jan 19 2022 00:00:00 GMT+0700 (Indochina Time),$1241
Thu Jan 20 2022 00:00:00 GMT+0700 (Indochina Time),$1241
Fri Jan 21 2022 00:00:00 GMT+0700 (Indochina Time),$1241
Sat Jan 22 2022 00:00:00 GMT+0700 (Indochina Time),$1241
Sun Jan 23 2022 00:00:00 GMT+0700 (Indochina Time),$1237
Mon Jan 24 2022 00:00:00 GMT+0700 (Indochina Time),$1237
Tue Jan 25 2022 00:00:00 GMT+0700 (Indochina Time),$1237
Wed Jan 26 2022 00:00:00 GMT+0700 (Indochina Time),$1237
Thu Jan 27 2022 00:00:00 GMT+0700 (Indochina Time),$1237
Fri Jan 28 2022 00:00:00 GMT+0700 (Indochina Time),$1237
Sat Jan 29 2022 00:00:00 GMT+0700 (Indochina Time),$1243
Sun Jan 30 2022 00:00:00 GMT+0700 (Indochina Time),$1236
Mon Jan 31 2022 00:00:00 GMT+0700 (Indochina Time),$1236
Tue Feb 01 2022 00:00:00 GMT+0700 (Indochina Time),$1236
Wed Feb 02 2022 00:00:00 GMT+0700 (Indochina Time),$1236
Thu Feb 03 2022 00:00:00 GMT+0700 (Indochina Time),$1236
Fri Feb 04 2022 00:00:00 GMT+0700 (Indochina Time),$1236
Sat Feb 05 2022 00:00:00 GMT+0700 (Indochina Time),$1249
Sun Feb 06 2022 00:00:00 GMT+0700 (Indochina Time),$1249
Mon Feb 07 2022 00:00:00 GMT+0700 (Indochina Time),$1249
Tue Feb 08 2022 00:00:00 GMT+0700 (Indochina Time),$1249
Wed Feb 09 2022 00:00:00 GMT+0700 (Indochina Time),$1249
Thu Feb 10 2022 00:00:00 GMT+0700 (Indochina Time),$1249
Fri Feb 11 2022 00:00:00 GMT+0700 (Indochina Time),$1241
Sat Feb 12 2022 00:00:00 GMT+0700 (Indochina Time),$1241
Sun Feb 13 2022 00:00:00 GMT+0700 (Indochina Time),$1241
Mon Feb 14 2022 00:00:00 GMT+0700 (Indochina Time),$1241
Tue Feb 15 2022 00:00:00 GMT+0700 (Indochina Time),$1241
Wed Feb 16 2022 00:00:00 GMT+0700 (Indochina Time),$1241
Thu Feb 17 2022 00:00:00 GMT+0700 (Indochina Time),$1241
Fri Feb 18 2022 00:00:00 GMT+0700 (Indochina Time),$1241
Sat Feb 19 2022 00:00:00 GMT+0700 (Indochina Time),$1241
Sun Feb 20 2022 00:00:00 GMT+0700 (Indochina Time),$1241
Mon Feb 21 2022 00:00:00 GMT+0700 (Indochina Time),$1241
Tue Feb 22 2022 00:00:00 GMT+0700 (Indochina Time),$1241
Wed Feb 23 2022 00:00:00 GMT+0700 (Indochina Time),$1241
Thu Feb 24 2022 00:00:00 GMT+0700 (Indochina Time),$1241
Fri Feb 25 2022 00:00:00 GMT+0700 (Indochina Time),$1241
Sat Feb 26 2022 00:00:00 GMT+0700 (Indochina Time),$1233
Sun Feb 27 2022 00:00:00 GMT+0700 (Indochina Time),$1233
Mon Feb 28 2022 00:00:00 GMT+0700 (Indochina Time),$1233
Tue Mar 01 2022 00:00:00 GMT+0700 (Indochina Time),$1233
Wed Mar 02 2022 00:00:00 GMT+0700 (Indochina Time),$1233
Thu Mar 03 2022 00:00:00 GMT+0700 (Indochina Time),$1233
Fri Mar 04 2022 00:00:00 GMT+0700 (Indochina Time),$1233
Sat Mar 05 2022 00:00:00 GMT+0700 (Indochina Time),$1233
Sun Mar 06 2022 00:00:00 GMT+0700 (Indochina Time),$1233
Mon Mar 07 2022 00:00:00 GMT+0700 (Indochina Time),$1237
Tue Mar 08 2022 00:00:00 GMT+0700 (Indochina Time),$1237
